sequence_id,backbone_key,target_id,temperature,backbone_source,soluprot,plddt,rmsd_nonloop_order,rmsd_all_ca_order,correspondence,n_non_loop,designed_length,x_placeholders,reference_sha256,model_path,af2_model_preset,af2_db_preset,af2_max_template_date,status,error
1hufA00|rfd3|rfd3_inputs_spec-1_0_model_1_retry_1_2|T0.05|1,1hufA00|rfd3|rfd3_inputs_spec-1_0_model_1_retry_1_2,1hufA00,0.05,rfd3,0.7913377794531602,66.8330081300813,7.209291390245603,8.7256,file_order,81,123,0,2c52dfeb81faaad3953f73787733525de8bb081075fafabe8d1d23edbf9c4729,public_data/benchmark/gate0/temperature_panel2/models/1hufA00_rfd3_rfd3_inputs_spec-1_0_model_1_retry_1_2_T0.05_1.pdb.gz,monomer,full_dbs,2020-05-14,ok,
1hufA00|rfd3|rfd3_inputs_spec-1_0_model_1_retry_1_2|T0.05|0,1hufA00|rfd3|rfd3_inputs_spec-1_0_model_1_retry_1_2,1hufA00,0.05,rfd3,0.7033057206061241,62.248943089430895,6.219635309118098,7.1592,file_order,81,123,0,2c52dfeb81faaad3953f73787733525de8bb081075fafabe8d1d23edbf9c4729,public_data/benchmark/gate0/temperature_panel2/models/1hufA00_rfd3_rfd3_inputs_spec-1_0_model_1_retry_1_2_T0.05_0.pdb.gz,monomer,full_dbs,2020-05-14,ok,
1hufA00|rfd3|rfd3_inputs_spec-1_0_model_1_retry_1_2|T0.05|3,1hufA00|rfd3|rfd3_inputs_spec-1_0_model_1_retry_1_2,1hufA00,0.05,rfd3,0.685013889199947,67.19447154471544,6.421345810216658,7.1848,file_order,81,123,0,2c52dfeb81faaad3953f73787733525de8bb081075fafabe8d1d23edbf9c4729,public_data/benchmark/gate0/temperature_panel2/models/1hufA00_rfd3_rfd3_inputs_spec-1_0_model_1_retry_1_2_T0.05_3.pdb.gz,monomer,full_dbs,2020-05-14,ok,
1hufA00|rfd3|rfd3_inputs_spec-1_0_model_1_retry_1_2|T0.05|2,1hufA00|rfd3|rfd3_inputs_spec-1_0_model_1_retry_1_2,1hufA00,0.05,rfd3,0.8100109459433987,62.69130081300813,5.107711784737642,7.4159,file_order,81,123,0,2c52dfeb81faaad3953f73787733525de8bb081075fafabe8d1d23edbf9c4729,public_data/benchmark/gate0/temperature_panel2/models/1hufA00_rfd3_rfd3_inputs_spec-1_0_model_1_retry_1_2_T0.05_2.pdb.gz,monomer,full_dbs,2020-05-14,ok,
1hufA00|rfd3|rfd3_inputs_spec-1_0_model_1_retry_1_2|T0.05|4,1hufA00|rfd3|rfd3_inputs_spec-1_0_model_1_retry_1_2,1hufA00,0.05,rfd3,0.794806677610986,81.86414634146342,0.8279868385547552,1.7411,file_order,81,123,0,2c52dfeb81faaad3953f73787733525de8bb081075fafabe8d1d23edbf9c4729,public_data/benchmark/gate0/temperature_panel2/models/1hufA00_rfd3_rfd3_inputs_spec-1_0_model_1_retry_1_2_T0.05_4.pdb.gz,monomer,full_dbs,2020-05-14,ok,
1hufA00|rfd3|rfd3_inputs_spec-1_0_model_1_retry_1_2|T0.05|7,1hufA00|rfd3|rfd3_inputs_spec-1_0_model_1_retry_1_2,1hufA00,0.05,rfd3,0.7834445510455897,69.67056910569106,1.362428484773969,2.6932,file_order,81,123,0,2c52dfeb81faaad3953f73787733525de8bb081075fafabe8d1d23edbf9c4729,public_data/benchmark/gate0/temperature_panel2/models/1hufA00_rfd3_rfd3_inputs_spec-1_0_model_1_retry_1_2_T0.05_7.pdb.gz,monomer,full_dbs,2020-05-14,ok,
1hufA00|rfd3|rfd3_inputs_spec-1_0_model_1_retry_1_2|T0.05|6,1hufA00|rfd3|rfd3_inputs_spec-1_0_model_1_retry_1_2,1hufA00,0.05,rfd3,0.6414788633601878,69.10504065040651,7.057911821235826,7.9507,file_order,81,123,0,2c52dfeb81faaad3953f73787733525de8bb081075fafabe8d1d23edbf9c4729,public_data/benchmark/gate0/temperature_panel2/models/1hufA00_rfd3_rfd3_inputs_spec-1_0_model_1_retry_1_2_T0.05_6.pdb.gz,monomer,full_dbs,2020-05-14,ok,
1hufA00|rfd3|rfd3_inputs_spec-1_0_model_1_retry_1_2|T0.05|5,1hufA00|rfd3|rfd3_inputs_spec-1_0_model_1_retry_1_2,1hufA00,0.05,rfd3,0.5621965116856681,77.41699186991869,1.374502616740279,2.1224,file_order,81,123,0,2c52dfeb81faaad3953f73787733525de8bb081075fafabe8d1d23edbf9c4729,public_data/benchmark/gate0/temperature_panel2/models/1hufA00_rfd3_rfd3_inputs_spec-1_0_model_1_retry_1_2_T0.05_5.pdb.gz,monomer,full_dbs,2020-05-14,ok,
1hufA00|rfd3|rfd3_inputs_spec-1_0_model_1_retry_1_2|T0.1|2,1hufA00|rfd3|rfd3_inputs_spec-1_0_model_1_retry_1_2,1hufA00,0.1,rfd3,0.7404781611106664,62.934715447154474,6.814779023534732,7.5955,file_order,81,123,0,2c52dfeb81faaad3953f73787733525de8bb081075fafabe8d1d23edbf9c4729,public_data/benchmark/gate0/temperature_panel2/models/1hufA00_rfd3_rfd3_inputs_spec-1_0_model_1_retry_1_2_T0.1_2.pdb.gz,monomer,full_dbs,2020-05-14,ok,
1hufA00|rfd3|rfd3_inputs_spec-1_0_model_1_retry_1_2|T0.1|0,1hufA00|rfd3|rfd3_inputs_spec-1_0_model_1_retry_1_2,1hufA00,0.1,rfd3,0.800838733670949,70.68853658536585,5.926347449655298,7.4804,file_order,81,123,0,2c52dfeb81faaad3953f73787733525de8bb081075fafabe8d1d23edbf9c4729,public_data/benchmark/gate0/temperature_panel2/models/1hufA00_rfd3_rfd3_inputs_spec-1_0_model_1_retry_1_2_T0.1_0.pdb.gz,monomer,full_dbs,2020-05-14,ok,
1hufA00|rfd3|rfd3_inputs_spec-1_0_model_1_retry_1_2|T0.1|4,1hufA00|rfd3|rfd3_inputs_spec-1_0_model_1_retry_1_2,1hufA00,0.1,rfd3,0.794806677610986,69.35065040650406,2.5832184249990697,4.4211,file_order,81,123,0,2c52dfeb81faaad3953f73787733525de8bb081075fafabe8d1d23edbf9c4729,public_data/benchmark/gate0/temperature_panel2/models/1hufA00_rfd3_rfd3_inputs_spec-1_0_model_1_retry_1_2_T0.1_4.pdb.gz,monomer,full_dbs,2020-05-14,ok,
1hufA00|rfd3|rfd3_inputs_spec-1_0_model_1_retry_1_2|T0.1|1,1hufA00|rfd3|rfd3_inputs_spec-1_0_model_1_retry_1_2,1hufA00,0.1,rfd3,0.4917893560294638,72.56691056910569,2.1475981423510957,3.4582,file_order,81,123,0,2c52dfeb81faaad3953f73787733525de8bb081075fafabe8d1d23edbf9c4729,public_data/benchmark/gate0/temperature_panel2/models/1hufA00_rfd3_rfd3_inputs_spec-1_0_model_1_retry_1_2_T0.1_1.pdb.gz,monomer,full_dbs,2020-05-14,ok,
1hufA00|rfd3|rfd3_inputs_spec-1_0_model_1_retry_1_2|T0.1|6,1hufA00|rfd3|rfd3_inputs_spec-1_0_model_1_retry_1_2,1hufA00,0.1,rfd3,0.7212949952056049,73.19902439024389,1.1257887716698916,2.0352,file_order,81,123,0,2c52dfeb81faaad3953f73787733525de8bb081075fafabe8d1d23edbf9c4729,public_data/benchmark/gate0/temperature_panel2/models/1hufA00_rfd3_rfd3_inputs_spec-1_0_model_1_retry_1_2_T0.1_6.pdb.gz,monomer,full_dbs,2020-05-14,ok,
1hufA00|rfd3|rfd3_inputs_spec-1_0_model_1_retry_1_2|T0.1|7,1hufA00|rfd3|rfd3_inputs_spec-1_0_model_1_retry_1_2,1hufA00,0.1,rfd3,0.5141425680697755,46.48780487804878,11.557985459081095,13.207,file_order,81,123,0,2c52dfeb81faaad3953f73787733525de8bb081075fafabe8d1d23edbf9c4729,public_data/benchmark/gate0/temperature_panel2/models/1hufA00_rfd3_rfd3_inputs_spec-1_0_model_1_retry_1_2_T0.1_7.pdb.gz,monomer,full_dbs,2020-05-14,ok,
1hufA00|rfd3|rfd3_inputs_spec-1_0_model_1_retry_1_2|T0.1|3,1hufA00|rfd3|rfd3_inputs_spec-1_0_model_1_retry_1_2,1hufA00,0.1,rfd3,0.7643918612492764,64.88886178861789,8.466162257924495,9.5894,file_order,81,123,0,2c52dfeb81faaad3953f73787733525de8bb081075fafabe8d1d23edbf9c4729,public_data/benchmark/gate0/temperature_panel2/models/1hufA00_rfd3_rfd3_inputs_spec-1_0_model_1_retry_1_2_T0.1_3.pdb.gz,monomer,full_dbs,2020-05-14,ok,
1hufA00|rfd3|rfd3_inputs_spec-1_0_model_1_retry_1_2|T0.1|5,1hufA00|rfd3|rfd3_inputs_spec-1_0_model_1_retry_1_2,1hufA00,0.1,rfd3,0.7133826535011346,80.17308943089432,0.9537565032173156,2.3211,file_order,81,123,0,2c52dfeb81faaad3953f73787733525de8bb081075fafabe8d1d23edbf9c4729,public_data/benchmark/gate0/temperature_panel2/models/1hufA00_rfd3_rfd3_inputs_spec-1_0_model_1_retry_1_2_T0.1_5.pdb.gz,monomer,full_dbs,2020-05-14,ok,
1hufA00|rfd3|rfd3_inputs_spec-1_0_model_1_retry_1_2|T0.2|2,1hufA00|rfd3|rfd3_inputs_spec-1_0_model_1_retry_1_2,1hufA00,0.2,rfd3,0.7036449039883794,68.0120325203252,7.029645867270426,7.9715,file_order,81,123,0,2c52dfeb81faaad3953f73787733525de8bb081075fafabe8d1d23edbf9c4729,public_data/benchmark/gate0/temperature_panel2/models/1hufA00_rfd3_rfd3_inputs_spec-1_0_model_1_retry_1_2_T0.2_2.pdb.gz,monomer,full_dbs,2020-05-14,ok,
1hufA00|rfd3|rfd3_inputs_spec-1_0_model_1_retry_1_2|T0.2|0,1hufA00|rfd3|rfd3_inputs_spec-1_0_model_1_retry_1_2,1hufA00,0.2,rfd3,0.6614121301671961,68.76536585365854,2.3504270453422613,2.9751,file_order,81,123,0,2c52dfeb81faaad3953f73787733525de8bb081075fafabe8d1d23edbf9c4729,public_data/benchmark/gate0/temperature_panel2/models/1hufA00_rfd3_rfd3_inputs_spec-1_0_model_1_retry_1_2_T0.2_0.pdb.gz,monomer,full_dbs,2020-05-14,ok,
1hufA00|rfd3|rfd3_inputs_spec-1_0_model_1_retry_1_2|T0.2|4,1hufA00|rfd3|rfd3_inputs_spec-1_0_model_1_retry_1_2,1hufA00,0.2,rfd3,0.7373412446327904,62.66560975609756,5.69075336520583,6.4329,file_order,81,123,0,2c52dfeb81faaad3953f73787733525de8bb081075fafabe8d1d23edbf9c4729,public_data/benchmark/gate0/temperature_panel2/models/1hufA00_rfd3_rfd3_inputs_spec-1_0_model_1_retry_1_2_T0.2_4.pdb.gz,monomer,full_dbs,2020-05-14,ok,
1hufA00|rfd3|rfd3_inputs_spec-1_0_model_1_retry_1_2|T0.2|5,1hufA00|rfd3|rfd3_inputs_spec-1_0_model_1_retry_1_2,1hufA00,0.2,rfd3,0.7733486543871971,63.398048780487805,7.2827817670356065,8.3483,file_order,81,123,0,2c52dfeb81faaad3953f73787733525de8bb081075fafabe8d1d23edbf9c4729,public_data/benchmark/gate0/temperature_panel2/models/1hufA00_rfd3_rfd3_inputs_spec-1_0_model_1_retry_1_2_T0.2_5.pdb.gz,monomer,full_dbs,2020-05-14,ok,
1hufA00|rfd3|rfd3_inputs_spec-1_0_model_1_retry_1_2|T0.2|6,1hufA00|rfd3|rfd3_inputs_spec-1_0_model_1_retry_1_2,1hufA00,0.2,rfd3,0.6718904957666735,52.36317073170732,5.435212014058523,8.1022,file_order,81,123,0,2c52dfeb81faaad3953f73787733525de8bb081075fafabe8d1d23edbf9c4729,public_data/benchmark/gate0/temperature_panel2/models/1hufA00_rfd3_rfd3_inputs_spec-1_0_model_1_retry_1_2_T0.2_6.pdb.gz,monomer,full_dbs,2020-05-14,ok,
1hufA00|rfd3|rfd3_inputs_spec-1_0_model_1_retry_1_2|T0.2|7,1hufA00|rfd3|rfd3_inputs_spec-1_0_model_1_retry_1_2,1hufA00,0.2,rfd3,0.836914478557437,70.97414634146341,0.9916897477110618,2.2124,file_order,81,123,0,2c52dfeb81faaad3953f73787733525de8bb081075fafabe8d1d23edbf9c4729,public_data/benchmark/gate0/temperature_panel2/models/1hufA00_rfd3_rfd3_inputs_spec-1_0_model_1_retry_1_2_T0.2_7.pdb.gz,monomer,full_dbs,2020-05-14,ok,
1hufA00|rfd3|rfd3_inputs_spec-1_0_model_1_retry_1_2|T0.3|0,1hufA00|rfd3|rfd3_inputs_spec-1_0_model_1_retry_1_2,1hufA00,0.3,rfd3,0.7500467783225431,76.07536585365854,6.178323416282808,7.8199,file_order,81,123,0,2c52dfeb81faaad3953f73787733525de8bb081075fafabe8d1d23edbf9c4729,public_data/benchmark/gate0/temperature_panel2/models/1hufA00_rfd3_rfd3_inputs_spec-1_0_model_1_retry_1_2_T0.3_0.pdb.gz,monomer,full_dbs,2020-05-14,ok,
1hufA00|rfd3|rfd3_inputs_spec-1_0_model_1_retry_1_2|T0.3|1,1hufA00|rfd3|rfd3_inputs_spec-1_0_model_1_retry_1_2,1hufA00,0.3,rfd3,0.7448287641394562,75.1250406504065,7.653273295335237,9.2838,file_order,81,123,0,2c52dfeb81faaad3953f73787733525de8bb081075fafabe8d1d23edbf9c4729,public_data/benchmark/gate0/temperature_panel2/models/1hufA00_rfd3_rfd3_inputs_spec-1_0_model_1_retry_1_2_T0.3_1.pdb.gz,monomer,full_dbs,2020-05-14,ok,
1hufA00|rfd3|rfd3_inputs_spec-1_0_model_1_retry_1_2|T0.3|2,1hufA00|rfd3|rfd3_inputs_spec-1_0_model_1_retry_1_2,1hufA00,0.3,rfd3,0.654459350883983,62.75951219512195,6.929485140167922,8.4051,file_order,81,123,0,2c52dfeb81faaad3953f73787733525de8bb081075fafabe8d1d23edbf9c4729,public_data/benchmark/gate0/temperature_panel2/models/1hufA00_rfd3_rfd3_inputs_spec-1_0_model_1_retry_1_2_T0.3_2.pdb.gz,monomer,full_dbs,2020-05-14,ok,
1hufA00|rfd3|rfd3_inputs_spec-1_0_model_1_retry_1_2|T0.3|3,1hufA00|rfd3|rfd3_inputs_spec-1_0_model_1_retry_1_2,1hufA00,0.3,rfd3,0.7123842120992313,56.23772357723577,5.786798487864407,6.5011,file_order,81,123,0,2c52dfeb81faaad3953f73787733525de8bb081075fafabe8d1d23edbf9c4729,public_data/benchmark/gate0/temperature_panel2/models/1hufA00_rfd3_rfd3_inputs_spec-1_0_model_1_retry_1_2_T0.3_3.pdb.gz,monomer,full_dbs,2020-05-14,ok,
1hufA00|rfd3|rfd3_inputs_spec-1_0_model_1_retry_1_2|T0.3|4,1hufA00|rfd3|rfd3_inputs_spec-1_0_model_1_retry_1_2,1hufA00,0.3,rfd3,0.5954800102837483,63.84780487804878,7.021190906575142,7.7848,file_order,81,123,0,2c52dfeb81faaad3953f73787733525de8bb081075fafabe8d1d23edbf9c4729,public_data/benchmark/gate0/temperature_panel2/models/1hufA00_rfd3_rfd3_inputs_spec-1_0_model_1_retry_1_2_T0.3_4.pdb.gz,monomer,full_dbs,2020-05-14,ok,
1hufA00|rfd3|rfd3_inputs_spec-1_0_model_1_retry_1_2|T0.3|5,1hufA00|rfd3|rfd3_inputs_spec-1_0_model_1_retry_1_2,1hufA00,0.3,rfd3,0.7176851711619318,76.78081300813008,0.8009579244047813,1.4768,file_order,81,123,0,2c52dfeb81faaad3953f73787733525de8bb081075fafabe8d1d23edbf9c4729,public_data/benchmark/gate0/temperature_panel2/models/1hufA00_rfd3_rfd3_inputs_spec-1_0_model_1_retry_1_2_T0.3_5.pdb.gz,monomer,full_dbs,2020-05-14,ok,
1hufA00|rfd3|rfd3_inputs_spec-1_0_model_1_retry_1_2|T0.3|6,1hufA00|rfd3|rfd3_inputs_spec-1_0_model_1_retry_1_2,1hufA00,0.3,rfd3,0.6999015864387881,77.61447154471544,3.659283970142526,5.4489,file_order,81,123,0,2c52dfeb81faaad3953f73787733525de8bb081075fafabe8d1d23edbf9c4729,public_data/benchmark/gate0/temperature_panel2/models/1hufA00_rfd3_rfd3_inputs_spec-1_0_model_1_retry_1_2_T0.3_6.pdb.gz,monomer,full_dbs,2020-05-14,ok,
1hufA00|rfd3|rfd3_inputs_spec-1_0_model_1_retry_1_2|T0.3|7,1hufA00|rfd3|rfd3_inputs_spec-1_0_model_1_retry_1_2,1hufA00,0.3,rfd3,0.695443056356975,52.4489430894309,10.777833046605695,11.7164,file_order,81,123,0,2c52dfeb81faaad3953f73787733525de8bb081075fafabe8d1d23edbf9c4729,public_data/benchmark/gate0/temperature_panel2/models/1hufA00_rfd3_rfd3_inputs_spec-1_0_model_1_retry_1_2_T0.3_7.pdb.gz,monomer,full_dbs,2020-05-14,ok,
1jygA00|rfd3|rfd3_inputs_spec-1_0_model_0|T0.05|0,1jygA00|rfd3|rfd3_inputs_spec-1_0_model_0,1jygA00,0.05,rfd3,0.7318556756810548,76.62463768115943,2.3908490757031893,3.5654,file_order,46,69,0,1b6d38601e3b15a63fe93c13095163f5827158f9ddb67ffd3e1ff7d4ee4f4a69,public_data/benchmark/gate0/temperature_panel2/models/1jygA00_rfd3_rfd3_inputs_spec-1_0_model_0_T0.05_0.pdb.gz,monomer,full_dbs,2020-05-14,ok,
1jygA00|rfd3|rfd3_inputs_spec-1_0_model_0|T0.05|2,1jygA00|rfd3|rfd3_inputs_spec-1_0_model_0,1jygA00,0.05,rfd3,0.7335586918343197,76.1555072463768,1.8697520691122735,2.5546,file_order,46,69,0,1b6d38601e3b15a63fe93c13095163f5827158f9ddb67ffd3e1ff7d4ee4f4a69,public_data/benchmark/gate0/temperature_panel2/models/1jygA00_rfd3_rfd3_inputs_spec-1_0_model_0_T0.05_2.pdb.gz,monomer,full_dbs,2020-05-14,ok,
1jygA00|rfd3|rfd3_inputs_spec-1_0_model_0|T0.05|1,1jygA00|rfd3|rfd3_inputs_spec-1_0_model_0,1jygA00,0.05,rfd3,0.8955739383086047,80.55014492753624,2.417549102163706,3.612,file_order,46,69,0,1b6d38601e3b15a63fe93c13095163f5827158f9ddb67ffd3e1ff7d4ee4f4a69,public_data/benchmark/gate0/temperature_panel2/models/1jygA00_rfd3_rfd3_inputs_spec-1_0_model_0_T0.05_1.pdb.gz,monomer,full_dbs,2020-05-14,ok,
1jygA00|rfd3|rfd3_inputs_spec-1_0_model_0|T0.05|3,1jygA00|rfd3|rfd3_inputs_spec-1_0_model_0,1jygA00,0.05,rfd3,0.8357920707374401,76.99956521739131,1.849709846581902,2.596,file_order,46,69,0,1b6d38601e3b15a63fe93c13095163f5827158f9ddb67ffd3e1ff7d4ee4f4a69,public_data/benchmark/gate0/temperature_panel2/models/1jygA00_rfd3_rfd3_inputs_spec-1_0_model_0_T0.05_3.pdb.gz,monomer,full_dbs,2020-05-14,ok,
1jygA00|rfd3|rfd3_inputs_spec-1_0_model_0|T0.05|4,1jygA00|rfd3|rfd3_inputs_spec-1_0_model_0,1jygA00,0.05,rfd3,0.8373771131619434,72.23,2.6812587100170213,4.2373,file_order,46,69,0,1b6d38601e3b15a63fe93c13095163f5827158f9ddb67ffd3e1ff7d4ee4f4a69,public_data/benchmark/gate0/temperature_panel2/models/1jygA00_rfd3_rfd3_inputs_spec-1_0_model_0_T0.05_4.pdb.gz,monomer,full_dbs,2020-05-14,ok,
1jygA00|rfd3|rfd3_inputs_spec-1_0_model_0|T0.05|5,1jygA00|rfd3|rfd3_inputs_spec-1_0_model_0,1jygA00,0.05,rfd3,0.8488740336108779,74.03434782608696,2.7907354935287074,3.9065,file_order,46,69,0,1b6d38601e3b15a63fe93c13095163f5827158f9ddb67ffd3e1ff7d4ee4f4a69,public_data/benchmark/gate0/temperature_panel2/models/1jygA00_rfd3_rfd3_inputs_spec-1_0_model_0_T0.05_5.pdb.gz,monomer,full_dbs,2020-05-14,ok,
1jygA00|rfd3|rfd3_inputs_spec-1_0_model_0|T0.05|6,1jygA00|rfd3|rfd3_inputs_spec-1_0_model_0,1jygA00,0.05,rfd3,0.8451178518667501,79.2036231884058,2.6939731111127356,3.8457,file_order,46,69,0,1b6d38601e3b15a63fe93c13095163f5827158f9ddb67ffd3e1ff7d4ee4f4a69,public_data/benchmark/gate0/temperature_panel2/models/1jygA00_rfd3_rfd3_inputs_spec-1_0_model_0_T0.05_6.pdb.gz,monomer,full_dbs,2020-05-14,ok,
1jygA00|rfd3|rfd3_inputs_spec-1_0_model_0|T0.05|7,1jygA00|rfd3|rfd3_inputs_spec-1_0_model_0,1jygA00,0.05,rfd3,0.8529190038684134,80.16304347826087,3.0682943566390906,4.2812,file_order,46,69,0,1b6d38601e3b15a63fe93c13095163f5827158f9ddb67ffd3e1ff7d4ee4f4a69,public_data/benchmark/gate0/temperature_panel2/models/1jygA00_rfd3_rfd3_inputs_spec-1_0_model_0_T0.05_7.pdb.gz,monomer,full_dbs,2020-05-14,ok,
1jygA00|rfd3|rfd3_inputs_spec-1_0_model_0|T0.1|0,1jygA00|rfd3|rfd3_inputs_spec-1_0_model_0,1jygA00,0.1,rfd3,0.8055655165267512,77.86260869565218,2.0163429005388034,2.9581,file_order,46,69,0,1b6d38601e3b15a63fe93c13095163f5827158f9ddb67ffd3e1ff7d4ee4f4a69,public_data/benchmark/gate0/temperature_panel2/models/1jygA00_rfd3_rfd3_inputs_spec-1_0_model_0_T0.1_0.pdb.gz,monomer,full_dbs,2020-05-14,ok,
1jygA00|rfd3|rfd3_inputs_spec-1_0_model_0|T0.1|1,1jygA00|rfd3|rfd3_inputs_spec-1_0_model_0,1jygA00,0.1,rfd3,0.8337933398782196,77.36985507246376,2.2577199316139853,3.1523,file_order,46,69,0,1b6d38601e3b15a63fe93c13095163f5827158f9ddb67ffd3e1ff7d4ee4f4a69,public_data/benchmark/gate0/temperature_panel2/models/1jygA00_rfd3_rfd3_inputs_spec-1_0_model_0_T0.1_1.pdb.gz,monomer,full_dbs,2020-05-14,ok,
1jygA00|rfd3|rfd3_inputs_spec-1_0_model_0|T0.1|2,1jygA00|rfd3|rfd3_inputs_spec-1_0_model_0,1jygA00,0.1,rfd3,0.8634962751238788,77.5104347826087,2.281009219548519,3.5661,file_order,46,69,0,1b6d38601e3b15a63fe93c13095163f5827158f9ddb67ffd3e1ff7d4ee4f4a69,public_data/benchmark/gate0/temperature_panel2/models/1jygA00_rfd3_rfd3_inputs_spec-1_0_model_0_T0.1_2.pdb.gz,monomer,full_dbs,2020-05-14,ok,
1jygA00|rfd3|rfd3_inputs_spec-1_0_model_0|T0.1|3,1jygA00|rfd3|rfd3_inputs_spec-1_0_model_0,1jygA00,0.1,rfd3,0.7587954579574099,71.89159420289856,2.3395583112448364,3.2093,file_order,46,69,0,1b6d38601e3b15a63fe93c13095163f5827158f9ddb67ffd3e1ff7d4ee4f4a69,public_data/benchmark/gate0/temperature_panel2/models/1jygA00_rfd3_rfd3_inputs_spec-1_0_model_0_T0.1_3.pdb.gz,monomer,full_dbs,2020-05-14,ok,
1jygA00|rfd3|rfd3_inputs_spec-1_0_model_0|T0.1|4,1jygA00|rfd3|rfd3_inputs_spec-1_0_model_0,1jygA00,0.1,rfd3,0.8911564717697218,77.70855072463769,1.8332357387970255,2.7891,file_order,46,69,0,1b6d38601e3b15a63fe93c13095163f5827158f9ddb67ffd3e1ff7d4ee4f4a69,public_data/benchmark/gate0/temperature_panel2/models/1jygA00_rfd3_rfd3_inputs_spec-1_0_model_0_T0.1_4.pdb.gz,monomer,full_dbs,2020-05-14,ok,
1jygA00|rfd3|rfd3_inputs_spec-1_0_model_0|T0.1|5,1jygA00|rfd3|rfd3_inputs_spec-1_0_model_0,1jygA00,0.1,rfd3,0.786760384517171,79.56478260869565,1.5029633834605567,2.0434,file_order,46,69,0,1b6d38601e3b15a63fe93c13095163f5827158f9ddb67ffd3e1ff7d4ee4f4a69,public_data/benchmark/gate0/temperature_panel2/models/1jygA00_rfd3_rfd3_inputs_spec-1_0_model_0_T0.1_5.pdb.gz,monomer,full_dbs,2020-05-14,ok,
1jygA00|rfd3|rfd3_inputs_spec-1_0_model_0|T0.1|6,1jygA00|rfd3|rfd3_inputs_spec-1_0_model_0,1jygA00,0.1,rfd3,0.8614333650650314,77.1591304347826,2.3759166498847453,3.4325,file_order,46,69,0,1b6d38601e3b15a63fe93c13095163f5827158f9ddb67ffd3e1ff7d4ee4f4a69,public_data/benchmark/gate0/temperature_panel2/models/1jygA00_rfd3_rfd3_inputs_spec-1_0_model_0_T0.1_6.pdb.gz,monomer,full_dbs,2020-05-14,ok,
1jygA00|rfd3|rfd3_inputs_spec-1_0_model_0|T0.1|7,1jygA00|rfd3|rfd3_inputs_spec-1_0_model_0,1jygA00,0.1,rfd3,0.863154261512189,73.76608695652173,2.572493771547263,4.0841,file_order,46,69,0,1b6d38601e3b15a63fe93c13095163f5827158f9ddb67ffd3e1ff7d4ee4f4a69,public_data/benchmark/gate0/temperature_panel2/models/1jygA00_rfd3_rfd3_inputs_spec-1_0_model_0_T0.1_7.pdb.gz,monomer,full_dbs,2020-05-14,ok,
1jygA00|rfd3|rfd3_inputs_spec-1_0_model_0|T0.2|0,1jygA00|rfd3|rfd3_inputs_spec-1_0_model_0,1jygA00,0.2,rfd3,0.6544913250614078,77.86057971014493,1.6230803882451976,2.0959,file_order,46,69,0,1b6d38601e3b15a63fe93c13095163f5827158f9ddb67ffd3e1ff7d4ee4f4a69,public_data/benchmark/gate0/temperature_panel2/models/1jygA00_rfd3_rfd3_inputs_spec-1_0_model_0_T0.2_0.pdb.gz,monomer,full_dbs,2020-05-14,ok,
1jygA00|rfd3|rfd3_inputs_spec-1_0_model_0|T0.2|1,1jygA00|rfd3|rfd3_inputs_spec-1_0_model_0,1jygA00,0.2,rfd3,0.8333912641700261,74.27420289855073,1.9388361985878806,3.0692,file_order,46,69,0,1b6d38601e3b15a63fe93c13095163f5827158f9ddb67ffd3e1ff7d4ee4f4a69,public_data/benchmark/gate0/temperature_panel2/models/1jygA00_rfd3_rfd3_inputs_spec-1_0_model_0_T0.2_1.pdb.gz,monomer,full_dbs,2020-05-14,ok,
1jygA00|rfd3|rfd3_inputs_spec-1_0_model_0|T0.2|2,1jygA00|rfd3|rfd3_inputs_spec-1_0_model_0,1jygA00,0.2,rfd3,0.8473806251796682,74.99217391304347,2.287687134804643,3.4274,file_order,46,69,0,1b6d38601e3b15a63fe93c13095163f5827158f9ddb67ffd3e1ff7d4ee4f4a69,public_data/benchmark/gate0/temperature_panel2/models/1jygA00_rfd3_rfd3_inputs_spec-1_0_model_0_T0.2_2.pdb.gz,monomer,full_dbs,2020-05-14,ok,
1jygA00|rfd3|rfd3_inputs_spec-1_0_model_0|T0.2|3,1jygA00|rfd3|rfd3_inputs_spec-1_0_model_0,1jygA00,0.2,rfd3,0.8668769541947279,78.97275362318841,2.109995372982596,2.8359,file_order,46,69,0,1b6d38601e3b15a63fe93c13095163f5827158f9ddb67ffd3e1ff7d4ee4f4a69,public_data/benchmark/gate0/temperature_panel2/models/1jygA00_rfd3_rfd3_inputs_spec-1_0_model_0_T0.2_3.pdb.gz,monomer,full_dbs,2020-05-14,ok,
1jygA00|rfd3|rfd3_inputs_spec-1_0_model_0|T0.2|4,1jygA00|rfd3|rfd3_inputs_spec-1_0_model_0,1jygA00,0.2,rfd3,0.8536447528278659,75.91884057971014,1.9943407011607637,2.8707,file_order,46,69,0,1b6d38601e3b15a63fe93c13095163f5827158f9ddb67ffd3e1ff7d4ee4f4a69,public_data/benchmark/gate0/temperature_panel2/models/1jygA00_rfd3_rfd3_inputs_spec-1_0_model_0_T0.2_4.pdb.gz,monomer,full_dbs,2020-05-14,ok,
1jygA00|rfd3|rfd3_inputs_spec-1_0_model_0|T0.2|5,1jygA00|rfd3|rfd3_inputs_spec-1_0_model_0,1jygA00,0.2,rfd3,0.769759997683086,80.37884057971014,2.466260496034293,3.3828,file_order,46,69,0,1b6d38601e3b15a63fe93c13095163f5827158f9ddb67ffd3e1ff7d4ee4f4a69,public_data/benchmark/gate0/temperature_panel2/models/1jygA00_rfd3_rfd3_inputs_spec-1_0_model_0_T0.2_5.pdb.gz,monomer,full_dbs,2020-05-14,ok,
1jygA00|rfd3|rfd3_inputs_spec-1_0_model_0|T0.2|6,1jygA00|rfd3|rfd3_inputs_spec-1_0_model_0,1jygA00,0.2,rfd3,0.7179858782005596,81.17,1.987328642262291,3.0356,file_order,46,69,0,1b6d38601e3b15a63fe93c13095163f5827158f9ddb67ffd3e1ff7d4ee4f4a69,public_data/benchmark/gate0/temperature_panel2/models/1jygA00_rfd3_rfd3_inputs_spec-1_0_model_0_T0.2_6.pdb.gz,monomer,full_dbs,2020-05-14,ok,
1jygA00|rfd3|rfd3_inputs_spec-1_0_model_0|T0.2|7,1jygA00|rfd3|rfd3_inputs_spec-1_0_model_0,1jygA00,0.2,rfd3,0.8568739626301253,77.46304347826087,1.6551544781378769,2.1887,file_order,46,69,0,1b6d38601e3b15a63fe93c13095163f5827158f9ddb67ffd3e1ff7d4ee4f4a69,public_data/benchmark/gate0/temperature_panel2/models/1jygA00_rfd3_rfd3_inputs_spec-1_0_model_0_T0.2_7.pdb.gz,monomer,full_dbs,2020-05-14,ok,
1jygA00|rfd3|rfd3_inputs_spec-1_0_model_0|T0.3|0,1jygA00|rfd3|rfd3_inputs_spec-1_0_model_0,1jygA00,0.3,rfd3,0.5551371765339014,72.46376811594203,1.6598652254448976,2.5646,file_order,46,69,0,1b6d38601e3b15a63fe93c13095163f5827158f9ddb67ffd3e1ff7d4ee4f4a69,public_data/benchmark/gate0/temperature_panel2/models/1jygA00_rfd3_rfd3_inputs_spec-1_0_model_0_T0.3_0.pdb.gz,monomer,full_dbs,2020-05-14,ok,
1jygA00|rfd3|rfd3_inputs_spec-1_0_model_0|T0.3|1,1jygA00|rfd3|rfd3_inputs_spec-1_0_model_0,1jygA00,0.3,rfd3,0.8109556746253441,76.51942028985508,3.156610592608303,4.5462,file_order,46,69,0,1b6d38601e3b15a63fe93c13095163f5827158f9ddb67ffd3e1ff7d4ee4f4a69,public_data/benchmark/gate0/temperature_panel2/models/1jygA00_rfd3_rfd3_inputs_spec-1_0_model_0_T0.3_1.pdb.gz,monomer,full_dbs,2020-05-14,ok,
1jygA00|rfd3|rfd3_inputs_spec-1_0_model_0|T0.3|2,1jygA00|rfd3|rfd3_inputs_spec-1_0_model_0,1jygA00,0.3,rfd3,0.789181706522253,77.46028985507246,2.440383338301145,3.4929,file_order,46,69,0,1b6d38601e3b15a63fe93c13095163f5827158f9ddb67ffd3e1ff7d4ee4f4a69,public_data/benchmark/gate0/temperature_panel2/models/1jygA00_rfd3_rfd3_inputs_spec-1_0_model_0_T0.3_2.pdb.gz,monomer,full_dbs,2020-05-14,ok,
1jygA00|rfd3|rfd3_inputs_spec-1_0_model_0|T0.3|4,1jygA00|rfd3|rfd3_inputs_spec-1_0_model_0,1jygA00,0.3,rfd3,0.7833365829965677,72.80130434782609,1.8864558303614105,2.8675,file_order,46,69,0,1b6d38601e3b15a63fe93c13095163f5827158f9ddb67ffd3e1ff7d4ee4f4a69,public_data/benchmark/gate0/temperature_panel2/models/1jygA00_rfd3_rfd3_inputs_spec-1_0_model_0_T0.3_4.pdb.gz,monomer,full_dbs,2020-05-14,ok,
1jygA00|rfd3|rfd3_inputs_spec-1_0_model_0|T0.3|3,1jygA00|rfd3|rfd3_inputs_spec-1_0_model_0,1jygA00,0.3,rfd3,0.5849648163213435,80.6836231884058,1.6461787583277627,2.4007,file_order,46,69,0,1b6d38601e3b15a63fe93c13095163f5827158f9ddb67ffd3e1ff7d4ee4f4a69,public_data/benchmark/gate0/temperature_panel2/models/1jygA00_rfd3_rfd3_inputs_spec-1_0_model_0_T0.3_3.pdb.gz,monomer,full_dbs,2020-05-14,ok,
1jygA00|rfd3|rfd3_inputs_spec-1_0_model_0|T0.3|6,1jygA00|rfd3|rfd3_inputs_spec-1_0_model_0,1jygA00,0.3,rfd3,0.8260203626107319,75.53173913043479,2.568646326558333,3.7061,file_order,46,69,0,1b6d38601e3b15a63fe93c13095163f5827158f9ddb67ffd3e1ff7d4ee4f4a69,public_data/benchmark/gate0/temperature_panel2/models/1jygA00_rfd3_rfd3_inputs_spec-1_0_model_0_T0.3_6.pdb.gz,monomer,full_dbs,2020-05-14,ok,
1jygA00|rfd3|rfd3_inputs_spec-1_0_model_0|T0.3|5,1jygA00|rfd3|rfd3_inputs_spec-1_0_model_0,1jygA00,0.3,rfd3,0.8665421018201833,78.02028985507246,2.5844349466957914,3.8984,file_order,46,69,0,1b6d38601e3b15a63fe93c13095163f5827158f9ddb67ffd3e1ff7d4ee4f4a69,public_data/benchmark/gate0/temperature_panel2/models/1jygA00_rfd3_rfd3_inputs_spec-1_0_model_0_T0.3_5.pdb.gz,monomer,full_dbs,2020-05-14,ok,
1jygA00|rfd3|rfd3_inputs_spec-1_0_model_0|T0.3|7,1jygA00|rfd3|rfd3_inputs_spec-1_0_model_0,1jygA00,0.3,rfd3,0.8192544306848817,69.37101449275363,1.9681467738153127,2.7919,file_order,46,69,0,1b6d38601e3b15a63fe93c13095163f5827158f9ddb67ffd3e1ff7d4ee4f4a69,public_data/benchmark/gate0/temperature_panel2/models/1jygA00_rfd3_rfd3_inputs_spec-1_0_model_0_T0.3_7.pdb.gz,monomer,full_dbs,2020-05-14,ok,
1jygA00|bioemu|bioemu_002|T0.05|0,1jygA00|bioemu|bioemu_002,1jygA00,0.05,bioemu,0.9592103162845156,87.15666666666667,1.1517238723650292,1.5356,file_order,51,69,0,50425494030eed9a3a644b556fa30f13b778765575d903e5d4a33d15416f23db,public_data/benchmark/gate0/temperature_panel2/models/1jygA00_bioemu_bioemu_002_T0.05_0.pdb.gz,monomer,full_dbs,2020-05-14,ok,
1jygA00|bioemu|bioemu_002|T0.05|1,1jygA00|bioemu|bioemu_002,1jygA00,0.05,bioemu,0.9550508135002852,89.14507246376812,8.615957000644253,10.9621,file_order,51,69,0,50425494030eed9a3a644b556fa30f13b778765575d903e5d4a33d15416f23db,public_data/benchmark/gate0/temperature_panel2/models/1jygA00_bioemu_bioemu_002_T0.05_1.pdb.gz,monomer,full_dbs,2020-05-14,ok,
1jygA00|bioemu|bioemu_002|T0.05|2,1jygA00|bioemu|bioemu_002,1jygA00,0.05,bioemu,0.9698432194626506,79.92275362318841,3.271793876401299,3.9658,file_order,51,69,0,50425494030eed9a3a644b556fa30f13b778765575d903e5d4a33d15416f23db,public_data/benchmark/gate0/temperature_panel2/models/1jygA00_bioemu_bioemu_002_T0.05_2.pdb.gz,monomer,full_dbs,2020-05-14,ok,
1jygA00|bioemu|bioemu_002|T0.05|3,1jygA00|bioemu|bioemu_002,1jygA00,0.05,bioemu,0.9442832275498125,82.3227536231884,3.218965688843996,3.9448,file_order,51,69,0,50425494030eed9a3a644b556fa30f13b778765575d903e5d4a33d15416f23db,public_data/benchmark/gate0/temperature_panel2/models/1jygA00_bioemu_bioemu_002_T0.05_3.pdb.gz,monomer,full_dbs,2020-05-14,ok,
1jygA00|bioemu|bioemu_002|T0.05|4,1jygA00|bioemu|bioemu_002,1jygA00,0.05,bioemu,0.926721871198208,90.40478260869565,8.191456517057684,10.6509,file_order,51,69,0,50425494030eed9a3a644b556fa30f13b778765575d903e5d4a33d15416f23db,public_data/benchmark/gate0/temperature_panel2/models/1jygA00_bioemu_bioemu_002_T0.05_4.pdb.gz,monomer,full_dbs,2020-05-14,ok,
1jygA00|bioemu|bioemu_002|T0.05|6,1jygA00|bioemu|bioemu_002,1jygA00,0.05,bioemu,0.9345715148384195,82.53579710144928,8.120740750600078,10.4759,file_order,51,69,0,50425494030eed9a3a644b556fa30f13b778765575d903e5d4a33d15416f23db,public_data/benchmark/gate0/temperature_panel2/models/1jygA00_bioemu_bioemu_002_T0.05_6.pdb.gz,monomer,full_dbs,2020-05-14,ok,
1jygA00|bioemu|bioemu_002|T0.05|5,1jygA00|bioemu|bioemu_002,1jygA00,0.05,bioemu,0.9493863344862511,89.52043478260869,0.8310742212158689,1.0382,file_order,51,69,0,50425494030eed9a3a644b556fa30f13b778765575d903e5d4a33d15416f23db,public_data/benchmark/gate0/temperature_panel2/models/1jygA00_bioemu_bioemu_002_T0.05_5.pdb.gz,monomer,full_dbs,2020-05-14,ok,
1jygA00|bioemu|bioemu_002|T0.05|7,1jygA00|bioemu|bioemu_002,1jygA00,0.05,bioemu,0.9414737455570941,87.78173913043477,8.001744231268086,10.1023,file_order,51,69,0,50425494030eed9a3a644b556fa30f13b778765575d903e5d4a33d15416f23db,public_data/benchmark/gate0/temperature_panel2/models/1jygA00_bioemu_bioemu_002_T0.05_7.pdb.gz,monomer,full_dbs,2020-05-14,ok,
1jygA00|bioemu|bioemu_002|T0.1|0,1jygA00|bioemu|bioemu_002,1jygA00,0.1,bioemu,0.9177946753129541,85.65753623188405,1.5432412610803823,1.7647,file_order,51,69,0,50425494030eed9a3a644b556fa30f13b778765575d903e5d4a33d15416f23db,public_data/benchmark/gate0/temperature_panel2/models/1jygA00_bioemu_bioemu_002_T0.1_0.pdb.gz,monomer,full_dbs,2020-05-14,ok,
1jygA00|bioemu|bioemu_002|T0.1|1,1jygA00|bioemu|bioemu_002,1jygA00,0.1,bioemu,0.9433611275338292,82.83173913043478,2.193549144744923,2.5276,file_order,51,69,0,50425494030eed9a3a644b556fa30f13b778765575d903e5d4a33d15416f23db,public_data/benchmark/gate0/temperature_panel2/models/1jygA00_bioemu_bioemu_002_T0.1_1.pdb.gz,monomer,full_dbs,2020-05-14,ok,
1jygA00|bioemu|bioemu_002|T0.1|3,1jygA00|bioemu|bioemu_002,1jygA00,0.1,bioemu,0.9703477338157034,86.88173913043478,1.6837876350502783,2.0259,file_order,51,69,0,50425494030eed9a3a644b556fa30f13b778765575d903e5d4a33d15416f23db,public_data/benchmark/gate0/temperature_panel2/models/1jygA00_bioemu_bioemu_002_T0.1_3.pdb.gz,monomer,full_dbs,2020-05-14,ok,
1jygA00|bioemu|bioemu_002|T0.1|2,1jygA00|bioemu|bioemu_002,1jygA00,0.1,bioemu,0.9301869879884043,86.92695652173913,2.874954458437365,3.7326,file_order,51,69,0,50425494030eed9a3a644b556fa30f13b778765575d903e5d4a33d15416f23db,public_data/benchmark/gate0/temperature_panel2/models/1jygA00_bioemu_bioemu_002_T0.1_2.pdb.gz,monomer,full_dbs,2020-05-14,ok,
1jygA00|bioemu|bioemu_002|T0.1|4,1jygA00|bioemu|bioemu_002,1jygA00,0.1,bioemu,0.9026697017369867,94.17855072463767,0.7081760195560398,0.9699,file_order,51,69,0,50425494030eed9a3a644b556fa30f13b778765575d903e5d4a33d15416f23db,public_data/benchmark/gate0/temperature_panel2/models/1jygA00_bioemu_bioemu_002_T0.1_4.pdb.gz,monomer,full_dbs,2020-05-14,ok,
1jygA00|bioemu|bioemu_002|T0.1|5,1jygA00|bioemu|bioemu_002,1jygA00,0.1,bioemu,0.9086126321234173,89.76101449275363,1.251931577192205,1.4512,file_order,51,69,0,50425494030eed9a3a644b556fa30f13b778765575d903e5d4a33d15416f23db,public_data/benchmark/gate0/temperature_panel2/models/1jygA00_bioemu_bioemu_002_T0.1_5.pdb.gz,monomer,full_dbs,2020-05-14,ok,
1jygA00|bioemu|bioemu_002|T0.1|7,1jygA00|bioemu|bioemu_002,1jygA00,0.1,bioemu,0.946965440942501,87.8340579710145,1.9850105480667417,2.1282,file_order,51,69,0,50425494030eed9a3a644b556fa30f13b778765575d903e5d4a33d15416f23db,public_data/benchmark/gate0/temperature_panel2/models/1jygA00_bioemu_bioemu_002_T0.1_7.pdb.gz,monomer,full_dbs,2020-05-14,ok,
1jygA00|bioemu|bioemu_002|T0.1|6,1jygA00|bioemu|bioemu_002,1jygA00,0.1,bioemu,0.9557915200141762,84.37434782608696,2.1563558576192943,2.4639,file_order,51,69,0,50425494030eed9a3a644b556fa30f13b778765575d903e5d4a33d15416f23db,public_data/benchmark/gate0/temperature_panel2/models/1jygA00_bioemu_bioemu_002_T0.1_6.pdb.gz,monomer,full_dbs,2020-05-14,ok,
1jygA00|bioemu|bioemu_002|T0.2|0,1jygA00|bioemu|bioemu_002,1jygA00,0.2,bioemu,0.9137714936509167,90.77797101449276,0.6039503757834677,0.7923,file_order,51,69,0,50425494030eed9a3a644b556fa30f13b778765575d903e5d4a33d15416f23db,public_data/benchmark/gate0/temperature_panel2/models/1jygA00_bioemu_bioemu_002_T0.2_0.pdb.gz,monomer,full_dbs,2020-05-14,ok,
1jygA00|bioemu|bioemu_002|T0.2|1,1jygA00|bioemu|bioemu_002,1jygA00,0.2,bioemu,0.9342161417262748,86.73521739130435,2.290111768712821,2.4359,file_order,51,69,0,50425494030eed9a3a644b556fa30f13b778765575d903e5d4a33d15416f23db,public_data/benchmark/gate0/temperature_panel2/models/1jygA00_bioemu_bioemu_002_T0.2_1.pdb.gz,monomer,full_dbs,2020-05-14,ok,
1jygA00|bioemu|bioemu_002|T0.2|2,1jygA00|bioemu|bioemu_002,1jygA00,0.2,bioemu,0.8685405621927588,91.49507246376811,7.803180748875244,9.8433,file_order,51,69,0,50425494030eed9a3a644b556fa30f13b778765575d903e5d4a33d15416f23db,public_data/benchmark/gate0/temperature_panel2/models/1jygA00_bioemu_bioemu_002_T0.2_2.pdb.gz,monomer,full_dbs,2020-05-14,ok,
1jygA00|bioemu|bioemu_002|T0.2|3,1jygA00|bioemu|bioemu_002,1jygA00,0.2,bioemu,0.9435158008587321,87.43420289855072,1.3920916632445115,1.8046,file_order,51,69,0,50425494030eed9a3a644b556fa30f13b778765575d903e5d4a33d15416f23db,public_data/benchmark/gate0/temperature_panel2/models/1jygA00_bioemu_bioemu_002_T0.2_3.pdb.gz,monomer,full_dbs,2020-05-14,ok,
1jygA00|bioemu|bioemu_002|T0.2|4,1jygA00|bioemu|bioemu_002,1jygA00,0.2,bioemu,0.9585244055254559,87.97782608695653,7.981387178761145,9.8819,file_order,51,69,0,50425494030eed9a3a644b556fa30f13b778765575d903e5d4a33d15416f23db,public_data/benchmark/gate0/temperature_panel2/models/1jygA00_bioemu_bioemu_002_T0.2_4.pdb.gz,monomer,full_dbs,2020-05-14,ok,
1jygA00|bioemu|bioemu_002|T0.2|5,1jygA00|bioemu|bioemu_002,1jygA00,0.2,bioemu,0.8931089561318458,89.2476811594203,8.518704163606957,10.489,file_order,51,69,0,50425494030eed9a3a644b556fa30f13b778765575d903e5d4a33d15416f23db,public_data/benchmark/gate0/temperature_panel2/models/1jygA00_bioemu_bioemu_002_T0.2_5.pdb.gz,monomer,full_dbs,2020-05-14,ok,
1jygA00|bioemu|bioemu_002|T0.2|6,1jygA00|bioemu|bioemu_002,1jygA00,0.2,bioemu,0.9201684294154182,84.38304347826087,1.1155239436372966,1.2014,file_order,51,69,0,50425494030eed9a3a644b556fa30f13b778765575d903e5d4a33d15416f23db,public_data/benchmark/gate0/temperature_panel2/models/1jygA00_bioemu_bioemu_002_T0.2_6.pdb.gz,monomer,full_dbs,2020-05-14,ok,
1jygA00|bioemu|bioemu_002|T0.2|7,1jygA00|bioemu|bioemu_002,1jygA00,0.2,bioemu,0.9527571160812883,85.55391304347826,1.4712149281259326,1.7142,file_order,51,69,0,50425494030eed9a3a644b556fa30f13b778765575d903e5d4a33d15416f23db,public_data/benchmark/gate0/temperature_panel2/models/1jygA00_bioemu_bioemu_002_T0.2_7.pdb.gz,monomer,full_dbs,2020-05-14,ok,
1jygA00|bioemu|bioemu_002|T0.3|0,1jygA00|bioemu|bioemu_002,1jygA00,0.3,bioemu,0.9049376740134477,87.51463768115943,1.281144167439968,1.5066,file_order,51,69,0,50425494030eed9a3a644b556fa30f13b778765575d903e5d4a33d15416f23db,public_data/benchmark/gate0/temperature_panel2/models/1jygA00_bioemu_bioemu_002_T0.3_0.pdb.gz,monomer,full_dbs,2020-05-14,ok,
1jygA00|bioemu|bioemu_002|T0.3|1,1jygA00|bioemu|bioemu_002,1jygA00,0.3,bioemu,0.9180130993712504,91.19478260869565,1.0144500811219703,1.2329,file_order,51,69,0,50425494030eed9a3a644b556fa30f13b778765575d903e5d4a33d15416f23db,public_data/benchmark/gate0/temperature_panel2/models/1jygA00_bioemu_bioemu_002_T0.3_1.pdb.gz,monomer,full_dbs,2020-05-14,ok,
1jygA00|bioemu|bioemu_002|T0.3|2,1jygA00|bioemu|bioemu_002,1jygA00,0.3,bioemu,0.895844703775754,90.11028985507247,0.7413910223619201,0.9702,file_order,51,69,0,50425494030eed9a3a644b556fa30f13b778765575d903e5d4a33d15416f23db,public_data/benchmark/gate0/temperature_panel2/models/1jygA00_bioemu_bioemu_002_T0.3_2.pdb.gz,monomer,full_dbs,2020-05-14,ok,
1jygA00|bioemu|bioemu_002|T0.3|3,1jygA00|bioemu|bioemu_002,1jygA00,0.3,bioemu,0.8518247990904327,78.52652173913043,1.9561905391988725,2.1785,file_order,51,69,0,50425494030eed9a3a644b556fa30f13b778765575d903e5d4a33d15416f23db,public_data/benchmark/gate0/temperature_panel2/models/1jygA00_bioemu_bioemu_002_T0.3_3.pdb.gz,monomer,full_dbs,2020-05-14,ok,
1jygA00|bioemu|bioemu_002|T0.3|4,1jygA00|bioemu|bioemu_002,1jygA00,0.3,bioemu,0.8925542713073954,86.17434782608696,0.8575155120138351,1.2449,file_order,51,69,0,50425494030eed9a3a644b556fa30f13b778765575d903e5d4a33d15416f23db,public_data/benchmark/gate0/temperature_panel2/models/1jygA00_bioemu_bioemu_002_T0.3_4.pdb.gz,monomer,full_dbs,2020-05-14,ok,
1jygA00|bioemu|bioemu_002|T0.3|5,1jygA00|bioemu|bioemu_002,1jygA00,0.3,bioemu,0.9100465058604598,84.98855072463768,1.5857529894168518,1.9142,file_order,51,69,0,50425494030eed9a3a644b556fa30f13b778765575d903e5d4a33d15416f23db,public_data/benchmark/gate0/temperature_panel2/models/1jygA00_bioemu_bioemu_002_T0.3_5.pdb.gz,monomer,full_dbs,2020-05-14,ok,
1jygA00|bioemu|bioemu_002|T0.3|6,1jygA00|bioemu|bioemu_002,1jygA00,0.3,bioemu,0.8333912641700261,83.07579710144927,8.227078684826933,10.372,file_order,51,69,0,50425494030eed9a3a644b556fa30f13b778765575d903e5d4a33d15416f23db,public_data/benchmark/gate0/temperature_panel2/models/1jygA00_bioemu_bioemu_002_T0.3_6.pdb.gz,monomer,full_dbs,2020-05-14,ok,
1jygA00|bioemu|bioemu_002|T0.3|7,1jygA00|bioemu|bioemu_002,1jygA00,0.3,bioemu,0.9424246974441923,89.94289855072465,0.7214025955625375,0.9572,file_order,51,69,0,50425494030eed9a3a644b556fa30f13b778765575d903e5d4a33d15416f23db,public_data/benchmark/gate0/temperature_panel2/models/1jygA00_bioemu_bioemu_002_T0.3_7.pdb.gz,monomer,full_dbs,2020-05-14,ok,
1hufA00|rfd3|rfd3_inputs_spec-1_0_model_1_retry_1_2|T0.2|3,1hufA00|rfd3|rfd3_inputs_spec-1_0_model_1_retry_1_2,1hufA00,0.2,rfd3,0.7212949952056049,72.90861788617886,6.120264548428775,6.8552,file_order,81,123,0,2c52dfeb81faaad3953f73787733525de8bb081075fafabe8d1d23edbf9c4729,public_data/benchmark/gate0/temperature_panel2/models/1hufA00_rfd3_rfd3_inputs_spec-1_0_model_1_retry_1_2_T0.2_3.pdb.gz,monomer,full_dbs,2020-05-14,ok,
1af7A01|target|target|T0.05|0,1af7A01|target|target,1af7A01,0.05,target,0.7803051041269133,91.65229927007299,1.1989101278216887,1.6693,file_order,167,274,0,7378aac13ebc5cb120bacdc442106289c994838616a8b81ca70d344e43d2900b,public_data/benchmark/gate0/temperature_panel2/models/1af7A01_target_target_T0.05_0.pdb.gz,monomer,full_dbs,2020-05-14,ok,
1af7A01|target|target|T0.05|1,1af7A01|target|target,1af7A01,0.05,target,0.8198926622435126,92.29295620437956,1.1691448086522704,1.4286,file_order,167,274,0,7378aac13ebc5cb120bacdc442106289c994838616a8b81ca70d344e43d2900b,public_data/benchmark/gate0/temperature_panel2/models/1af7A01_target_target_T0.05_1.pdb.gz,monomer,full_dbs,2020-05-14,ok,
1af7A01|target|target|T0.05|2,1af7A01|target|target,1af7A01,0.05,target,0.7954273265842032,93.79594890510948,0.8139662015377755,3.098,file_order,167,274,0,7378aac13ebc5cb120bacdc442106289c994838616a8b81ca70d344e43d2900b,public_data/benchmark/gate0/temperature_panel2/models/1af7A01_target_target_T0.05_2.pdb.gz,monomer,full_dbs,2020-05-14,ok,
1af7A01|target|target|T0.05|3,1af7A01|target|target,1af7A01,0.05,target,0.7923218404894522,93.82919708029198,1.4886624958379728,1.8808,file_order,167,274,0,7378aac13ebc5cb120bacdc442106289c994838616a8b81ca70d344e43d2900b,public_data/benchmark/gate0/temperature_panel2/models/1af7A01_target_target_T0.05_3.pdb.gz,monomer,full_dbs,2020-05-14,ok,
1af7A01|target|target|T0.05|4,1af7A01|target|target,1af7A01,0.05,target,0.6843886914934061,94.09321167883212,0.8808332655494939,2.6337,file_order,167,274,0,7378aac13ebc5cb120bacdc442106289c994838616a8b81ca70d344e43d2900b,public_data/benchmark/gate0/temperature_panel2/models/1af7A01_target_target_T0.05_4.pdb.gz,monomer,full_dbs,2020-05-14,ok,
1af7A01|target|target|T0.05|5,1af7A01|target|target,1af7A01,0.05,target,0.795308525281552,94.49602189781022,1.41323832539708,2.2164,file_order,167,274,0,7378aac13ebc5cb120bacdc442106289c994838616a8b81ca70d344e43d2900b,public_data/benchmark/gate0/temperature_panel2/models/1af7A01_target_target_T0.05_5.pdb.gz,monomer,full_dbs,2020-05-14,ok,
1af7A01|target|target|T0.05|6,1af7A01|target|target,1af7A01,0.05,target,0.7417408712833009,93.32459854014598,1.1941419170156733,1.5932,file_order,167,274,0,7378aac13ebc5cb120bacdc442106289c994838616a8b81ca70d344e43d2900b,public_data/benchmark/gate0/temperature_panel2/models/1af7A01_target_target_T0.05_6.pdb.gz,monomer,full_dbs,2020-05-14,ok,
1af7A01|target|target|T0.05|7,1af7A01|target|target,1af7A01,0.05,target,0.7894244856518802,93.57693430656936,1.169288734668433,1.4806,file_order,167,274,0,7378aac13ebc5cb120bacdc442106289c994838616a8b81ca70d344e43d2900b,public_data/benchmark/gate0/temperature_panel2/models/1af7A01_target_target_T0.05_7.pdb.gz,monomer,full_dbs,2020-05-14,ok,
1af7A01|target|target|T0.1|0,1af7A01|target|target,1af7A01,0.1,target,0.7690956305104768,91.97102189781022,1.051498345646907,2.1811,file_order,167,274,0,7378aac13ebc5cb120bacdc442106289c994838616a8b81ca70d344e43d2900b,public_data/benchmark/gate0/temperature_panel2/models/1af7A01_target_target_T0.1_0.pdb.gz,monomer,full_dbs,2020-05-14,ok,
1af7A01|target|target|T0.1|1,1af7A01|target|target,1af7A01,0.1,target,0.7872320909152528,93.1683211678832,1.2809211968696066,1.8472,file_order,167,274,0,7378aac13ebc5cb120bacdc442106289c994838616a8b81ca70d344e43d2900b,public_data/benchmark/gate0/temperature_panel2/models/1af7A01_target_target_T0.1_1.pdb.gz,monomer,full_dbs,2020-05-14,ok,
1af7A01|target|target|T0.1|2,1af7A01|target|target,1af7A01,0.1,target,0.8193530960982869,93.57970802919708,1.217891973908223,1.7058,file_order,167,274,0,7378aac13ebc5cb120bacdc442106289c994838616a8b81ca70d344e43d2900b,public_data/benchmark/gate0/temperature_panel2/models/1af7A01_target_target_T0.1_2.pdb.gz,monomer,full_dbs,2020-05-14,ok,
1af7A01|target|target|T0.1|3,1af7A01|target|target,1af7A01,0.1,target,0.729102339533317,93.60952554744524,1.106035982020558,1.7814,file_order,167,274,0,7378aac13ebc5cb120bacdc442106289c994838616a8b81ca70d344e43d2900b,public_data/benchmark/gate0/temperature_panel2/models/1af7A01_target_target_T0.1_3.pdb.gz,monomer,full_dbs,2020-05-14,ok,
1af7A01|target|target|T0.1|5,1af7A01|target|target,1af7A01,0.1,target,0.7683169584168504,92.95726277372263,1.3673753524636703,1.628,file_order,167,274,0,7378aac13ebc5cb120bacdc442106289c994838616a8b81ca70d344e43d2900b,public_data/benchmark/gate0/temperature_panel2/models/1af7A01_target_target_T0.1_5.pdb.gz,monomer,full_dbs,2020-05-14,ok,
1af7A01|target|target|T0.1|4,1af7A01|target|target,1af7A01,0.1,target,0.8321611609921656,92.66098540145985,1.2071304059673549,1.3529,file_order,167,274,0,7378aac13ebc5cb120bacdc442106289c994838616a8b81ca70d344e43d2900b,public_data/benchmark/gate0/temperature_panel2/models/1af7A01_target_target_T0.1_4.pdb.gz,monomer,full_dbs,2020-05-14,ok,
1af7A01|target|target|T0.1|6,1af7A01|target|target,1af7A01,0.1,target,0.7737291337493539,93.83726277372263,0.911003184328404,1.4984,file_order,167,274,0,7378aac13ebc5cb120bacdc442106289c994838616a8b81ca70d344e43d2900b,public_data/benchmark/gate0/temperature_panel2/models/1af7A01_target_target_T0.1_6.pdb.gz,monomer,full_dbs,2020-05-14,ok,
1af7A01|target|target|T0.2|1,1af7A01|target|target,1af7A01,0.2,target,0.739216023823488,93.05729927007299,1.4699980657836214,3.2049,file_order,167,274,0,7378aac13ebc5cb120bacdc442106289c994838616a8b81ca70d344e43d2900b,public_data/benchmark/gate0/temperature_panel2/models/1af7A01_target_target_T0.2_1.pdb.gz,monomer,full_dbs,2020-05-14,ok,
1af7A01|target|target|T0.2|0,1af7A01|target|target,1af7A01,0.2,target,0.7793024202256463,93.37503649635036,1.6062735866625726,1.8196,file_order,167,274,0,7378aac13ebc5cb120bacdc442106289c994838616a8b81ca70d344e43d2900b,public_data/benchmark/gate0/temperature_panel2/models/1af7A01_target_target_T0.2_0.pdb.gz,monomer,full_dbs,2020-05-14,ok,
1af7A01|target|target|T0.2|2,1af7A01|target|target,1af7A01,0.2,target,0.7932810642718526,92.33806569343066,1.3193314085910224,1.597,file_order,167,274,0,7378aac13ebc5cb120bacdc442106289c994838616a8b81ca70d344e43d2900b,public_data/benchmark/gate0/temperature_panel2/models/1af7A01_target_target_T0.2_2.pdb.gz,monomer,full_dbs,2020-05-14,ok,
1af7A01|target|target|T0.2|4,1af7A01|target|target,1af7A01,0.2,target,0.7624185917349632,92.05576642335765,1.067081081643124,1.9616,file_order,167,274,0,7378aac13ebc5cb120bacdc442106289c994838616a8b81ca70d344e43d2900b,public_data/benchmark/gate0/temperature_panel2/models/1af7A01_target_target_T0.2_4.pdb.gz,monomer,full_dbs,2020-05-14,ok,
1af7A01|target|target|T0.2|5,1af7A01|target|target,1af7A01,0.2,target,0.7844065263810022,93.98700729927006,0.8734924035043226,1.6848,file_order,167,274,0,7378aac13ebc5cb120bacdc442106289c994838616a8b81ca70d344e43d2900b,public_data/benchmark/gate0/temperature_panel2/models/1af7A01_target_target_T0.2_5.pdb.gz,monomer,full_dbs,2020-05-14,ok,
1af7A01|target|target|T0.2|3,1af7A01|target|target,1af7A01,0.2,target,0.8009532363943287,93.91302919708029,1.4795737837023446,1.894,file_order,167,274,0,7378aac13ebc5cb120bacdc442106289c994838616a8b81ca70d344e43d2900b,public_data/benchmark/gate0/temperature_panel2/models/1af7A01_target_target_T0.2_3.pdb.gz,monomer,full_dbs,2020-05-14,ok,
1af7A01|target|target|T0.2|6,1af7A01|target|target,1af7A01,0.2,target,0.7443886421710614,93.19459854014599,1.9482674987465736,2.0192,file_order,167,274,0,7378aac13ebc5cb120bacdc442106289c994838616a8b81ca70d344e43d2900b,public_data/benchmark/gate0/temperature_panel2/models/1af7A01_target_target_T0.2_6.pdb.gz,monomer,full_dbs,2020-05-14,ok,
1af7A01|target|target|T0.2|7,1af7A01|target|target,1af7A01,0.2,target,0.7618893209483063,93.99266423357665,0.8433633668917369,1.3269,file_order,167,274,0,7378aac13ebc5cb120bacdc442106289c994838616a8b81ca70d344e43d2900b,public_data/benchmark/gate0/temperature_panel2/models/1af7A01_target_target_T0.2_7.pdb.gz,monomer,full_dbs,2020-05-14,ok,
1af7A01|target|target|T0.3|0,1af7A01|target|target,1af7A01,0.3,target,0.7712919096669079,94.11032846715328,0.7321471466960568,3.1006,file_order,167,274,0,7378aac13ebc5cb120bacdc442106289c994838616a8b81ca70d344e43d2900b,public_data/benchmark/gate0/temperature_panel2/models/1af7A01_target_target_T0.3_0.pdb.gz,monomer,full_dbs,2020-05-14,ok,
1af7A01|target|target|T0.3|1,1af7A01|target|target,1af7A01,0.3,target,0.775386088075992,93.95007299270073,0.9305993559949567,1.4255,file_order,167,274,0,7378aac13ebc5cb120bacdc442106289c994838616a8b81ca70d344e43d2900b,public_data/benchmark/gate0/temperature_panel2/models/1af7A01_target_target_T0.3_1.pdb.gz,monomer,full_dbs,2020-05-14,ok,
1af7A01|target|target|T0.3|2,1af7A01|target|target,1af7A01,0.3,target,0.6905051014636403,91.22941605839416,2.011129631552583,2.2534,file_order,167,274,0,7378aac13ebc5cb120bacdc442106289c994838616a8b81ca70d344e43d2900b,public_data/benchmark/gate0/temperature_panel2/models/1af7A01_target_target_T0.3_2.pdb.gz,monomer,full_dbs,2020-05-14,ok,
1af7A01|target|target|T0.3|3,1af7A01|target|target,1af7A01,0.3,target,0.8038465211816221,93.15777372262774,0.9629623601459298,1.9128,file_order,167,274,0,7378aac13ebc5cb120bacdc442106289c994838616a8b81ca70d344e43d2900b,public_data/benchmark/gate0/temperature_panel2/models/1af7A01_target_target_T0.3_3.pdb.gz,monomer,full_dbs,2020-05-14,ok,
1af7A01|target|target|T0.3|5,1af7A01|target|target,1af7A01,0.3,target,0.7612265934180995,93.47587591240875,1.6309159686654489,1.7941,file_order,167,274,0,7378aac13ebc5cb120bacdc442106289c994838616a8b81ca70d344e43d2900b,public_data/benchmark/gate0/temperature_panel2/models/1af7A01_target_target_T0.3_5.pdb.gz,monomer,full_dbs,2020-05-14,ok,
1af7A01|target|target|T0.3|4,1af7A01|target|target,1af7A01,0.3,target,0.7751317340364082,92.20923357664235,1.2151716050805115,1.5855,file_order,167,274,0,7378aac13ebc5cb120bacdc442106289c994838616a8b81ca70d344e43d2900b,public_data/benchmark/gate0/temperature_panel2/models/1af7A01_target_target_T0.3_4.pdb.gz,monomer,full_dbs,2020-05-14,ok,
1af7A01|target|target|T0.3|6,1af7A01|target|target,1af7A01,0.3,target,0.7240269795756521,92.79043795620439,1.3516873555169369,2.0764,file_order,167,274,0,7378aac13ebc5cb120bacdc442106289c994838616a8b81ca70d344e43d2900b,public_data/benchmark/gate0/temperature_panel2/models/1af7A01_target_target_T0.3_6.pdb.gz,monomer,full_dbs,2020-05-14,ok,
1jygA00|target|target|T0.05|0,1jygA00|target|target,1jygA00,0.05,target,0.8721384336809187,78.4086956521739,1.0124303938841501,4.9508,file_order,44,69,0,f32e343d36c867dc6717986636ea418033e6895f0712331d8e726767cabf5c92,public_data/benchmark/gate0/temperature_panel2/models/1jygA00_target_target_T0.05_0.pdb.gz,monomer,full_dbs,2020-05-14,ok,
1jygA00|target|target|T0.05|1,1jygA00|target|target,1jygA00,0.05,target,0.8955739383086047,84.6340579710145,0.7184828434856919,4.7514,file_order,44,69,0,f32e343d36c867dc6717986636ea418033e6895f0712331d8e726767cabf5c92,public_data/benchmark/gate0/temperature_panel2/models/1jygA00_target_target_T0.05_1.pdb.gz,monomer,full_dbs,2020-05-14,ok,
1af7A01|target|target|T0.3|7,1af7A01|target|target,1af7A01,0.3,target,0.7604296508255378,92.29616788321168,1.2703805924282683,1.4881,file_order,167,274,0,7378aac13ebc5cb120bacdc442106289c994838616a8b81ca70d344e43d2900b,public_data/benchmark/gate0/temperature_panel2/models/1af7A01_target_target_T0.3_7.pdb.gz,monomer,full_dbs,2020-05-14,ok,
1jygA00|target|target|T0.05|2,1jygA00|target|target,1jygA00,0.05,target,0.6988313704999992,75.33652173913043,0.9296424313812653,4.044,file_order,44,69,0,f32e343d36c867dc6717986636ea418033e6895f0712331d8e726767cabf5c92,public_data/benchmark/gate0/temperature_panel2/models/1jygA00_target_target_T0.05_2.pdb.gz,monomer,full_dbs,2020-05-14,ok,
1jygA00|target|target|T0.05|4,1jygA00|target|target,1jygA00,0.05,target,0.8000595622341912,79.79507246376811,0.5930535695554795,5.2681,file_order,44,69,0,f32e343d36c867dc6717986636ea418033e6895f0712331d8e726767cabf5c92,public_data/benchmark/gate0/temperature_panel2/models/1jygA00_target_target_T0.05_4.pdb.gz,monomer,full_dbs,2020-05-14,ok,
1jygA00|target|target|T0.05|3,1jygA00|target|target,1jygA00,0.05,target,0.8919970561649221,75.82173913043478,2.2809334590045447,4.5164,file_order,44,69,0,f32e343d36c867dc6717986636ea418033e6895f0712331d8e726767cabf5c92,public_data/benchmark/gate0/temperature_panel2/models/1jygA00_target_target_T0.05_3.pdb.gz,monomer,full_dbs,2020-05-14,ok,
1jygA00|target|target|T0.05|5,1jygA00|target|target,1jygA00,0.05,target,0.8903101496332224,75.1468115942029,1.5306953254438334,3.2148,file_order,44,69,0,f32e343d36c867dc6717986636ea418033e6895f0712331d8e726767cabf5c92,public_data/benchmark/gate0/temperature_panel2/models/1jygA00_target_target_T0.05_5.pdb.gz,monomer,full_dbs,2020-05-14,ok,
1jygA00|target|target|T0.05|6,1jygA00|target|target,1jygA00,0.05,target,0.8888867899258862,80.30623188405798,1.0312107258701078,5.124,file_order,44,69,0,f32e343d36c867dc6717986636ea418033e6895f0712331d8e726767cabf5c92,public_data/benchmark/gate0/temperature_panel2/models/1jygA00_target_target_T0.05_6.pdb.gz,monomer,full_dbs,2020-05-14,ok,
1jygA00|target|target|T0.05|7,1jygA00|target|target,1jygA00,0.05,target,0.9083716636555211,77.90014492753623,2.2714608484842835,5.4324,file_order,44,69,0,f32e343d36c867dc6717986636ea418033e6895f0712331d8e726767cabf5c92,public_data/benchmark/gate0/temperature_panel2/models/1jygA00_target_target_T0.05_7.pdb.gz,monomer,full_dbs,2020-05-14,ok,
1jygA00|target|target|T0.1|0,1jygA00|target|target,1jygA00,0.1,target,0.8985183892302171,76.30463768115942,0.8649740141374519,4.0539,file_order,44,69,0,f32e343d36c867dc6717986636ea418033e6895f0712331d8e726767cabf5c92,public_data/benchmark/gate0/temperature_panel2/models/1jygA00_target_target_T0.1_0.pdb.gz,monomer,full_dbs,2020-05-14,ok,
1jygA00|target|target|T0.1|1,1jygA00|target|target,1jygA00,0.1,target,0.7963244247212288,70.64333333333335,3.6202583622445363,5.1168,file_order,44,69,0,f32e343d36c867dc6717986636ea418033e6895f0712331d8e726767cabf5c92,public_data/benchmark/gate0/temperature_panel2/models/1jygA00_target_target_T0.1_1.pdb.gz,monomer,full_dbs,2020-05-14,ok,
1jygA00|target|target|T0.1|2,1jygA00|target|target,1jygA00,0.1,target,0.8851102387920347,82.2159420289855,0.7756146665648141,4.5062,file_order,44,69,0,f32e343d36c867dc6717986636ea418033e6895f0712331d8e726767cabf5c92,public_data/benchmark/gate0/temperature_panel2/models/1jygA00_target_target_T0.1_2.pdb.gz,monomer,full_dbs,2020-05-14,ok,
1jygA00|target|target|T0.1|3,1jygA00|target|target,1jygA00,0.1,target,0.8235068576678861,81.80217391304349,0.8816597361921228,4.9444,file_order,44,69,0,f32e343d36c867dc6717986636ea418033e6895f0712331d8e726767cabf5c92,public_data/benchmark/gate0/temperature_panel2/models/1jygA00_target_target_T0.1_3.pdb.gz,monomer,full_dbs,2020-05-14,ok,
1jygA00|target|target|T0.1|4,1jygA00|target|target,1jygA00,0.1,target,0.9275053305424384,82.88550724637682,0.7408899018033844,5.2568,file_order,44,69,0,f32e343d36c867dc6717986636ea418033e6895f0712331d8e726767cabf5c92,public_data/benchmark/gate0/temperature_panel2/models/1jygA00_target_target_T0.1_4.pdb.gz,monomer,full_dbs,2020-05-14,ok,
1jygA00|target|target|T0.1|5,1jygA00|target|target,1jygA00,0.1,target,0.8473806251796682,79.14753623188406,0.7234186755010344,4.6006,file_order,44,69,0,f32e343d36c867dc6717986636ea418033e6895f0712331d8e726767cabf5c92,public_data/benchmark/gate0/temperature_panel2/models/1jygA00_target_target_T0.1_5.pdb.gz,monomer,full_dbs,2020-05-14,ok,
1jygA00|target|target|T0.1|7,1jygA00|target|target,1jygA00,0.1,target,0.7763702380195795,77.98347826086956,7.6599971400639815,10.0048,file_order,44,69,0,f32e343d36c867dc6717986636ea418033e6895f0712331d8e726767cabf5c92,public_data/benchmark/gate0/temperature_panel2/models/1jygA00_target_target_T0.1_7.pdb.gz,monomer,full_dbs,2020-05-14,ok,
1jygA00|target|target|T0.1|6,1jygA00|target|target,1jygA00,0.1,target,0.9257315838661873,78.37289855072463,0.6525521349432055,3.9884,file_order,44,69,0,f32e343d36c867dc6717986636ea418033e6895f0712331d8e726767cabf5c92,public_data/benchmark/gate0/temperature_panel2/models/1jygA00_target_target_T0.1_6.pdb.gz,monomer,full_dbs,2020-05-14,ok,
1jygA00|target|target|T0.2|0,1jygA00|target|target,1jygA00,0.2,target,0.9006133266035713,80.4395652173913,0.7362132738522661,3.5045,file_order,44,69,0,f32e343d36c867dc6717986636ea418033e6895f0712331d8e726767cabf5c92,public_data/benchmark/gate0/temperature_panel2/models/1jygA00_target_target_T0.2_0.pdb.gz,monomer,full_dbs,2020-05-14,ok,
1jygA00|target|target|T0.2|1,1jygA00|target|target,1jygA00,0.2,target,0.8260203626107319,83.73840579710145,0.7333898386359602,5.4829,file_order,44,69,0,f32e343d36c867dc6717986636ea418033e6895f0712331d8e726767cabf5c92,public_data/benchmark/gate0/temperature_panel2/models/1jygA00_target_target_T0.2_1.pdb.gz,monomer,full_dbs,2020-05-14,ok,
1jygA00|target|target|T0.2|3,1jygA00|target|target,1jygA00,0.2,target,0.7272807230088585,78.77550724637682,2.765295840485127,7.2819,file_order,44,69,0,f32e343d36c867dc6717986636ea418033e6895f0712331d8e726767cabf5c92,public_data/benchmark/gate0/temperature_panel2/models/1jygA00_target_target_T0.2_3.pdb.gz,monomer,full_dbs,2020-05-14,ok,
1jygA00|target|target|T0.2|2,1jygA00|target|target,1jygA00,0.2,target,0.8565181136966128,78.92565217391304,0.6469257882527834,5.1164,file_order,44,69,0,f32e343d36c867dc6717986636ea418033e6895f0712331d8e726767cabf5c92,public_data/benchmark/gate0/temperature_panel2/models/1jygA00_target_target_T0.2_2.pdb.gz,monomer,full_dbs,2020-05-14,ok,
1jygA00|target|target|T0.2|4,1jygA00|target|target,1jygA00,0.2,target,0.779375188587483,84.57405797101448,0.7283132154769469,5.0759,file_order,44,69,0,f32e343d36c867dc6717986636ea418033e6895f0712331d8e726767cabf5c92,public_data/benchmark/gate0/temperature_panel2/models/1jygA00_target_target_T0.2_4.pdb.gz,monomer,full_dbs,2020-05-14,ok,
1jygA00|target|target|T0.2|6,1jygA00|target|target,1jygA00,0.2,target,0.863154261512189,79.39521739130436,1.2311959461714754,3.9774,file_order,44,69,0,f32e343d36c867dc6717986636ea418033e6895f0712331d8e726767cabf5c92,public_data/benchmark/gate0/temperature_panel2/models/1jygA00_target_target_T0.2_6.pdb.gz,monomer,full_dbs,2020-05-14,ok,
1jygA00|target|target|T0.2|5,1jygA00|target|target,1jygA00,0.2,target,0.8600436040696724,79.10739130434783,0.6328134065567298,4.4377,file_order,44,69,0,f32e343d36c867dc6717986636ea418033e6895f0712331d8e726767cabf5c92,public_data/benchmark/gate0/temperature_panel2/models/1jygA00_target_target_T0.2_5.pdb.gz,monomer,full_dbs,2020-05-14,ok,
1jygA00|target|target|T0.2|7,1jygA00|target|target,1jygA00,0.2,target,0.9066688357049747,81.69376811594202,0.9351554330882086,4.7414,file_order,44,69,0,f32e343d36c867dc6717986636ea418033e6895f0712331d8e726767cabf5c92,public_data/benchmark/gate0/temperature_panel2/models/1jygA00_target_target_T0.2_7.pdb.gz,monomer,full_dbs,2020-05-14,ok,
1jygA00|target|target|T0.3|1,1jygA00|target|target,1jygA00,0.3,target,0.8230851775879314,79.61971014492754,8.878580269824203,10.9124,file_order,44,69,0,f32e343d36c867dc6717986636ea418033e6895f0712331d8e726767cabf5c92,public_data/benchmark/gate0/temperature_panel2/models/1jygA00_target_target_T0.3_1.pdb.gz,monomer,full_dbs,2020-05-14,ok,
1jygA00|target|target|T0.3|0,1jygA00|target|target,1jygA00,0.3,target,0.7587954579574099,86.508115942029,0.8811855584601416,4.908,file_order,44,69,0,f32e343d36c867dc6717986636ea418033e6895f0712331d8e726767cabf5c92,public_data/benchmark/gate0/temperature_panel2/models/1jygA00_target_target_T0.3_0.pdb.gz,monomer,full_dbs,2020-05-14,ok,
1jygA00|target|target|T0.3|3,1jygA00|target|target,1jygA00,0.3,target,0.8586421916787398,72.00188405797101,6.511881353483288,11.9808,file_order,44,69,0,f32e343d36c867dc6717986636ea418033e6895f0712331d8e726767cabf5c92,public_data/benchmark/gate0/temperature_panel2/models/1jygA00_target_target_T0.3_3.pdb.gz,monomer,full_dbs,2020-05-14,ok,
1jygA00|target|target|T0.3|2,1jygA00|target|target,1jygA00,0.3,target,0.7609111141269828,72.66420289855073,0.911238138002646,3.5347,file_order,44,69,0,f32e343d36c867dc6717986636ea418033e6895f0712331d8e726767cabf5c92,public_data/benchmark/gate0/temperature_panel2/models/1jygA00_target_target_T0.3_2.pdb.gz,monomer,full_dbs,2020-05-14,ok,
1jygA00|target|target|T0.3|4,1jygA00|target|target,1jygA00,0.3,target,0.8877364909193736,75.80739130434783,3.5672974221879796,5.5578,file_order,44,69,0,f32e343d36c867dc6717986636ea418033e6895f0712331d8e726767cabf5c92,public_data/benchmark/gate0/temperature_panel2/models/1jygA00_target_target_T0.3_4.pdb.gz,monomer,full_dbs,2020-05-14,ok,
1jygA00|target|target|T0.3|7,1jygA00|target|target,1jygA00,0.3,target,0.767181417578786,71.61782608695653,7.3039949755043905,9.561,file_order,44,69,0,f32e343d36c867dc6717986636ea418033e6895f0712331d8e726767cabf5c92,public_data/benchmark/gate0/temperature_panel2/models/1jygA00_target_target_T0.3_7.pdb.gz,monomer,full_dbs,2020-05-14,ok,
1jygA00|target|target|T0.3|6,1jygA00|target|target,1jygA00,0.3,target,0.8507238787072133,80.97347826086957,1.5787985043129502,3.756,file_order,44,69,0,f32e343d36c867dc6717986636ea418033e6895f0712331d8e726767cabf5c92,public_data/benchmark/gate0/temperature_panel2/models/1jygA00_target_target_T0.3_6.pdb.gz,monomer,full_dbs,2020-05-14,ok,
1jygA00|target|target|T0.3|5,1jygA00|target|target,1jygA00,0.3,target,0.7828442358610126,77.44971014492754,0.9549038641977936,4.5694,file_order,44,69,0,f32e343d36c867dc6717986636ea418033e6895f0712331d8e726767cabf5c92,public_data/benchmark/gate0/temperature_panel2/models/1jygA00_target_target_T0.3_5.pdb.gz,monomer,full_dbs,2020-05-14,ok,
2jneA00|rfd3|rfd3_inputs_spec-1_0_model_0_retry_1_1|T0.05|0,2jneA00|rfd3|rfd3_inputs_spec-1_0_model_0_retry_1_1,2jneA00,0.05,rfd3,0.6939372833520154,87.29408450704226,1.3715236891649376,1.7906,file_order,41,71,0,f14e0b5a6c2201148c6bc36287c69312a2e33e2ac90b315cb0ed9fa76f17a498,public_data/benchmark/gate0/temperature_panel2/models/2jneA00_rfd3_rfd3_inputs_spec-1_0_model_0_retry_1_1_T0.05_0.pdb.gz,monomer,full_dbs,2020-05-14,ok,
2jneA00|rfd3|rfd3_inputs_spec-1_0_model_0_retry_1_1|T0.05|1,2jneA00|rfd3|rfd3_inputs_spec-1_0_model_0_retry_1_1,2jneA00,0.05,rfd3,0.5236443235396975,92.06915492957746,2.7124223709775284,3.3019,file_order,41,71,0,f14e0b5a6c2201148c6bc36287c69312a2e33e2ac90b315cb0ed9fa76f17a498,public_data/benchmark/gate0/temperature_panel2/models/2jneA00_rfd3_rfd3_inputs_spec-1_0_model_0_retry_1_1_T0.05_1.pdb.gz,monomer,full_dbs,2020-05-14,ok,
2jneA00|rfd3|rfd3_inputs_spec-1_0_model_0_retry_1_1|T0.05|2,2jneA00|rfd3|rfd3_inputs_spec-1_0_model_0_retry_1_1,2jneA00,0.05,rfd3,0.5446693189011693,88.61394366197183,1.6555431948239958,2.1223,file_order,41,71,0,f14e0b5a6c2201148c6bc36287c69312a2e33e2ac90b315cb0ed9fa76f17a498,public_data/benchmark/gate0/temperature_panel2/models/2jneA00_rfd3_rfd3_inputs_spec-1_0_model_0_retry_1_1_T0.05_2.pdb.gz,monomer,full_dbs,2020-05-14,ok,
2jneA00|rfd3|rfd3_inputs_spec-1_0_model_0_retry_1_1|T0.05|3,2jneA00|rfd3|rfd3_inputs_spec-1_0_model_0_retry_1_1,2jneA00,0.05,rfd3,0.4898605451694097,91.6461971830986,1.7660525457419705,2.255,file_order,41,71,0,f14e0b5a6c2201148c6bc36287c69312a2e33e2ac90b315cb0ed9fa76f17a498,public_data/benchmark/gate0/temperature_panel2/models/2jneA00_rfd3_rfd3_inputs_spec-1_0_model_0_retry_1_1_T0.05_3.pdb.gz,monomer,full_dbs,2020-05-14,ok,
2jneA00|rfd3|rfd3_inputs_spec-1_0_model_0_retry_1_1|T0.05|5,2jneA00|rfd3|rfd3_inputs_spec-1_0_model_0_retry_1_1,2jneA00,0.05,rfd3,0.6757009487856602,91.37957746478872,1.1552771677808997,1.6611,file_order,41,71,0,f14e0b5a6c2201148c6bc36287c69312a2e33e2ac90b315cb0ed9fa76f17a498,public_data/benchmark/gate0/temperature_panel2/models/2jneA00_rfd3_rfd3_inputs_spec-1_0_model_0_retry_1_1_T0.05_5.pdb.gz,monomer,full_dbs,2020-05-14,ok,
2jneA00|rfd3|rfd3_inputs_spec-1_0_model_0_retry_1_1|T0.05|4,2jneA00|rfd3|rfd3_inputs_spec-1_0_model_0_retry_1_1,2jneA00,0.05,rfd3,0.6757009487856601,90.78985915492957,1.2327399934556043,1.7559,file_order,41,71,0,f14e0b5a6c2201148c6bc36287c69312a2e33e2ac90b315cb0ed9fa76f17a498,public_data/benchmark/gate0/temperature_panel2/models/2jneA00_rfd3_rfd3_inputs_spec-1_0_model_0_retry_1_1_T0.05_4.pdb.gz,monomer,full_dbs,2020-05-14,ok,
2jneA00|rfd3|rfd3_inputs_spec-1_0_model_0_retry_1_1|T0.05|6,2jneA00|rfd3|rfd3_inputs_spec-1_0_model_0_retry_1_1,2jneA00,0.05,rfd3,0.5565179883989855,93.3243661971831,2.1090912461854834,2.5925,file_order,41,71,0,f14e0b5a6c2201148c6bc36287c69312a2e33e2ac90b315cb0ed9fa76f17a498,public_data/benchmark/gate0/temperature_panel2/models/2jneA00_rfd3_rfd3_inputs_spec-1_0_model_0_retry_1_1_T0.05_6.pdb.gz,monomer,full_dbs,2020-05-14,ok,
2jneA00|rfd3|rfd3_inputs_spec-1_0_model_0_retry_1_1|T0.05|7,2jneA00|rfd3|rfd3_inputs_spec-1_0_model_0_retry_1_1,2jneA00,0.05,rfd3,0.6607142722106,91.75605633802817,1.3994170410575462,1.8288,file_order,41,71,0,f14e0b5a6c2201148c6bc36287c69312a2e33e2ac90b315cb0ed9fa76f17a498,public_data/benchmark/gate0/temperature_panel2/models/2jneA00_rfd3_rfd3_inputs_spec-1_0_model_0_retry_1_1_T0.05_7.pdb.gz,monomer,full_dbs,2020-05-14,ok,
2jneA00|rfd3|rfd3_inputs_spec-1_0_model_0_retry_1_1|T0.1|0,2jneA00|rfd3|rfd3_inputs_spec-1_0_model_0_retry_1_1,2jneA00,0.1,rfd3,0.5984169137015797,93.3405633802817,2.4745214822201334,2.9367,file_order,41,71,0,f14e0b5a6c2201148c6bc36287c69312a2e33e2ac90b315cb0ed9fa76f17a498,public_data/benchmark/gate0/temperature_panel2/models/2jneA00_rfd3_rfd3_inputs_spec-1_0_model_0_retry_1_1_T0.1_0.pdb.gz,monomer,full_dbs,2020-05-14,ok,
2jneA00|rfd3|rfd3_inputs_spec-1_0_model_0_retry_1_1|T0.1|1,2jneA00|rfd3|rfd3_inputs_spec-1_0_model_0_retry_1_1,2jneA00,0.1,rfd3,0.5895858383080133,87.59535211267607,2.4695532314660937,2.7886,file_order,41,71,0,f14e0b5a6c2201148c6bc36287c69312a2e33e2ac90b315cb0ed9fa76f17a498,public_data/benchmark/gate0/temperature_panel2/models/2jneA00_rfd3_rfd3_inputs_spec-1_0_model_0_retry_1_1_T0.1_1.pdb.gz,monomer,full_dbs,2020-05-14,ok,
2jneA00|rfd3|rfd3_inputs_spec-1_0_model_0_retry_1_1|T0.1|2,2jneA00|rfd3|rfd3_inputs_spec-1_0_model_0_retry_1_1,2jneA00,0.1,rfd3,0.6145500150379148,89.91901408450704,1.3253471560551617,1.9419,file_order,41,71,0,f14e0b5a6c2201148c6bc36287c69312a2e33e2ac90b315cb0ed9fa76f17a498,public_data/benchmark/gate0/temperature_panel2/models/2jneA00_rfd3_rfd3_inputs_spec-1_0_model_0_retry_1_1_T0.1_2.pdb.gz,monomer,full_dbs,2020-05-14,ok,
2jneA00|rfd3|rfd3_inputs_spec-1_0_model_0_retry_1_1|T0.1|3,2jneA00|rfd3|rfd3_inputs_spec-1_0_model_0_retry_1_1,2jneA00,0.1,rfd3,0.6830637023872259,94.29408450704226,1.295724667358168,1.7372,file_order,41,71,0,f14e0b5a6c2201148c6bc36287c69312a2e33e2ac90b315cb0ed9fa76f17a498,public_data/benchmark/gate0/temperature_panel2/models/2jneA00_rfd3_rfd3_inputs_spec-1_0_model_0_retry_1_1_T0.1_3.pdb.gz,monomer,full_dbs,2020-05-14,ok,
2jneA00|rfd3|rfd3_inputs_spec-1_0_model_0_retry_1_1|T0.1|4,2jneA00|rfd3|rfd3_inputs_spec-1_0_model_0_retry_1_1,2jneA00,0.1,rfd3,0.642168547633158,93.03929577464788,2.4165453692121655,2.8844,file_order,41,71,0,f14e0b5a6c2201148c6bc36287c69312a2e33e2ac90b315cb0ed9fa76f17a498,public_data/benchmark/gate0/temperature_panel2/models/2jneA00_rfd3_rfd3_inputs_spec-1_0_model_0_retry_1_1_T0.1_4.pdb.gz,monomer,full_dbs,2020-05-14,ok,
2jneA00|rfd3|rfd3_inputs_spec-1_0_model_0_retry_1_1|T0.1|5,2jneA00|rfd3|rfd3_inputs_spec-1_0_model_0_retry_1_1,2jneA00,0.1,rfd3,0.5738226466908652,92.98591549295774,2.482337748155449,2.9273,file_order,41,71,0,f14e0b5a6c2201148c6bc36287c69312a2e33e2ac90b315cb0ed9fa76f17a498,public_data/benchmark/gate0/temperature_panel2/models/2jneA00_rfd3_rfd3_inputs_spec-1_0_model_0_retry_1_1_T0.1_5.pdb.gz,monomer,full_dbs,2020-05-14,ok,
2jneA00|rfd3|rfd3_inputs_spec-1_0_model_0_retry_1_1|T0.1|6,2jneA00|rfd3|rfd3_inputs_spec-1_0_model_0_retry_1_1,2jneA00,0.1,rfd3,0.5606852726988455,93.66295774647887,1.5764753075641726,1.944,file_order,41,71,0,f14e0b5a6c2201148c6bc36287c69312a2e33e2ac90b315cb0ed9fa76f17a498,public_data/benchmark/gate0/temperature_panel2/models/2jneA00_rfd3_rfd3_inputs_spec-1_0_model_0_retry_1_1_T0.1_6.pdb.gz,monomer,full_dbs,2020-05-14,ok,
2jneA00|rfd3|rfd3_inputs_spec-1_0_model_0_retry_1_1|T0.1|7,2jneA00|rfd3|rfd3_inputs_spec-1_0_model_0_retry_1_1,2jneA00,0.1,rfd3,0.5984169137015797,89.59929577464789,1.8051304375134813,2.252,file_order,41,71,0,f14e0b5a6c2201148c6bc36287c69312a2e33e2ac90b315cb0ed9fa76f17a498,public_data/benchmark/gate0/temperature_panel2/models/2jneA00_rfd3_rfd3_inputs_spec-1_0_model_0_retry_1_1_T0.1_7.pdb.gz,monomer,full_dbs,2020-05-14,ok,
2jneA00|rfd3|rfd3_inputs_spec-1_0_model_0_retry_1_1|T0.2|0,2jneA00|rfd3|rfd3_inputs_spec-1_0_model_0_retry_1_1,2jneA00,0.2,rfd3,0.6024717194255064,89.76042253521126,1.3837084617437378,1.8339,file_order,41,71,0,f14e0b5a6c2201148c6bc36287c69312a2e33e2ac90b315cb0ed9fa76f17a498,public_data/benchmark/gate0/temperature_panel2/models/2jneA00_rfd3_rfd3_inputs_spec-1_0_model_0_retry_1_1_T0.2_0.pdb.gz,monomer,full_dbs,2020-05-14,ok,
2jneA00|rfd3|rfd3_inputs_spec-1_0_model_0_retry_1_1|T0.2|1,2jneA00|rfd3|rfd3_inputs_spec-1_0_model_0_retry_1_1,2jneA00,0.2,rfd3,0.6178808999908293,90.25647887323943,2.0270367954628883,2.4263,file_order,41,71,0,f14e0b5a6c2201148c6bc36287c69312a2e33e2ac90b315cb0ed9fa76f17a498,public_data/benchmark/gate0/temperature_panel2/models/2jneA00_rfd3_rfd3_inputs_spec-1_0_model_0_retry_1_1_T0.2_1.pdb.gz,monomer,full_dbs,2020-05-14,ok,
2jneA00|rfd3|rfd3_inputs_spec-1_0_model_0_retry_1_1|T0.2|3,2jneA00|rfd3|rfd3_inputs_spec-1_0_model_0_retry_1_1,2jneA00,0.2,rfd3,0.6726070170677605,90.29366197183099,2.3982346966075827,2.9082,file_order,41,71,0,f14e0b5a6c2201148c6bc36287c69312a2e33e2ac90b315cb0ed9fa76f17a498,public_data/benchmark/gate0/temperature_panel2/models/2jneA00_rfd3_rfd3_inputs_spec-1_0_model_0_retry_1_1_T0.2_3.pdb.gz,monomer,full_dbs,2020-05-14,ok,
2jneA00|rfd3|rfd3_inputs_spec-1_0_model_0_retry_1_1|T0.2|4,2jneA00|rfd3|rfd3_inputs_spec-1_0_model_0_retry_1_1,2jneA00,0.2,rfd3,0.5613790051931662,93.89535211267605,2.896843143245873,3.4689,file_order,41,71,0,f14e0b5a6c2201148c6bc36287c69312a2e33e2ac90b315cb0ed9fa76f17a498,public_data/benchmark/gate0/temperature_panel2/models/2jneA00_rfd3_rfd3_inputs_spec-1_0_model_0_retry_1_1_T0.2_4.pdb.gz,monomer,full_dbs,2020-05-14,ok,
2jneA00|rfd3|rfd3_inputs_spec-1_0_model_0_retry_1_1|T0.2|5,2jneA00|rfd3|rfd3_inputs_spec-1_0_model_0_retry_1_1,2jneA00,0.2,rfd3,0.7016591809026156,91.4269014084507,1.3031813353977266,1.8493,file_order,41,71,0,f14e0b5a6c2201148c6bc36287c69312a2e33e2ac90b315cb0ed9fa76f17a498,public_data/benchmark/gate0/temperature_panel2/models/2jneA00_rfd3_rfd3_inputs_spec-1_0_model_0_retry_1_1_T0.2_5.pdb.gz,monomer,full_dbs,2020-05-14,ok,
2jneA00|rfd3|rfd3_inputs_spec-1_0_model_0_retry_1_1|T0.2|6,2jneA00|rfd3|rfd3_inputs_spec-1_0_model_0_retry_1_1,2jneA00,0.2,rfd3,0.6732270160985662,90.59788732394365,1.7351341480391869,2.1673,file_order,41,71,0,f14e0b5a6c2201148c6bc36287c69312a2e33e2ac90b315cb0ed9fa76f17a498,public_data/benchmark/gate0/temperature_panel2/models/2jneA00_rfd3_rfd3_inputs_spec-1_0_model_0_retry_1_1_T0.2_6.pdb.gz,monomer,full_dbs,2020-05-14,ok,
2jneA00|rfd3|rfd3_inputs_spec-1_0_model_0_retry_1_1|T0.2|7,2jneA00|rfd3|rfd3_inputs_spec-1_0_model_0_retry_1_1,2jneA00,0.2,rfd3,0.622525527146738,92.78478873239438,1.9607178051895566,2.478,file_order,41,71,0,f14e0b5a6c2201148c6bc36287c69312a2e33e2ac90b315cb0ed9fa76f17a498,public_data/benchmark/gate0/temperature_panel2/models/2jneA00_rfd3_rfd3_inputs_spec-1_0_model_0_retry_1_1_T0.2_7.pdb.gz,monomer,full_dbs,2020-05-14,ok,
2jneA00|rfd3|rfd3_inputs_spec-1_0_model_0_retry_1_1|T0.3|0,2jneA00|rfd3|rfd3_inputs_spec-1_0_model_0_retry_1_1,2jneA00,0.3,rfd3,0.5236443235396976,92.55647887323944,2.1589476349182473,2.6471,file_order,41,71,0,f14e0b5a6c2201148c6bc36287c69312a2e33e2ac90b315cb0ed9fa76f17a498,public_data/benchmark/gate0/temperature_panel2/models/2jneA00_rfd3_rfd3_inputs_spec-1_0_model_0_retry_1_1_T0.3_0.pdb.gz,monomer,full_dbs,2020-05-14,ok,
2jneA00|rfd3|rfd3_inputs_spec-1_0_model_0_retry_1_1|T0.3|1,2jneA00|rfd3|rfd3_inputs_spec-1_0_model_0_retry_1_1,2jneA00,0.3,rfd3,0.7156157209311229,90.5069014084507,1.2628399722395998,1.7362,file_order,41,71,0,f14e0b5a6c2201148c6bc36287c69312a2e33e2ac90b315cb0ed9fa76f17a498,public_data/benchmark/gate0/temperature_panel2/models/2jneA00_rfd3_rfd3_inputs_spec-1_0_model_0_retry_1_1_T0.3_1.pdb.gz,monomer,full_dbs,2020-05-14,ok,
2jneA00|rfd3|rfd3_inputs_spec-1_0_model_0_retry_1_1|T0.3|2,2jneA00|rfd3|rfd3_inputs_spec-1_0_model_0_retry_1_1,2jneA00,0.3,rfd3,0.41191454939812333,94.34323943661971,3.1164781803477615,3.7888,file_order,41,71,0,f14e0b5a6c2201148c6bc36287c69312a2e33e2ac90b315cb0ed9fa76f17a498,public_data/benchmark/gate0/temperature_panel2/models/2jneA00_rfd3_rfd3_inputs_spec-1_0_model_0_retry_1_1_T0.3_2.pdb.gz,monomer,full_dbs,2020-05-14,ok,
2jneA00|rfd3|rfd3_inputs_spec-1_0_model_0_retry_1_1|T0.2|2,2jneA00|rfd3|rfd3_inputs_spec-1_0_model_0_retry_1_1,2jneA00,0.2,rfd3,0.5745113768634783,93.5043661971831,2.996863668410112,3.4926,file_order,41,71,0,f14e0b5a6c2201148c6bc36287c69312a2e33e2ac90b315cb0ed9fa76f17a498,public_data/benchmark/gate0/temperature_panel2/models/2jneA00_rfd3_rfd3_inputs_spec-1_0_model_0_retry_1_1_T0.2_2.pdb.gz,monomer,full_dbs,2020-05-14,ok,
2jneA00|rfd3|rfd3_inputs_spec-1_0_model_0_retry_1_1|T0.3|3,2jneA00|rfd3|rfd3_inputs_spec-1_0_model_0_retry_1_1,2jneA00,0.3,rfd3,0.6915389599434476,89.32295774647888,3.235460358631183,3.851,file_order,41,71,0,f14e0b5a6c2201148c6bc36287c69312a2e33e2ac90b315cb0ed9fa76f17a498,public_data/benchmark/gate0/temperature_panel2/models/2jneA00_rfd3_rfd3_inputs_spec-1_0_model_0_retry_1_1_T0.3_3.pdb.gz,monomer,full_dbs,2020-05-14,ok,
2jneA00|rfd3|rfd3_inputs_spec-1_0_model_0_retry_1_1|T0.3|4,2jneA00|rfd3|rfd3_inputs_spec-1_0_model_0_retry_1_1,2jneA00,0.3,rfd3,0.5187236349562668,89.59985915492958,1.1735627370346096,1.6377,file_order,41,71,0,f14e0b5a6c2201148c6bc36287c69312a2e33e2ac90b315cb0ed9fa76f17a498,public_data/benchmark/gate0/temperature_panel2/models/2jneA00_rfd3_rfd3_inputs_spec-1_0_model_0_retry_1_1_T0.3_4.pdb.gz,monomer,full_dbs,2020-05-14,ok,
2jneA00|rfd3|rfd3_inputs_spec-1_0_model_0_retry_1_1|T0.3|5,2jneA00|rfd3|rfd3_inputs_spec-1_0_model_0_retry_1_1,2jneA00,0.3,rfd3,0.522941626650107,90.83774647887323,2.479606039762643,2.9099,file_order,41,71,0,f14e0b5a6c2201148c6bc36287c69312a2e33e2ac90b315cb0ed9fa76f17a498,public_data/benchmark/gate0/temperature_panel2/models/2jneA00_rfd3_rfd3_inputs_spec-1_0_model_0_retry_1_1_T0.3_5.pdb.gz,monomer,full_dbs,2020-05-14,ok,
2jneA00|rfd3|rfd3_inputs_spec-1_0_model_0_retry_1_1|T0.3|6,2jneA00|rfd3|rfd3_inputs_spec-1_0_model_0_retry_1_1,2jneA00,0.3,rfd3,0.5523427352166534,90.44183098591549,2.1663619296484335,2.6766,file_order,41,71,0,f14e0b5a6c2201148c6bc36287c69312a2e33e2ac90b315cb0ed9fa76f17a498,public_data/benchmark/gate0/temperature_panel2/models/2jneA00_rfd3_rfd3_inputs_spec-1_0_model_0_retry_1_1_T0.3_6.pdb.gz,monomer,full_dbs,2020-05-14,ok,
1jygA00|bioemu|bioemu_003|T0.05|0,1jygA00|bioemu|bioemu_003,1jygA00,0.05,bioemu,0.869201049835978,88.41202898550725,0.7189859429302118,3.3405,file_order,42,69,0,33a28967aceb872d59a4803ef9a6a932e2021ea6b86b96505da64e1a8aab64f9,public_data/benchmark/gate0/temperature_panel2/models/1jygA00_bioemu_bioemu_003_T0.05_0.pdb.gz,monomer,full_dbs,2020-05-14,ok,
2jneA00|rfd3|rfd3_inputs_spec-1_0_model_0_retry_1_1|T0.3|7,2jneA00|rfd3|rfd3_inputs_spec-1_0_model_0_retry_1_1,2jneA00,0.3,rfd3,0.5530391397881317,92.09492957746478,1.786390295659963,2.2332,file_order,41,71,0,f14e0b5a6c2201148c6bc36287c69312a2e33e2ac90b315cb0ed9fa76f17a498,public_data/benchmark/gate0/temperature_panel2/models/2jneA00_rfd3_rfd3_inputs_spec-1_0_model_0_retry_1_1_T0.3_7.pdb.gz,monomer,full_dbs,2020-05-14,ok,
1jygA00|bioemu|bioemu_003|T0.05|1,1jygA00|bioemu|bioemu_003,1jygA00,0.05,bioemu,0.8806143594777198,84.74057971014493,0.8512547339651118,4.011,file_order,42,69,0,33a28967aceb872d59a4803ef9a6a932e2021ea6b86b96505da64e1a8aab64f9,public_data/benchmark/gate0/temperature_panel2/models/1jygA00_bioemu_bioemu_003_T0.05_1.pdb.gz,monomer,full_dbs,2020-05-14,ok,
1jygA00|bioemu|bioemu_003|T0.05|2,1jygA00|bioemu|bioemu_003,1jygA00,0.05,bioemu,0.9265247915018193,81.59231884057971,0.915272301352547,2.9229,file_order,42,69,0,33a28967aceb872d59a4803ef9a6a932e2021ea6b86b96505da64e1a8aab64f9,public_data/benchmark/gate0/temperature_panel2/models/1jygA00_bioemu_bioemu_003_T0.05_2.pdb.gz,monomer,full_dbs,2020-05-14,ok,
1jygA00|bioemu|bioemu_003|T0.05|4,1jygA00|bioemu|bioemu_003,1jygA00,0.05,bioemu,0.9109911274439514,79.18246376811594,1.5081874408642721,2.867,file_order,42,69,0,33a28967aceb872d59a4803ef9a6a932e2021ea6b86b96505da64e1a8aab64f9,public_data/benchmark/gate0/temperature_panel2/models/1jygA00_bioemu_bioemu_003_T0.05_4.pdb.gz,monomer,full_dbs,2020-05-14,ok,
1jygA00|bioemu|bioemu_003|T0.05|3,1jygA00|bioemu|bioemu_003,1jygA00,0.05,bioemu,0.9322293258424498,85.51434782608695,0.7293159951680541,3.627,file_order,42,69,0,33a28967aceb872d59a4803ef9a6a932e2021ea6b86b96505da64e1a8aab64f9,public_data/benchmark/gate0/temperature_panel2/models/1jygA00_bioemu_bioemu_003_T0.05_3.pdb.gz,monomer,full_dbs,2020-05-14,ok,
1jygA00|bioemu|bioemu_003|T0.05|5,1jygA00|bioemu|bioemu_003,1jygA00,0.05,bioemu,0.9253320329855588,86.06101449275363,0.7504555686406469,3.6629,file_order,42,69,0,33a28967aceb872d59a4803ef9a6a932e2021ea6b86b96505da64e1a8aab64f9,public_data/benchmark/gate0/temperature_panel2/models/1jygA00_bioemu_bioemu_003_T0.05_5.pdb.gz,monomer,full_dbs,2020-05-14,ok,
1jygA00|bioemu|bioemu_003|T0.05|6,1jygA00|bioemu|bioemu_003,1jygA00,0.05,bioemu,0.9542982899703919,79.97202898550724,0.888746969612716,4.3917,file_order,42,69,0,33a28967aceb872d59a4803ef9a6a932e2021ea6b86b96505da64e1a8aab64f9,public_data/benchmark/gate0/temperature_panel2/models/1jygA00_bioemu_bioemu_003_T0.05_6.pdb.gz,monomer,full_dbs,2020-05-14,ok,
1jygA00|bioemu|bioemu_003|T0.05|7,1jygA00|bioemu|bioemu_003,1jygA00,0.05,bioemu,0.9432060561548248,83.08246376811594,0.6140873341578069,3.7037,file_order,42,69,0,33a28967aceb872d59a4803ef9a6a932e2021ea6b86b96505da64e1a8aab64f9,public_data/benchmark/gate0/temperature_panel2/models/1jygA00_bioemu_bioemu_003_T0.05_7.pdb.gz,monomer,full_dbs,2020-05-14,ok,
1jygA00|bioemu|bioemu_003|T0.1|1,1jygA00|bioemu|bioemu_003,1jygA00,0.1,bioemu,0.8908750032339408,75.6472463768116,1.5998588251521093,2.9592,file_order,42,69,0,33a28967aceb872d59a4803ef9a6a932e2021ea6b86b96505da64e1a8aab64f9,public_data/benchmark/gate0/temperature_panel2/models/1jygA00_bioemu_bioemu_003_T0.1_1.pdb.gz,monomer,full_dbs,2020-05-14,ok,
1jygA00|bioemu|bioemu_003|T0.1|0,1jygA00|bioemu|bioemu_003,1jygA00,0.1,bioemu,0.9177946753129541,85.40434782608695,0.7191833643832676,4.594,file_order,42,69,0,33a28967aceb872d59a4803ef9a6a932e2021ea6b86b96505da64e1a8aab64f9,public_data/benchmark/gate0/temperature_panel2/models/1jygA00_bioemu_bioemu_003_T0.1_0.pdb.gz,monomer,full_dbs,2020-05-14,ok,
1jygA00|bioemu|bioemu_003|T0.1|2,1jygA00|bioemu|bioemu_003,1jygA00,0.1,bioemu,0.9424246974441923,85.81797101449274,1.7071643328627037,2.6094,file_order,42,69,0,33a28967aceb872d59a4803ef9a6a932e2021ea6b86b96505da64e1a8aab64f9,public_data/benchmark/gate0/temperature_panel2/models/1jygA00_bioemu_bioemu_003_T0.1_2.pdb.gz,monomer,full_dbs,2020-05-14,ok,
1jygA00|bioemu|bioemu_003|T0.1|3,1jygA00|bioemu|bioemu_003,1jygA00,0.1,bioemu,0.9093321208479364,80.36289855072464,0.9041627823586719,3.669,file_order,42,69,0,33a28967aceb872d59a4803ef9a6a932e2021ea6b86b96505da64e1a8aab64f9,public_data/benchmark/gate0/temperature_panel2/models/1jygA00_bioemu_bioemu_003_T0.1_3.pdb.gz,monomer,full_dbs,2020-05-14,ok,
1jygA00|bioemu|bioemu_003|T0.1|5,1jygA00|bioemu|bioemu_003,1jygA00,0.1,bioemu,0.9375208324618871,82.03710144927537,0.8534148624656662,3.7877,file_order,42,69,0,33a28967aceb872d59a4803ef9a6a932e2021ea6b86b96505da64e1a8aab64f9,public_data/benchmark/gate0/temperature_panel2/models/1jygA00_bioemu_bioemu_003_T0.1_5.pdb.gz,monomer,full_dbs,2020-05-14,ok,
1jygA00|bioemu|bioemu_003|T0.1|4,1jygA00|bioemu|bioemu_003,1jygA00,0.1,bioemu,0.9230989846627305,85.04507246376811,0.7742487535053065,3.6866,file_order,42,69,0,33a28967aceb872d59a4803ef9a6a932e2021ea6b86b96505da64e1a8aab64f9,public_data/benchmark/gate0/temperature_panel2/models/1jygA00_bioemu_bioemu_003_T0.1_4.pdb.gz,monomer,full_dbs,2020-05-14,ok,
1jygA00|bioemu|bioemu_003|T0.1|7,1jygA00|bioemu|bioemu_003,1jygA00,0.1,bioemu,0.9218553038481149,79.71753623188405,0.76742278320471,3.0363,file_order,42,69,0,33a28967aceb872d59a4803ef9a6a932e2021ea6b86b96505da64e1a8aab64f9,public_data/benchmark/gate0/temperature_panel2/models/1jygA00_bioemu_bioemu_003_T0.1_7.pdb.gz,monomer,full_dbs,2020-05-14,ok,
1jygA00|bioemu|bioemu_003|T0.1|6,1jygA00|bioemu|bioemu_003,1jygA00,0.1,bioemu,0.922892972015897,84.27217391304347,0.8418357067301347,4.1095,file_order,42,69,0,33a28967aceb872d59a4803ef9a6a932e2021ea6b86b96505da64e1a8aab64f9,public_data/benchmark/gate0/temperature_panel2/models/1jygA00_bioemu_bioemu_003_T0.1_6.pdb.gz,monomer,full_dbs,2020-05-14,ok,
1jygA00|bioemu|bioemu_003|T0.2|0,1jygA00|bioemu|bioemu_003,1jygA00,0.2,bioemu,0.9083716636555211,81.68173913043478,0.8627156702729425,2.624,file_order,42,69,0,33a28967aceb872d59a4803ef9a6a932e2021ea6b86b96505da64e1a8aab64f9,public_data/benchmark/gate0/temperature_panel2/models/1jygA00_bioemu_bioemu_003_T0.2_0.pdb.gz,monomer,full_dbs,2020-05-14,ok,
1jygA00|bioemu|bioemu_003|T0.2|3,1jygA00|bioemu|bioemu_003,1jygA00,0.2,bioemu,0.8874472953384017,82.97869565217391,0.7919382401457671,2.9087,file_order,42,69,0,33a28967aceb872d59a4803ef9a6a932e2021ea6b86b96505da64e1a8aab64f9,public_data/benchmark/gate0/temperature_panel2/models/1jygA00_bioemu_bioemu_003_T0.2_3.pdb.gz,monomer,full_dbs,2020-05-14,ok,
1jygA00|bioemu|bioemu_003|T0.2|1,1jygA00|bioemu|bioemu_003,1jygA00,0.2,bioemu,0.9093321208479364,83.2168115942029,0.8057761577523099,4.8061,file_order,42,69,0,33a28967aceb872d59a4803ef9a6a932e2021ea6b86b96505da64e1a8aab64f9,public_data/benchmark/gate0/temperature_panel2/models/1jygA00_bioemu_bioemu_003_T0.2_1.pdb.gz,monomer,full_dbs,2020-05-14,ok,
1jygA00|bioemu|bioemu_003|T0.2|2,1jygA00|bioemu|bioemu_003,1jygA00,0.2,bioemu,0.9433611275338292,84.80985507246378,0.6857450478741597,4.5004,file_order,42,69,0,33a28967aceb872d59a4803ef9a6a932e2021ea6b86b96505da64e1a8aab64f9,public_data/benchmark/gate0/temperature_panel2/models/1jygA00_bioemu_bioemu_003_T0.2_2.pdb.gz,monomer,full_dbs,2020-05-14,ok,
1jygA00|bioemu|bioemu_003|T0.2|4,1jygA00|bioemu|bioemu_003,1jygA00,0.2,bioemu,0.9024147460481439,86.58376811594202,0.7739330338399985,3.6229,file_order,42,69,0,33a28967aceb872d59a4803ef9a6a932e2021ea6b86b96505da64e1a8aab64f9,public_data/benchmark/gate0/temperature_panel2/models/1jygA00_bioemu_bioemu_003_T0.2_4.pdb.gz,monomer,full_dbs,2020-05-14,ok,
1jygA00|bioemu|bioemu_003|T0.2|5,1jygA00|bioemu|bioemu_003,1jygA00,0.2,bioemu,0.8589936399375317,87.44710144927537,0.643941260615914,3.0124,file_order,42,69,0,33a28967aceb872d59a4803ef9a6a932e2021ea6b86b96505da64e1a8aab64f9,public_data/benchmark/gate0/temperature_panel2/models/1jygA00_bioemu_bioemu_003_T0.2_5.pdb.gz,monomer,full_dbs,2020-05-14,ok,
1jygA00|bioemu|bioemu_003|T0.3|0,1jygA00|bioemu|bioemu_003,1jygA00,0.3,bioemu,0.8603921345995111,79.72884057971014,0.8610169028991908,2.8134,file_order,42,69,0,33a28967aceb872d59a4803ef9a6a932e2021ea6b86b96505da64e1a8aab64f9,public_data/benchmark/gate0/temperature_panel2/models/1jygA00_bioemu_bioemu_003_T0.3_0.pdb.gz,monomer,full_dbs,2020-05-14,ok,
1jygA00|bioemu|bioemu_003|T0.3|1,1jygA00|bioemu|bioemu_003,1jygA00,0.3,bioemu,0.9324122206633169,85.17173913043479,0.8180507721248591,3.3132,file_order,42,69,0,33a28967aceb872d59a4803ef9a6a932e2021ea6b86b96505da64e1a8aab64f9,public_data/benchmark/gate0/temperature_panel2/models/1jygA00_bioemu_bioemu_003_T0.3_1.pdb.gz,monomer,full_dbs,2020-05-14,ok,
1jygA00|bioemu|bioemu_003|T0.3|2,1jygA00|bioemu|bioemu_003,1jygA00,0.3,bioemu,0.758264553092278,84.92971014492753,0.8853356004798277,3.4318,file_order,42,69,0,33a28967aceb872d59a4803ef9a6a932e2021ea6b86b96505da64e1a8aab64f9,public_data/benchmark/gate0/temperature_panel2/models/1jygA00_bioemu_bioemu_003_T0.3_2.pdb.gz,monomer,full_dbs,2020-05-14,ok,
1jygA00|bioemu|bioemu_003|T0.3|3,1jygA00|bioemu|bioemu_003,1jygA00,0.3,bioemu,0.8499861910015478,81.03347826086957,7.65495573157477,9.8166,file_order,42,69,0,33a28967aceb872d59a4803ef9a6a932e2021ea6b86b96505da64e1a8aab64f9,public_data/benchmark/gate0/temperature_panel2/models/1jygA00_bioemu_bioemu_003_T0.3_3.pdb.gz,monomer,full_dbs,2020-05-14,ok,
1jygA00|bioemu|bioemu_003|T0.3|4,1jygA00|bioemu|bioemu_003,1jygA00,0.3,bioemu,0.8784647048433132,83.48449275362319,1.1065414720876512,4.655,file_order,42,69,0,33a28967aceb872d59a4803ef9a6a932e2021ea6b86b96505da64e1a8aab64f9,public_data/benchmark/gate0/temperature_panel2/models/1jygA00_bioemu_bioemu_003_T0.3_4.pdb.gz,monomer,full_dbs,2020-05-14,ok,
1jygA00|bioemu|bioemu_003|T0.3|5,1jygA00|bioemu|bioemu_003,1jygA00,0.3,bioemu,0.7733362624536241,80.06869565217391,0.8760598682102227,4.1238,file_order,42,69,0,33a28967aceb872d59a4803ef9a6a932e2021ea6b86b96505da64e1a8aab64f9,public_data/benchmark/gate0/temperature_panel2/models/1jygA00_bioemu_bioemu_003_T0.3_5.pdb.gz,monomer,full_dbs,2020-05-14,ok,
1jygA00|bioemu|bioemu_003|T0.3|6,1jygA00|bioemu|bioemu_003,1jygA00,0.3,bioemu,0.8289169721843821,77.82289855072463,1.1973392221529269,2.7041,file_order,42,69,0,33a28967aceb872d59a4803ef9a6a932e2021ea6b86b96505da64e1a8aab64f9,public_data/benchmark/gate0/temperature_panel2/models/1jygA00_bioemu_bioemu_003_T0.3_6.pdb.gz,monomer,full_dbs,2020-05-14,ok,
1b5aA00|bioemu|bioemu_003|T0.05|0,1b5aA00|bioemu|bioemu_003,1b5aA00,0.05,bioemu,0.813541992100009,79.37872340425533,1.0699096260107461,2.2112,file_order,39,94,0,623321363b34cf1ededa3f6741f6c22b6eb463e1f856a4e990294565e1e4a0d2,public_data/benchmark/gate0/temperature_panel2/models/1b5aA00_bioemu_bioemu_003_T0.05_0.pdb.gz,monomer,full_dbs,2020-05-14,ok,
1jygA00|bioemu|bioemu_003|T0.3|7,1jygA00|bioemu|bioemu_003,1jygA00,0.3,bioemu,0.79158281787373,84.77478260869566,0.7718167556808175,4.6258,file_order,42,69,0,33a28967aceb872d59a4803ef9a6a932e2021ea6b86b96505da64e1a8aab64f9,public_data/benchmark/gate0/temperature_panel2/models/1jygA00_bioemu_bioemu_003_T0.3_7.pdb.gz,monomer,full_dbs,2020-05-14,ok,
1b5aA00|bioemu|bioemu_003|T0.05|1,1b5aA00|bioemu|bioemu_003,1b5aA00,0.05,bioemu,0.8882700977665849,76.4836170212766,1.1518607980451319,4.5397,file_order,39,94,0,623321363b34cf1ededa3f6741f6c22b6eb463e1f856a4e990294565e1e4a0d2,public_data/benchmark/gate0/temperature_panel2/models/1b5aA00_bioemu_bioemu_003_T0.05_1.pdb.gz,monomer,full_dbs,2020-05-14,ok,
1b5aA00|bioemu|bioemu_003|T0.05|2,1b5aA00|bioemu|bioemu_003,1b5aA00,0.05,bioemu,0.8486761367185977,79.48840425531915,1.3516663064066883,3.6211,file_order,39,94,0,623321363b34cf1ededa3f6741f6c22b6eb463e1f856a4e990294565e1e4a0d2,public_data/benchmark/gate0/temperature_panel2/models/1b5aA00_bioemu_bioemu_003_T0.05_2.pdb.gz,monomer,full_dbs,2020-05-14,ok,
1jygA00|bioemu|bioemu_003|T0.2|6,1jygA00|bioemu|bioemu_003,1jygA00,0.2,bioemu,0.8046559094528867,86.37130434782608,0.7016616863800147,3.9053,file_order,42,69,0,33a28967aceb872d59a4803ef9a6a932e2021ea6b86b96505da64e1a8aab64f9,public_data/benchmark/gate0/temperature_panel2/models/1jygA00_bioemu_bioemu_003_T0.2_6.pdb.gz,monomer,full_dbs,2020-05-14,ok,
1b5aA00|bioemu|bioemu_003|T0.05|3,1b5aA00|bioemu|bioemu_003,1b5aA00,0.05,bioemu,0.7798308377129017,80.98372340425531,1.9536705137492365,2.7227,file_order,39,94,0,623321363b34cf1ededa3f6741f6c22b6eb463e1f856a4e990294565e1e4a0d2,public_data/benchmark/gate0/temperature_panel2/models/1b5aA00_bioemu_bioemu_003_T0.05_3.pdb.gz,monomer,full_dbs,2020-05-14,ok,
1b5aA00|bioemu|bioemu_003|T0.05|4,1b5aA00|bioemu|bioemu_003,1b5aA00,0.05,bioemu,0.8195966307164777,82.91340425531915,1.371316031260712,2.9593,file_order,39,94,0,623321363b34cf1ededa3f6741f6c22b6eb463e1f856a4e990294565e1e4a0d2,public_data/benchmark/gate0/temperature_panel2/models/1b5aA00_bioemu_bioemu_003_T0.05_4.pdb.gz,monomer,full_dbs,2020-05-14,ok,
1b5aA00|bioemu|bioemu_003|T0.05|5,1b5aA00|bioemu|bioemu_003,1b5aA00,0.05,bioemu,0.8473048401826901,76.59021276595745,0.9148815187143781,3.3566,file_order,39,94,0,623321363b34cf1ededa3f6741f6c22b6eb463e1f856a4e990294565e1e4a0d2,public_data/benchmark/gate0/temperature_panel2/models/1b5aA00_bioemu_bioemu_003_T0.05_5.pdb.gz,monomer,full_dbs,2020-05-14,ok,
1b5aA00|bioemu|bioemu_003|T0.05|6,1b5aA00|bioemu|bioemu_003,1b5aA00,0.05,bioemu,0.813541992100009,78.01478723404256,0.932205332035654,4.26,file_order,39,94,0,623321363b34cf1ededa3f6741f6c22b6eb463e1f856a4e990294565e1e4a0d2,public_data/benchmark/gate0/temperature_panel2/models/1b5aA00_bioemu_bioemu_003_T0.05_6.pdb.gz,monomer,full_dbs,2020-05-14,ok,
1b5aA00|bioemu|bioemu_003|T0.05|7,1b5aA00|bioemu|bioemu_003,1b5aA00,0.05,bioemu,0.8285405734248825,76.67691489361702,1.1567397252526295,4.3105,file_order,39,94,0,623321363b34cf1ededa3f6741f6c22b6eb463e1f856a4e990294565e1e4a0d2,public_data/benchmark/gate0/temperature_panel2/models/1b5aA00_bioemu_bioemu_003_T0.05_7.pdb.gz,monomer,full_dbs,2020-05-14,ok,
1b5aA00|bioemu|bioemu_003|T0.1|0,1b5aA00|bioemu|bioemu_003,1b5aA00,0.1,bioemu,0.8411498487710699,77.34414893617021,1.051444825355531,2.553,file_order,39,94,0,623321363b34cf1ededa3f6741f6c22b6eb463e1f856a4e990294565e1e4a0d2,public_data/benchmark/gate0/temperature_panel2/models/1b5aA00_bioemu_bioemu_003_T0.1_0.pdb.gz,monomer,full_dbs,2020-05-14,ok,
1b5aA00|bioemu|bioemu_003|T0.1|2,1b5aA00|bioemu|bioemu_003,1b5aA00,0.1,bioemu,0.8233409715249546,80.71734042553192,1.1458688500700538,2.7076,file_order,39,94,0,623321363b34cf1ededa3f6741f6c22b6eb463e1f856a4e990294565e1e4a0d2,public_data/benchmark/gate0/temperature_panel2/models/1b5aA00_bioemu_bioemu_003_T0.1_2.pdb.gz,monomer,full_dbs,2020-05-14,ok,
1b5aA00|bioemu|bioemu_003|T0.1|3,1b5aA00|bioemu|bioemu_003,1b5aA00,0.1,bioemu,0.7849024987446678,80.14489361702128,1.2379613238287535,2.4727,file_order,39,94,0,623321363b34cf1ededa3f6741f6c22b6eb463e1f856a4e990294565e1e4a0d2,public_data/benchmark/gate0/temperature_panel2/models/1b5aA00_bioemu_bioemu_003_T0.1_3.pdb.gz,monomer,full_dbs,2020-05-14,ok,
1b5aA00|bioemu|bioemu_003|T0.1|4,1b5aA00|bioemu|bioemu_003,1b5aA00,0.1,bioemu,0.855381312086633,82.2468085106383,1.5117949834229212,2.9246,file_order,39,94,0,623321363b34cf1ededa3f6741f6c22b6eb463e1f856a4e990294565e1e4a0d2,public_data/benchmark/gate0/temperature_panel2/models/1b5aA00_bioemu_bioemu_003_T0.1_4.pdb.gz,monomer,full_dbs,2020-05-14,ok,
1b5aA00|bioemu|bioemu_003|T0.1|5,1b5aA00|bioemu|bioemu_003,1b5aA00,0.1,bioemu,0.8841945978973166,78.21797872340426,0.9892728614799354,2.9494,file_order,39,94,0,623321363b34cf1ededa3f6741f6c22b6eb463e1f856a4e990294565e1e4a0d2,public_data/benchmark/gate0/temperature_panel2/models/1b5aA00_bioemu_bioemu_003_T0.1_5.pdb.gz,monomer,full_dbs,2020-05-14,ok,
1b5aA00|bioemu|bioemu_003|T0.1|6,1b5aA00|bioemu|bioemu_003,1b5aA00,0.1,bioemu,0.9078854335557227,73.99148936170212,1.2553651574996008,2.7276,file_order,39,94,0,623321363b34cf1ededa3f6741f6c22b6eb463e1f856a4e990294565e1e4a0d2,public_data/benchmark/gate0/temperature_panel2/models/1b5aA00_bioemu_bioemu_003_T0.1_6.pdb.gz,monomer,full_dbs,2020-05-14,ok,
1b5aA00|bioemu|bioemu_003|T0.1|7,1b5aA00|bioemu|bioemu_003,1b5aA00,0.1,bioemu,0.8402951173826231,82.98489361702127,1.4506629835680673,2.8108,file_order,39,94,0,623321363b34cf1ededa3f6741f6c22b6eb463e1f856a4e990294565e1e4a0d2,public_data/benchmark/gate0/temperature_panel2/models/1b5aA00_bioemu_bioemu_003_T0.1_7.pdb.gz,monomer,full_dbs,2020-05-14,ok,
1b5aA00|bioemu|bioemu_003|T0.1|1,1b5aA00|bioemu|bioemu_003,1b5aA00,0.1,bioemu,0.876348625090258,72.15914893617021,1.291895315286387,3.5457,file_order,39,94,0,623321363b34cf1ededa3f6741f6c22b6eb463e1f856a4e990294565e1e4a0d2,public_data/benchmark/gate0/temperature_panel2/models/1b5aA00_bioemu_bioemu_003_T0.1_1.pdb.gz,monomer,full_dbs,2020-05-14,ok,
1b5aA00|bioemu|bioemu_003|T0.2|0,1b5aA00|bioemu|bioemu_003,1b5aA00,0.2,bioemu,0.824882999697319,79.30244680851064,1.1441655358350071,2.7055,file_order,39,94,0,623321363b34cf1ededa3f6741f6c22b6eb463e1f856a4e990294565e1e4a0d2,public_data/benchmark/gate0/temperature_panel2/models/1b5aA00_bioemu_bioemu_003_T0.2_0.pdb.gz,monomer,full_dbs,2020-05-14,ok,
1b5aA00|bioemu|bioemu_003|T0.2|1,1b5aA00|bioemu|bioemu_003,1b5aA00,0.2,bioemu,0.8073319181708029,75.07382978723403,1.143015201652019,2.8462,file_order,39,94,0,623321363b34cf1ededa3f6741f6c22b6eb463e1f856a4e990294565e1e4a0d2,public_data/benchmark/gate0/temperature_panel2/models/1b5aA00_bioemu_bioemu_003_T0.2_1.pdb.gz,monomer,full_dbs,2020-05-14,ok,
1b5aA00|bioemu|bioemu_003|T0.2|2,1b5aA00|bioemu|bioemu_003,1b5aA00,0.2,bioemu,0.7801959280830898,77.28925531914894,1.0099528869509258,3.9233,file_order,39,94,0,623321363b34cf1ededa3f6741f6c22b6eb463e1f856a4e990294565e1e4a0d2,public_data/benchmark/gate0/temperature_panel2/models/1b5aA00_bioemu_bioemu_003_T0.2_2.pdb.gz,monomer,full_dbs,2020-05-14,ok,
1b5aA00|bioemu|bioemu_003|T0.2|3,1b5aA00|bioemu|bioemu_003,1b5aA00,0.2,bioemu,0.8093098387213339,75.59957446808511,1.2170911550582806,2.4703,file_order,39,94,0,623321363b34cf1ededa3f6741f6c22b6eb463e1f856a4e990294565e1e4a0d2,public_data/benchmark/gate0/temperature_panel2/models/1b5aA00_bioemu_bioemu_003_T0.2_3.pdb.gz,monomer,full_dbs,2020-05-14,ok,
1b5aA00|bioemu|bioemu_003|T0.2|4,1b5aA00|bioemu|bioemu_003,1b5aA00,0.2,bioemu,0.8648499303366588,78.07404255319149,1.378168030954477,2.9646,file_order,39,94,0,623321363b34cf1ededa3f6741f6c22b6eb463e1f856a4e990294565e1e4a0d2,public_data/benchmark/gate0/temperature_panel2/models/1b5aA00_bioemu_bioemu_003_T0.2_4.pdb.gz,monomer,full_dbs,2020-05-14,ok,
1b5aA00|bioemu|bioemu_003|T0.2|5,1b5aA00|bioemu|bioemu_003,1b5aA00,0.2,bioemu,0.8618377487086668,75.5618085106383,1.2359312357247056,3.0928,file_order,39,94,0,623321363b34cf1ededa3f6741f6c22b6eb463e1f856a4e990294565e1e4a0d2,public_data/benchmark/gate0/temperature_panel2/models/1b5aA00_bioemu_bioemu_003_T0.2_5.pdb.gz,monomer,full_dbs,2020-05-14,ok,
1b5aA00|bioemu|bioemu_003|T0.2|6,1b5aA00|bioemu|bioemu_003,1b5aA00,0.2,bioemu,0.7849024987446678,81.24265957446809,1.5809927827668397,2.6556,file_order,39,94,0,623321363b34cf1ededa3f6741f6c22b6eb463e1f856a4e990294565e1e4a0d2,public_data/benchmark/gate0/temperature_panel2/models/1b5aA00_bioemu_bioemu_003_T0.2_6.pdb.gz,monomer,full_dbs,2020-05-14,ok,
1b5aA00|bioemu|bioemu_003|T0.2|7,1b5aA00|bioemu|bioemu_003,1b5aA00,0.2,bioemu,0.8618377487086668,79.91308510638298,1.1760931789482887,4.3698,file_order,39,94,0,623321363b34cf1ededa3f6741f6c22b6eb463e1f856a4e990294565e1e4a0d2,public_data/benchmark/gate0/temperature_panel2/models/1b5aA00_bioemu_bioemu_003_T0.2_7.pdb.gz,monomer,full_dbs,2020-05-14,ok,
1b5aA00|bioemu|bioemu_003|T0.3|0,1b5aA00|bioemu|bioemu_003,1b5aA00,0.3,bioemu,0.7555639379489709,78.65808510638297,1.4582343409664313,2.5545,file_order,39,94,0,623321363b34cf1ededa3f6741f6c22b6eb463e1f856a4e990294565e1e4a0d2,public_data/benchmark/gate0/temperature_panel2/models/1b5aA00_bioemu_bioemu_003_T0.3_0.pdb.gz,monomer,full_dbs,2020-05-14,ok,
1b5aA00|bioemu|bioemu_003|T0.3|1,1b5aA00|bioemu|bioemu_003,1b5aA00,0.3,bioemu,0.7783661267788441,84.31787234042554,1.0404306213745544,2.0146,file_order,39,94,0,623321363b34cf1ededa3f6741f6c22b6eb463e1f856a4e990294565e1e4a0d2,public_data/benchmark/gate0/temperature_panel2/models/1b5aA00_bioemu_bioemu_003_T0.3_1.pdb.gz,monomer,full_dbs,2020-05-14,ok,
1b5aA00|bioemu|bioemu_003|T0.3|2,1b5aA00|bioemu|bioemu_003,1b5aA00,0.3,bioemu,0.8400093803244343,80.40042553191489,1.0625202156563163,4.4518,file_order,39,94,0,623321363b34cf1ededa3f6741f6c22b6eb463e1f856a4e990294565e1e4a0d2,public_data/benchmark/gate0/temperature_panel2/models/1b5aA00_bioemu_bioemu_003_T0.3_2.pdb.gz,monomer,full_dbs,2020-05-14,ok,
1b5aA00|bioemu|bioemu_003|T0.3|3,1b5aA00|bioemu|bioemu_003,1b5aA00,0.3,bioemu,0.7698091788880974,74.79010638297873,1.0537869259101518,4.7672,file_order,39,94,0,623321363b34cf1ededa3f6741f6c22b6eb463e1f856a4e990294565e1e4a0d2,public_data/benchmark/gate0/temperature_panel2/models/1b5aA00_bioemu_bioemu_003_T0.3_3.pdb.gz,monomer,full_dbs,2020-05-14,ok,
1b5aA00|bioemu|bioemu_003|T0.3|4,1b5aA00|bioemu|bioemu_003,1b5aA00,0.3,bioemu,0.8958475809213469,72.69585106382979,1.5240912998994112,2.9802,file_order,39,94,0,623321363b34cf1ededa3f6741f6c22b6eb463e1f856a4e990294565e1e4a0d2,public_data/benchmark/gate0/temperature_panel2/models/1b5aA00_bioemu_bioemu_003_T0.3_4.pdb.gz,monomer,full_dbs,2020-05-14,ok,
1b5aA00|bioemu|bioemu_003|T0.3|5,1b5aA00|bioemu|bioemu_003,1b5aA00,0.3,bioemu,0.7895354758292229,82.27138297872341,1.2865577055244666,4.0477,file_order,39,94,0,623321363b34cf1ededa3f6741f6c22b6eb463e1f856a4e990294565e1e4a0d2,public_data/benchmark/gate0/temperature_panel2/models/1b5aA00_bioemu_bioemu_003_T0.3_5.pdb.gz,monomer,full_dbs,2020-05-14,ok,
1b5aA00|bioemu|bioemu_003|T0.3|6,1b5aA00|bioemu|bioemu_003,1b5aA00,0.3,bioemu,0.8880587608527267,77.0413829787234,1.1458949783118724,2.5416,file_order,39,94,0,623321363b34cf1ededa3f6741f6c22b6eb463e1f856a4e990294565e1e4a0d2,public_data/benchmark/gate0/temperature_panel2/models/1b5aA00_bioemu_bioemu_003_T0.3_6.pdb.gz,monomer,full_dbs,2020-05-14,ok,
1koyA00|rfd3|rfd3_inputs_spec-1_0_model_0|T0.05|0,1koyA00|rfd3|rfd3_inputs_spec-1_0_model_0,1koyA00,0.05,rfd3,0.7991981517630928,87.92467741935484,0.9044373006924136,0.9551,file_order,47,62,0,18e7b5998e8056f72eb598569bbe33958e6894f93409f5573c5433c721242855,public_data/benchmark/gate0/temperature_panel2/models/1koyA00_rfd3_rfd3_inputs_spec-1_0_model_0_T0.05_0.pdb.gz,monomer,full_dbs,2020-05-14,ok,
1b5aA00|bioemu|bioemu_003|T0.3|7,1b5aA00|bioemu|bioemu_003,1b5aA00,0.3,bioemu,0.8675622413393456,82.34287234042553,1.1299309290489228,4.2784,file_order,39,94,0,623321363b34cf1ededa3f6741f6c22b6eb463e1f856a4e990294565e1e4a0d2,public_data/benchmark/gate0/temperature_panel2/models/1b5aA00_bioemu_bioemu_003_T0.3_7.pdb.gz,monomer,full_dbs,2020-05-14,ok,
1koyA00|rfd3|rfd3_inputs_spec-1_0_model_0|T0.05|1,1koyA00|rfd3|rfd3_inputs_spec-1_0_model_0,1koyA00,0.05,rfd3,0.725440866857689,86.40209677419355,3.446103540757997,3.5586,file_order,47,62,0,18e7b5998e8056f72eb598569bbe33958e6894f93409f5573c5433c721242855,public_data/benchmark/gate0/temperature_panel2/models/1koyA00_rfd3_rfd3_inputs_spec-1_0_model_0_T0.05_1.pdb.gz,monomer,full_dbs,2020-05-14,ok,
1koyA00|rfd3|rfd3_inputs_spec-1_0_model_0|T0.05|3,1koyA00|rfd3|rfd3_inputs_spec-1_0_model_0,1koyA00,0.05,rfd3,0.7760128934498678,84.98838709677419,0.7918695513730608,0.9097,file_order,47,62,0,18e7b5998e8056f72eb598569bbe33958e6894f93409f5573c5433c721242855,public_data/benchmark/gate0/temperature_panel2/models/1koyA00_rfd3_rfd3_inputs_spec-1_0_model_0_T0.05_3.pdb.gz,monomer,full_dbs,2020-05-14,ok,
1koyA00|rfd3|rfd3_inputs_spec-1_0_model_0|T0.05|2,1koyA00|rfd3|rfd3_inputs_spec-1_0_model_0,1koyA00,0.05,rfd3,0.615001932852997,90.3167741935484,0.9584687554411213,1.059,file_order,47,62,0,18e7b5998e8056f72eb598569bbe33958e6894f93409f5573c5433c721242855,public_data/benchmark/gate0/temperature_panel2/models/1koyA00_rfd3_rfd3_inputs_spec-1_0_model_0_T0.05_2.pdb.gz,monomer,full_dbs,2020-05-14,ok,
1koyA00|rfd3|rfd3_inputs_spec-1_0_model_0|T0.05|4,1koyA00|rfd3|rfd3_inputs_spec-1_0_model_0,1koyA00,0.05,rfd3,0.7017162428016813,87.63967741935484,5.322348106674874,5.9073,file_order,47,62,0,18e7b5998e8056f72eb598569bbe33958e6894f93409f5573c5433c721242855,public_data/benchmark/gate0/temperature_panel2/models/1koyA00_rfd3_rfd3_inputs_spec-1_0_model_0_T0.05_4.pdb.gz,monomer,full_dbs,2020-05-14,ok,
1koyA00|rfd3|rfd3_inputs_spec-1_0_model_0|T0.05|5,1koyA00|rfd3|rfd3_inputs_spec-1_0_model_0,1koyA00,0.05,rfd3,0.7923838248813468,83.85564516129033,14.416371865079094,14.3773,file_order,47,62,0,18e7b5998e8056f72eb598569bbe33958e6894f93409f5573c5433c721242855,public_data/benchmark/gate0/temperature_panel2/models/1koyA00_rfd3_rfd3_inputs_spec-1_0_model_0_T0.05_5.pdb.gz,monomer,full_dbs,2020-05-14,ok,
1koyA00|rfd3|rfd3_inputs_spec-1_0_model_0|T0.05|6,1koyA00|rfd3|rfd3_inputs_spec-1_0_model_0,1koyA00,0.05,rfd3,0.377692296070548,88.31983870967741,0.8701129350681305,0.9927,file_order,47,62,0,18e7b5998e8056f72eb598569bbe33958e6894f93409f5573c5433c721242855,public_data/benchmark/gate0/temperature_panel2/models/1koyA00_rfd3_rfd3_inputs_spec-1_0_model_0_T0.05_6.pdb.gz,monomer,full_dbs,2020-05-14,ok,
1koyA00|rfd3|rfd3_inputs_spec-1_0_model_0|T0.05|7,1koyA00|rfd3|rfd3_inputs_spec-1_0_model_0,1koyA00,0.05,rfd3,0.7657588439631954,84.10241935483872,0.814146094435127,1.0133,file_order,47,62,0,18e7b5998e8056f72eb598569bbe33958e6894f93409f5573c5433c721242855,public_data/benchmark/gate0/temperature_panel2/models/1koyA00_rfd3_rfd3_inputs_spec-1_0_model_0_T0.05_7.pdb.gz,monomer,full_dbs,2020-05-14,ok,
1koyA00|rfd3|rfd3_inputs_spec-1_0_model_0|T0.1|0,1koyA00|rfd3|rfd3_inputs_spec-1_0_model_0,1koyA00,0.1,rfd3,0.7622692828607959,85.01935483870967,0.9934464482137175,1.0449,file_order,47,62,0,18e7b5998e8056f72eb598569bbe33958e6894f93409f5573c5433c721242855,public_data/benchmark/gate0/temperature_panel2/models/1koyA00_rfd3_rfd3_inputs_spec-1_0_model_0_T0.1_0.pdb.gz,monomer,full_dbs,2020-05-14,ok,
1koyA00|rfd3|rfd3_inputs_spec-1_0_model_0|T0.1|2,1koyA00|rfd3|rfd3_inputs_spec-1_0_model_0,1koyA00,0.1,rfd3,0.9158877760607506,84.08709677419354,1.2536704153407618,1.4016,file_order,47,62,0,18e7b5998e8056f72eb598569bbe33958e6894f93409f5573c5433c721242855,public_data/benchmark/gate0/temperature_panel2/models/1koyA00_rfd3_rfd3_inputs_spec-1_0_model_0_T0.1_2.pdb.gz,monomer,full_dbs,2020-05-14,ok,
1koyA00|rfd3|rfd3_inputs_spec-1_0_model_0|T0.1|3,1koyA00|rfd3|rfd3_inputs_spec-1_0_model_0,1koyA00,0.1,rfd3,0.6553365857686168,94.8458064516129,1.255962524910345,1.3412,file_order,47,62,0,18e7b5998e8056f72eb598569bbe33958e6894f93409f5573c5433c721242855,public_data/benchmark/gate0/temperature_panel2/models/1koyA00_rfd3_rfd3_inputs_spec-1_0_model_0_T0.1_3.pdb.gz,monomer,full_dbs,2020-05-14,ok,
1koyA00|rfd3|rfd3_inputs_spec-1_0_model_0|T0.1|4,1koyA00|rfd3|rfd3_inputs_spec-1_0_model_0,1koyA00,0.1,rfd3,0.751587464308545,85.15725806451613,0.6464970878332474,0.8039,file_order,47,62,0,18e7b5998e8056f72eb598569bbe33958e6894f93409f5573c5433c721242855,public_data/benchmark/gate0/temperature_panel2/models/1koyA00_rfd3_rfd3_inputs_spec-1_0_model_0_T0.1_4.pdb.gz,monomer,full_dbs,2020-05-14,ok,
1koyA00|rfd3|rfd3_inputs_spec-1_0_model_0|T0.1|5,1koyA00|rfd3|rfd3_inputs_spec-1_0_model_0,1koyA00,0.1,rfd3,0.47196491890032694,87.07467741935484,0.9394214803492048,1.1152,file_order,47,62,0,18e7b5998e8056f72eb598569bbe33958e6894f93409f5573c5433c721242855,public_data/benchmark/gate0/temperature_panel2/models/1koyA00_rfd3_rfd3_inputs_spec-1_0_model_0_T0.1_5.pdb.gz,monomer,full_dbs,2020-05-14,ok,
1koyA00|rfd3|rfd3_inputs_spec-1_0_model_0|T0.1|6,1koyA00|rfd3|rfd3_inputs_spec-1_0_model_0,1koyA00,0.1,rfd3,0.5635258049854495,89.81048387096774,0.9580146463924843,1.2088,file_order,47,62,0,18e7b5998e8056f72eb598569bbe33958e6894f93409f5573c5433c721242855,public_data/benchmark/gate0/temperature_panel2/models/1koyA00_rfd3_rfd3_inputs_spec-1_0_model_0_T0.1_6.pdb.gz,monomer,full_dbs,2020-05-14,ok,
1koyA00|rfd3|rfd3_inputs_spec-1_0_model_0|T0.1|7,1koyA00|rfd3|rfd3_inputs_spec-1_0_model_0,1koyA00,0.1,rfd3,0.7176639156892782,91.78693548387096,0.8744324963651827,1.0286,file_order,47,62,0,18e7b5998e8056f72eb598569bbe33958e6894f93409f5573c5433c721242855,public_data/benchmark/gate0/temperature_panel2/models/1koyA00_rfd3_rfd3_inputs_spec-1_0_model_0_T0.1_7.pdb.gz,monomer,full_dbs,2020-05-14,ok,
1koyA00|rfd3|rfd3_inputs_spec-1_0_model_0|T0.2|0,1koyA00|rfd3|rfd3_inputs_spec-1_0_model_0,1koyA00,0.2,rfd3,0.8562536210436497,89.54483870967742,11.98993695607978,11.8355,file_order,47,62,0,18e7b5998e8056f72eb598569bbe33958e6894f93409f5573c5433c721242855,public_data/benchmark/gate0/temperature_panel2/models/1koyA00_rfd3_rfd3_inputs_spec-1_0_model_0_T0.2_0.pdb.gz,monomer,full_dbs,2020-05-14,ok,
1koyA00|rfd3|rfd3_inputs_spec-1_0_model_0|T0.2|1,1koyA00|rfd3|rfd3_inputs_spec-1_0_model_0,1koyA00,0.2,rfd3,0.8443513849635578,87.55274193548388,0.963797865194963,1.2002,file_order,47,62,0,18e7b5998e8056f72eb598569bbe33958e6894f93409f5573c5433c721242855,public_data/benchmark/gate0/temperature_panel2/models/1koyA00_rfd3_rfd3_inputs_spec-1_0_model_0_T0.2_1.pdb.gz,monomer,full_dbs,2020-05-14,ok,
1koyA00|rfd3|rfd3_inputs_spec-1_0_model_0|T0.2|2,1koyA00|rfd3|rfd3_inputs_spec-1_0_model_0,1koyA00,0.2,rfd3,0.7215690662220509,92.60854838709676,11.801326575157011,11.616,file_order,47,62,0,18e7b5998e8056f72eb598569bbe33958e6894f93409f5573c5433c721242855,public_data/benchmark/gate0/temperature_panel2/models/1koyA00_rfd3_rfd3_inputs_spec-1_0_model_0_T0.2_2.pdb.gz,monomer,full_dbs,2020-05-14,ok,
1koyA00|rfd3|rfd3_inputs_spec-1_0_model_0|T0.1|1,1koyA00|rfd3|rfd3_inputs_spec-1_0_model_0,1koyA00,0.1,rfd3,0.816706867119571,85.09354838709677,0.911930125312935,0.9468,file_order,47,62,0,18e7b5998e8056f72eb598569bbe33958e6894f93409f5573c5433c721242855,public_data/benchmark/gate0/temperature_panel2/models/1koyA00_rfd3_rfd3_inputs_spec-1_0_model_0_T0.1_1.pdb.gz,monomer,full_dbs,2020-05-14,ok,
1koyA00|rfd3|rfd3_inputs_spec-1_0_model_0|T0.2|3,1koyA00|rfd3|rfd3_inputs_spec-1_0_model_0,1koyA00,0.2,rfd3,0.8137917322469719,83.85370967741936,0.9335525549785048,1.0582,file_order,47,62,0,18e7b5998e8056f72eb598569bbe33958e6894f93409f5573c5433c721242855,public_data/benchmark/gate0/temperature_panel2/models/1koyA00_rfd3_rfd3_inputs_spec-1_0_model_0_T0.2_3.pdb.gz,monomer,full_dbs,2020-05-14,ok,
1koyA00|rfd3|rfd3_inputs_spec-1_0_model_0|T0.2|4,1koyA00|rfd3|rfd3_inputs_spec-1_0_model_0,1koyA00,0.2,rfd3,0.9110441850772719,91.32822580645161,11.890247103984073,11.7487,file_order,47,62,0,18e7b5998e8056f72eb598569bbe33958e6894f93409f5573c5433c721242855,public_data/benchmark/gate0/temperature_panel2/models/1koyA00_rfd3_rfd3_inputs_spec-1_0_model_0_T0.2_4.pdb.gz,monomer,full_dbs,2020-05-14,ok,
1koyA00|rfd3|rfd3_inputs_spec-1_0_model_0|T0.2|6,1koyA00|rfd3|rfd3_inputs_spec-1_0_model_0,1koyA00,0.2,rfd3,0.7337139998713411,84.68887096774193,1.0237004048806249,1.131,file_order,47,62,0,18e7b5998e8056f72eb598569bbe33958e6894f93409f5573c5433c721242855,public_data/benchmark/gate0/temperature_panel2/models/1koyA00_rfd3_rfd3_inputs_spec-1_0_model_0_T0.2_6.pdb.gz,monomer,full_dbs,2020-05-14,ok,
1koyA00|rfd3|rfd3_inputs_spec-1_0_model_0|T0.2|7,1koyA00|rfd3|rfd3_inputs_spec-1_0_model_0,1koyA00,0.2,rfd3,0.9126003242911973,84.60241935483872,1.1773049027659754,1.2917,file_order,47,62,0,18e7b5998e8056f72eb598569bbe33958e6894f93409f5573c5433c721242855,public_data/benchmark/gate0/temperature_panel2/models/1koyA00_rfd3_rfd3_inputs_spec-1_0_model_0_T0.2_7.pdb.gz,monomer,full_dbs,2020-05-14,ok,
1koyA00|rfd3|rfd3_inputs_spec-1_0_model_0|T0.2|5,1koyA00|rfd3|rfd3_inputs_spec-1_0_model_0,1koyA00,0.2,rfd3,0.8925228830767434,90.89612903225807,0.8930777048442046,1.0623,file_order,47,62,0,18e7b5998e8056f72eb598569bbe33958e6894f93409f5573c5433c721242855,public_data/benchmark/gate0/temperature_panel2/models/1koyA00_rfd3_rfd3_inputs_spec-1_0_model_0_T0.2_5.pdb.gz,monomer,full_dbs,2020-05-14,ok,
1koyA00|rfd3|rfd3_inputs_spec-1_0_model_0|T0.3|0,1koyA00|rfd3|rfd3_inputs_spec-1_0_model_0,1koyA00,0.3,rfd3,0.6726070170677604,80.61790322580646,1.4614031317324636,1.855,file_order,47,62,0,18e7b5998e8056f72eb598569bbe33958e6894f93409f5573c5433c721242855,public_data/benchmark/gate0/temperature_panel2/models/1koyA00_rfd3_rfd3_inputs_spec-1_0_model_0_T0.3_0.pdb.gz,monomer,full_dbs,2020-05-14,ok,
1koyA00|rfd3|rfd3_inputs_spec-1_0_model_0|T0.3|1,1koyA00|rfd3|rfd3_inputs_spec-1_0_model_0,1koyA00,0.3,rfd3,0.8468781197448301,85.44532258064515,11.838948226923263,11.6876,file_order,47,62,0,18e7b5998e8056f72eb598569bbe33958e6894f93409f5573c5433c721242855,public_data/benchmark/gate0/temperature_panel2/models/1koyA00_rfd3_rfd3_inputs_spec-1_0_model_0_T0.3_1.pdb.gz,monomer,full_dbs,2020-05-14,ok,
1koyA00|rfd3|rfd3_inputs_spec-1_0_model_0|T0.3|2,1koyA00|rfd3|rfd3_inputs_spec-1_0_model_0,1koyA00,0.3,rfd3,0.64210590419602,86.53532258064516,1.2878564493923428,1.4006,file_order,47,62,0,18e7b5998e8056f72eb598569bbe33958e6894f93409f5573c5433c721242855,public_data/benchmark/gate0/temperature_panel2/models/1koyA00_rfd3_rfd3_inputs_spec-1_0_model_0_T0.3_2.pdb.gz,monomer,full_dbs,2020-05-14,ok,
1koyA00|rfd3|rfd3_inputs_spec-1_0_model_0|T0.3|3,1koyA00|rfd3|rfd3_inputs_spec-1_0_model_0,1koyA00,0.3,rfd3,0.8229012956490975,78.6433870967742,4.305229739115948,5.2356,file_order,47,62,0,18e7b5998e8056f72eb598569bbe33958e6894f93409f5573c5433c721242855,public_data/benchmark/gate0/temperature_panel2/models/1koyA00_rfd3_rfd3_inputs_spec-1_0_model_0_T0.3_3.pdb.gz,monomer,full_dbs,2020-05-14,ok,
1koyA00|rfd3|rfd3_inputs_spec-1_0_model_0|T0.3|4,1koyA00|rfd3|rfd3_inputs_spec-1_0_model_0,1koyA00,0.3,rfd3,0.8489579796905788,86.72838709677418,5.202630896941029,5.7897,file_order,47,62,0,18e7b5998e8056f72eb598569bbe33958e6894f93409f5573c5433c721242855,public_data/benchmark/gate0/temperature_panel2/models/1koyA00_rfd3_rfd3_inputs_spec-1_0_model_0_T0.3_4.pdb.gz,monomer,full_dbs,2020-05-14,ok,
1koyA00|rfd3|rfd3_inputs_spec-1_0_model_0|T0.3|5,1koyA00|rfd3|rfd3_inputs_spec-1_0_model_0,1koyA00,0.3,rfd3,0.890965869253119,88.99467741935484,1.1368024988527494,1.4627,file_order,47,62,0,18e7b5998e8056f72eb598569bbe33958e6894f93409f5573c5433c721242855,public_data/benchmark/gate0/temperature_panel2/models/1koyA00_rfd3_rfd3_inputs_spec-1_0_model_0_T0.3_5.pdb.gz,monomer,full_dbs,2020-05-14,ok,
1koyA00|rfd3|rfd3_inputs_spec-1_0_model_0|T0.3|6,1koyA00|rfd3|rfd3_inputs_spec-1_0_model_0,1koyA00,0.3,rfd3,0.7760128934498678,88.08209677419354,0.8842396064367313,0.9942,file_order,47,62,0,18e7b5998e8056f72eb598569bbe33958e6894f93409f5573c5433c721242855,public_data/benchmark/gate0/temperature_panel2/models/1koyA00_rfd3_rfd3_inputs_spec-1_0_model_0_T0.3_6.pdb.gz,monomer,full_dbs,2020-05-14,ok,
1koyA00|rfd3|rfd3_inputs_spec-1_0_model_0|T0.3|7,1koyA00|rfd3|rfd3_inputs_spec-1_0_model_0,1koyA00,0.3,rfd3,0.7593341105430612,80.78790322580646,1.2170016199341316,1.4086,file_order,47,62,0,18e7b5998e8056f72eb598569bbe33958e6894f93409f5573c5433c721242855,public_data/benchmark/gate0/temperature_panel2/models/1koyA00_rfd3_rfd3_inputs_spec-1_0_model_0_T0.3_7.pdb.gz,monomer,full_dbs,2020-05-14,ok,
2kjfA00|rfd3|rfd3_inputs_spec-1_0_model_4|T0.05|0,2kjfA00|rfd3|rfd3_inputs_spec-1_0_model_4,2kjfA00,0.05,rfd3,0.5613558846263439,94.17399999999999,0.45361376935325065,0.4725,file_order,48,60,0,7e3c9150e87818a7615989c5d4b15571c3bf0e7198aac6f0fff1fad6daa2c829,public_data/benchmark/gate0/temperature_panel2/models/2kjfA00_rfd3_rfd3_inputs_spec-1_0_model_4_T0.05_0.pdb.gz,monomer,full_dbs,2020-05-14,ok,
2kjfA00|rfd3|rfd3_inputs_spec-1_0_model_4|T0.05|1,2kjfA00|rfd3|rfd3_inputs_spec-1_0_model_4,2kjfA00,0.05,rfd3,0.7483817216070642,96.0625,0.5361739501450413,0.5694,file_order,48,60,0,7e3c9150e87818a7615989c5d4b15571c3bf0e7198aac6f0fff1fad6daa2c829,public_data/benchmark/gate0/temperature_panel2/models/2kjfA00_rfd3_rfd3_inputs_spec-1_0_model_4_T0.05_1.pdb.gz,monomer,full_dbs,2020-05-14,ok,
2kjfA00|rfd3|rfd3_inputs_spec-1_0_model_4|T0.05|2,2kjfA00|rfd3|rfd3_inputs_spec-1_0_model_4,2kjfA00,0.05,rfd3,0.6471800492334971,97.04566666666666,0.46407855990868424,0.5058,file_order,48,60,0,7e3c9150e87818a7615989c5d4b15571c3bf0e7198aac6f0fff1fad6daa2c829,public_data/benchmark/gate0/temperature_panel2/models/2kjfA00_rfd3_rfd3_inputs_spec-1_0_model_4_T0.05_2.pdb.gz,monomer,full_dbs,2020-05-14,ok,
2kjfA00|rfd3|rfd3_inputs_spec-1_0_model_4|T0.05|3,2kjfA00|rfd3|rfd3_inputs_spec-1_0_model_4,2kjfA00,0.05,rfd3,0.7244545954248022,97.05566666666667,0.4891996896747382,0.5148,file_order,48,60,0,7e3c9150e87818a7615989c5d4b15571c3bf0e7198aac6f0fff1fad6daa2c829,public_data/benchmark/gate0/temperature_panel2/models/2kjfA00_rfd3_rfd3_inputs_spec-1_0_model_4_T0.05_3.pdb.gz,monomer,full_dbs,2020-05-14,ok,
2kjfA00|rfd3|rfd3_inputs_spec-1_0_model_4|T0.05|4,2kjfA00|rfd3|rfd3_inputs_spec-1_0_model_4,2kjfA00,0.05,rfd3,0.8468362842349139,76.771,6.680901568010792,6.9535,file_order,48,60,0,7e3c9150e87818a7615989c5d4b15571c3bf0e7198aac6f0fff1fad6daa2c829,public_data/benchmark/gate0/temperature_panel2/models/2kjfA00_rfd3_rfd3_inputs_spec-1_0_model_4_T0.05_4.pdb.gz,monomer,full_dbs,2020-05-14,ok,
2kjfA00|rfd3|rfd3_inputs_spec-1_0_model_4|T0.05|5,2kjfA00|rfd3|rfd3_inputs_spec-1_0_model_4,2kjfA00,0.05,rfd3,0.8135635076564496,93.01333333333334,0.4254918789422904,0.4673,file_order,48,60,0,7e3c9150e87818a7615989c5d4b15571c3bf0e7198aac6f0fff1fad6daa2c829,public_data/benchmark/gate0/temperature_panel2/models/2kjfA00_rfd3_rfd3_inputs_spec-1_0_model_4_T0.05_5.pdb.gz,monomer,full_dbs,2020-05-14,ok,
2kjfA00|rfd3|rfd3_inputs_spec-1_0_model_4|T0.1|0,2kjfA00|rfd3|rfd3_inputs_spec-1_0_model_4,2kjfA00,0.1,rfd3,0.6372234579363484,85.72966666666666,8.858839797782005,9.6883,file_order,48,60,0,7e3c9150e87818a7615989c5d4b15571c3bf0e7198aac6f0fff1fad6daa2c829,public_data/benchmark/gate0/temperature_panel2/models/2kjfA00_rfd3_rfd3_inputs_spec-1_0_model_4_T0.1_0.pdb.gz,monomer,full_dbs,2020-05-14,ok,
2kjfA00|rfd3|rfd3_inputs_spec-1_0_model_4|T0.1|1,2kjfA00|rfd3|rfd3_inputs_spec-1_0_model_4,2kjfA00,0.1,rfd3,0.5366010793535906,95.33916666666667,0.48476367485200905,0.5137,file_order,48,60,0,7e3c9150e87818a7615989c5d4b15571c3bf0e7198aac6f0fff1fad6daa2c829,public_data/benchmark/gate0/temperature_panel2/models/2kjfA00_rfd3_rfd3_inputs_spec-1_0_model_4_T0.1_1.pdb.gz,monomer,full_dbs,2020-05-14,ok,
2kjfA00|rfd3|rfd3_inputs_spec-1_0_model_4|T0.05|7,2kjfA00|rfd3|rfd3_inputs_spec-1_0_model_4,2kjfA00,0.05,rfd3,0.6349086034775155,96.5855,0.4573925625205041,0.5036,file_order,48,60,0,7e3c9150e87818a7615989c5d4b15571c3bf0e7198aac6f0fff1fad6daa2c829,public_data/benchmark/gate0/temperature_panel2/models/2kjfA00_rfd3_rfd3_inputs_spec-1_0_model_4_T0.05_7.pdb.gz,monomer,full_dbs,2020-05-14,ok,
2kjfA00|rfd3|rfd3_inputs_spec-1_0_model_4|T0.1|2,2kjfA00|rfd3|rfd3_inputs_spec-1_0_model_4,2kjfA00,0.1,rfd3,0.7244545954248022,92.24316666666667,0.43001039489757237,0.4465,file_order,48,60,0,7e3c9150e87818a7615989c5d4b15571c3bf0e7198aac6f0fff1fad6daa2c829,public_data/benchmark/gate0/temperature_panel2/models/2kjfA00_rfd3_rfd3_inputs_spec-1_0_model_4_T0.1_2.pdb.gz,monomer,full_dbs,2020-05-14,ok,
2kjfA00|rfd3|rfd3_inputs_spec-1_0_model_4|T0.1|3,2kjfA00|rfd3|rfd3_inputs_spec-1_0_model_4,2kjfA00,0.1,rfd3,0.7908406347869368,95.82333333333332,0.5187758918015156,0.5504,file_order,48,60,0,7e3c9150e87818a7615989c5d4b15571c3bf0e7198aac6f0fff1fad6daa2c829,public_data/benchmark/gate0/temperature_panel2/models/2kjfA00_rfd3_rfd3_inputs_spec-1_0_model_4_T0.1_3.pdb.gz,monomer,full_dbs,2020-05-14,ok,
2kjfA00|rfd3|rfd3_inputs_spec-1_0_model_4|T0.1|4,2kjfA00|rfd3|rfd3_inputs_spec-1_0_model_4,2kjfA00,0.1,rfd3,0.5613558846263438,88.58433333333333,1.75729377603715,1.7075,file_order,48,60,0,7e3c9150e87818a7615989c5d4b15571c3bf0e7198aac6f0fff1fad6daa2c829,public_data/benchmark/gate0/temperature_panel2/models/2kjfA00_rfd3_rfd3_inputs_spec-1_0_model_4_T0.1_4.pdb.gz,monomer,full_dbs,2020-05-14,ok,
2kjfA00|rfd3|rfd3_inputs_spec-1_0_model_4|T0.1|5,2kjfA00|rfd3|rfd3_inputs_spec-1_0_model_4,2kjfA00,0.1,rfd3,0.7257834030207717,94.58583333333333,0.3872972632599781,0.4416,file_order,48,60,0,7e3c9150e87818a7615989c5d4b15571c3bf0e7198aac6f0fff1fad6daa2c829,public_data/benchmark/gate0/temperature_panel2/models/2kjfA00_rfd3_rfd3_inputs_spec-1_0_model_4_T0.1_5.pdb.gz,monomer,full_dbs,2020-05-14,ok,
2kjfA00|rfd3|rfd3_inputs_spec-1_0_model_4|T0.1|6,2kjfA00|rfd3|rfd3_inputs_spec-1_0_model_4,2kjfA00,0.1,rfd3,0.6145944982675495,92.56283333333334,0.42801039802485646,0.4513,file_order,48,60,0,7e3c9150e87818a7615989c5d4b15571c3bf0e7198aac6f0fff1fad6daa2c829,public_data/benchmark/gate0/temperature_panel2/models/2kjfA00_rfd3_rfd3_inputs_spec-1_0_model_4_T0.1_6.pdb.gz,monomer,full_dbs,2020-05-14,ok,
2kjfA00|rfd3|rfd3_inputs_spec-1_0_model_4|T0.05|6,2kjfA00|rfd3|rfd3_inputs_spec-1_0_model_4,2kjfA00,0.05,rfd3,0.6208913655142569,94.59783333333333,0.4211039325174641,0.4619,file_order,48,60,0,7e3c9150e87818a7615989c5d4b15571c3bf0e7198aac6f0fff1fad6daa2c829,public_data/benchmark/gate0/temperature_panel2/models/2kjfA00_rfd3_rfd3_inputs_spec-1_0_model_4_T0.05_6.pdb.gz,monomer,full_dbs,2020-05-14,ok,
2kjfA00|rfd3|rfd3_inputs_spec-1_0_model_4|T0.1|7,2kjfA00|rfd3|rfd3_inputs_spec-1_0_model_4,2kjfA00,0.1,rfd3,0.6138046369498084,91.98083333333334,0.5790294086345347,0.6076,file_order,48,60,0,7e3c9150e87818a7615989c5d4b15571c3bf0e7198aac6f0fff1fad6daa2c829,public_data/benchmark/gate0/temperature_panel2/models/2kjfA00_rfd3_rfd3_inputs_spec-1_0_model_4_T0.1_7.pdb.gz,monomer,full_dbs,2020-05-14,ok,
2kjfA00|rfd3|rfd3_inputs_spec-1_0_model_4|T0.2|2,2kjfA00|rfd3|rfd3_inputs_spec-1_0_model_4,2kjfA00,0.2,rfd3,0.49166743818588055,94.37233333333333,0.48516470658030153,0.5183,file_order,48,60,0,7e3c9150e87818a7615989c5d4b15571c3bf0e7198aac6f0fff1fad6daa2c829,public_data/benchmark/gate0/temperature_panel2/models/2kjfA00_rfd3_rfd3_inputs_spec-1_0_model_4_T0.2_2.pdb.gz,monomer,full_dbs,2020-05-14,ok,
2kjfA00|rfd3|rfd3_inputs_spec-1_0_model_4|T0.2|1,2kjfA00|rfd3|rfd3_inputs_spec-1_0_model_4,2kjfA00,0.2,rfd3,0.5523079095743252,97.25166666666668,0.4364857040721377,0.4619,file_order,48,60,0,7e3c9150e87818a7615989c5d4b15571c3bf0e7198aac6f0fff1fad6daa2c829,public_data/benchmark/gate0/temperature_panel2/models/2kjfA00_rfd3_rfd3_inputs_spec-1_0_model_4_T0.2_1.pdb.gz,monomer,full_dbs,2020-05-14,ok,
2kjfA00|rfd3|rfd3_inputs_spec-1_0_model_4|T0.2|3,2kjfA00|rfd3|rfd3_inputs_spec-1_0_model_4,2kjfA00,0.2,rfd3,0.6570104626734987,95.60566666666666,0.5043208032813556,0.5239,file_order,48,60,0,7e3c9150e87818a7615989c5d4b15571c3bf0e7198aac6f0fff1fad6daa2c829,public_data/benchmark/gate0/temperature_panel2/models/2kjfA00_rfd3_rfd3_inputs_spec-1_0_model_4_T0.2_3.pdb.gz,monomer,full_dbs,2020-05-14,ok,
2kjfA00|rfd3|rfd3_inputs_spec-1_0_model_4|T0.2|4,2kjfA00|rfd3|rfd3_inputs_spec-1_0_model_4,2kjfA00,0.2,rfd3,0.6570104626734987,78.22266666666665,10.282081205302728,10.2775,file_order,48,60,0,7e3c9150e87818a7615989c5d4b15571c3bf0e7198aac6f0fff1fad6daa2c829,public_data/benchmark/gate0/temperature_panel2/models/2kjfA00_rfd3_rfd3_inputs_spec-1_0_model_4_T0.2_4.pdb.gz,monomer,full_dbs,2020-05-14,ok,
2kjfA00|rfd3|rfd3_inputs_spec-1_0_model_4|T0.2|5,2kjfA00|rfd3|rfd3_inputs_spec-1_0_model_4,2kjfA00,0.2,rfd3,0.3846162436088179,93.27116666666667,0.3985230494987225,0.4029,file_order,48,60,0,7e3c9150e87818a7615989c5d4b15571c3bf0e7198aac6f0fff1fad6daa2c829,public_data/benchmark/gate0/temperature_panel2/models/2kjfA00_rfd3_rfd3_inputs_spec-1_0_model_4_T0.2_5.pdb.gz,monomer,full_dbs,2020-05-14,ok,
2kjfA00|rfd3|rfd3_inputs_spec-1_0_model_4|T0.2|6,2kjfA00|rfd3|rfd3_inputs_spec-1_0_model_4,2kjfA00,0.2,rfd3,0.5825702064623147,93.30533333333332,0.5753073299287459,0.5869,file_order,48,60,0,7e3c9150e87818a7615989c5d4b15571c3bf0e7198aac6f0fff1fad6daa2c829,public_data/benchmark/gate0/temperature_panel2/models/2kjfA00_rfd3_rfd3_inputs_spec-1_0_model_4_T0.2_6.pdb.gz,monomer,full_dbs,2020-05-14,ok,
2kjfA00|rfd3|rfd3_inputs_spec-1_0_model_4|T0.2|0,2kjfA00|rfd3|rfd3_inputs_spec-1_0_model_4,2kjfA00,0.2,rfd3,0.6403000462574495,95.22583333333334,0.4404086418339815,0.4623,file_order,48,60,0,7e3c9150e87818a7615989c5d4b15571c3bf0e7198aac6f0fff1fad6daa2c829,public_data/benchmark/gate0/temperature_panel2/models/2kjfA00_rfd3_rfd3_inputs_spec-1_0_model_4_T0.2_0.pdb.gz,monomer,full_dbs,2020-05-14,ok,
2kjfA00|rfd3|rfd3_inputs_spec-1_0_model_4|T0.2|7,2kjfA00|rfd3|rfd3_inputs_spec-1_0_model_4,2kjfA00,0.2,rfd3,0.7601192371133871,93.57733333333334,0.5283321732886544,0.5482,file_order,48,60,0,7e3c9150e87818a7615989c5d4b15571c3bf0e7198aac6f0fff1fad6daa2c829,public_data/benchmark/gate0/temperature_panel2/models/2kjfA00_rfd3_rfd3_inputs_spec-1_0_model_4_T0.2_7.pdb.gz,monomer,full_dbs,2020-05-14,ok,
2kjfA00|rfd3|rfd3_inputs_spec-1_0_model_4|T0.3|0,2kjfA00|rfd3|rfd3_inputs_spec-1_0_model_4,2kjfA00,0.3,rfd3,0.47668359019614975,93.45216666666667,0.5624644460964886,0.5862,file_order,48,60,0,7e3c9150e87818a7615989c5d4b15571c3bf0e7198aac6f0fff1fad6daa2c829,public_data/benchmark/gate0/temperature_panel2/models/2kjfA00_rfd3_rfd3_inputs_spec-1_0_model_4_T0.3_0.pdb.gz,monomer,full_dbs,2020-05-14,ok,
2kjfA00|rfd3|rfd3_inputs_spec-1_0_model_4|T0.3|2,2kjfA00|rfd3|rfd3_inputs_spec-1_0_model_4,2kjfA00,0.3,rfd3,0.7401342941435153,61.198,4.655268407351849,4.6771,file_order,48,60,0,7e3c9150e87818a7615989c5d4b15571c3bf0e7198aac6f0fff1fad6daa2c829,public_data/benchmark/gate0/temperature_panel2/models/2kjfA00_rfd3_rfd3_inputs_spec-1_0_model_4_T0.3_2.pdb.gz,monomer,full_dbs,2020-05-14,ok,
2kjfA00|rfd3|rfd3_inputs_spec-1_0_model_4|T0.3|1,2kjfA00|rfd3|rfd3_inputs_spec-1_0_model_4,2kjfA00,0.3,rfd3,0.7667410642285427,94.10583333333334,0.8393493877295817,0.9241,file_order,48,60,0,7e3c9150e87818a7615989c5d4b15571c3bf0e7198aac6f0fff1fad6daa2c829,public_data/benchmark/gate0/temperature_panel2/models/2kjfA00_rfd3_rfd3_inputs_spec-1_0_model_4_T0.3_1.pdb.gz,monomer,full_dbs,2020-05-14,ok,
2kjfA00|rfd3|rfd3_inputs_spec-1_0_model_4|T0.3|3,2kjfA00|rfd3|rfd3_inputs_spec-1_0_model_4,2kjfA00,0.3,rfd3,0.7778763437357723,90.81716666666667,1.9059905501216965,1.8544,file_order,48,60,0,7e3c9150e87818a7615989c5d4b15571c3bf0e7198aac6f0fff1fad6daa2c829,public_data/benchmark/gate0/temperature_panel2/models/2kjfA00_rfd3_rfd3_inputs_spec-1_0_model_4_T0.3_3.pdb.gz,monomer,full_dbs,2020-05-14,ok,
2kjfA00|rfd3|rfd3_inputs_spec-1_0_model_4|T0.3|5,2kjfA00|rfd3|rfd3_inputs_spec-1_0_model_4,2kjfA00,0.3,rfd3,0.6615031592029523,94.67283333333333,0.4300463051794742,0.4409,file_order,48,60,0,7e3c9150e87818a7615989c5d4b15571c3bf0e7198aac6f0fff1fad6daa2c829,public_data/benchmark/gate0/temperature_panel2/models/2kjfA00_rfd3_rfd3_inputs_spec-1_0_model_4_T0.3_5.pdb.gz,monomer,full_dbs,2020-05-14,ok,
2kjfA00|rfd3|rfd3_inputs_spec-1_0_model_4|T0.3|4,2kjfA00|rfd3|rfd3_inputs_spec-1_0_model_4,2kjfA00,0.3,rfd3,0.29525430200190894,97.23700000000001,0.5832228907325874,0.6268,file_order,48,60,0,7e3c9150e87818a7615989c5d4b15571c3bf0e7198aac6f0fff1fad6daa2c829,public_data/benchmark/gate0/temperature_panel2/models/2kjfA00_rfd3_rfd3_inputs_spec-1_0_model_4_T0.3_4.pdb.gz,monomer,full_dbs,2020-05-14,ok,
2kjfA00|rfd3|rfd3_inputs_spec-1_0_model_4|T0.3|6,2kjfA00|rfd3|rfd3_inputs_spec-1_0_model_4,2kjfA00,0.3,rfd3,0.7880704085871935,89.20166666666667,0.43438365368996695,0.4864,file_order,48,60,0,7e3c9150e87818a7615989c5d4b15571c3bf0e7198aac6f0fff1fad6daa2c829,public_data/benchmark/gate0/temperature_panel2/models/2kjfA00_rfd3_rfd3_inputs_spec-1_0_model_4_T0.3_6.pdb.gz,monomer,full_dbs,2020-05-14,ok,
2kjfA00|rfd3|rfd3_inputs_spec-1_0_model_4|T0.3|7,2kjfA00|rfd3|rfd3_inputs_spec-1_0_model_4,2kjfA00,0.3,rfd3,0.8135635076564496,90.243,0.537801728211405,0.584,file_order,48,60,0,7e3c9150e87818a7615989c5d4b15571c3bf0e7198aac6f0fff1fad6daa2c829,public_data/benchmark/gate0/temperature_panel2/models/2kjfA00_rfd3_rfd3_inputs_spec-1_0_model_4_T0.3_7.pdb.gz,monomer,full_dbs,2020-05-14,ok,
1b8xA03|target|target|T0.05|1,1b8xA03|target|target,1b8xA03,0.05,target,0.8328767135704997,88.6526923076923,2.3390175622842055,12.8807,file_order,105,260,0,7cb72e9672e5694260aefcc55b5e4c0ee963d2ff476fec0865c8358ea7e76aed,public_data/benchmark/gate0/temperature_panel2/models/1b8xA03_target_target_T0.05_1.pdb.gz,monomer,full_dbs,2020-05-14,ok,
1b8xA03|target|target|T0.05|2,1b8xA03|target|target,1b8xA03,0.05,target,0.8120028311028967,87.3566153846154,1.490727310675352,12.2256,file_order,105,260,0,7cb72e9672e5694260aefcc55b5e4c0ee963d2ff476fec0865c8358ea7e76aed,public_data/benchmark/gate0/temperature_panel2/models/1b8xA03_target_target_T0.05_2.pdb.gz,monomer,full_dbs,2020-05-14,ok,
1b8xA03|target|target|T0.05|0,1b8xA03|target|target,1b8xA03,0.05,target,0.8027935058108653,85.10884615384614,3.7853725896757,11.566,file_order,105,260,0,7cb72e9672e5694260aefcc55b5e4c0ee963d2ff476fec0865c8358ea7e76aed,public_data/benchmark/gate0/temperature_panel2/models/1b8xA03_target_target_T0.05_0.pdb.gz,monomer,full_dbs,2020-05-14,ok,
1b8xA03|target|target|T0.05|4,1b8xA03|target|target,1b8xA03,0.05,target,0.8172300398012449,86.0001923076923,4.259246433078457,13.4378,file_order,105,260,0,7cb72e9672e5694260aefcc55b5e4c0ee963d2ff476fec0865c8358ea7e76aed,public_data/benchmark/gate0/temperature_panel2/models/1b8xA03_target_target_T0.05_4.pdb.gz,monomer,full_dbs,2020-05-14,ok,
1b8xA03|target|target|T0.05|5,1b8xA03|target|target,1b8xA03,0.05,target,0.8065414958997641,88.5703076923077,3.0463007754491076,9.256,file_order,105,260,0,7cb72e9672e5694260aefcc55b5e4c0ee963d2ff476fec0865c8358ea7e76aed,public_data/benchmark/gate0/temperature_panel2/models/1b8xA03_target_target_T0.05_5.pdb.gz,monomer,full_dbs,2020-05-14,ok,
1b8xA03|target|target|T0.05|7,1b8xA03|target|target,1b8xA03,0.05,target,0.8519528019683106,86.7148846153846,2.9465311488447514,11.8839,file_order,105,260,0,7cb72e9672e5694260aefcc55b5e4c0ee963d2ff476fec0865c8358ea7e76aed,public_data/benchmark/gate0/temperature_panel2/models/1b8xA03_target_target_T0.05_7.pdb.gz,monomer,full_dbs,2020-05-14,ok,
1b8xA03|target|target|T0.1|0,1b8xA03|target|target,1b8xA03,0.1,target,0.7828423406584007,84.89073076923077,1.4778399442859156,13.3804,file_order,105,260,0,7cb72e9672e5694260aefcc55b5e4c0ee963d2ff476fec0865c8358ea7e76aed,public_data/benchmark/gate0/temperature_panel2/models/1b8xA03_target_target_T0.1_0.pdb.gz,monomer,full_dbs,2020-05-14,ok,
1b8xA03|target|target|T0.1|1,1b8xA03|target|target,1b8xA03,0.1,target,0.8840688497674035,87.18334615384614,3.1324688625361343,12.8746,file_order,105,260,0,7cb72e9672e5694260aefcc55b5e4c0ee963d2ff476fec0865c8358ea7e76aed,public_data/benchmark/gate0/temperature_panel2/models/1b8xA03_target_target_T0.1_1.pdb.gz,monomer,full_dbs,2020-05-14,ok,
1b8xA03|target|target|T0.1|2,1b8xA03|target|target,1b8xA03,0.1,target,0.7869978198191333,87.42607692307692,2.018633836912694,8.3432,file_order,105,260,0,7cb72e9672e5694260aefcc55b5e4c0ee963d2ff476fec0865c8358ea7e76aed,public_data/benchmark/gate0/temperature_panel2/models/1b8xA03_target_target_T0.1_2.pdb.gz,monomer,full_dbs,2020-05-14,ok,
1b8xA03|target|target|T0.1|3,1b8xA03|target|target,1b8xA03,0.1,target,0.8207649151656506,86.83057692307693,2.15796779418446,12.8135,file_order,105,260,0,7cb72e9672e5694260aefcc55b5e4c0ee963d2ff476fec0865c8358ea7e76aed,public_data/benchmark/gate0/temperature_panel2/models/1b8xA03_target_target_T0.1_3.pdb.gz,monomer,full_dbs,2020-05-14,ok,
1b8xA03|target|target|T0.1|4,1b8xA03|target|target,1b8xA03,0.1,target,0.7795553281772647,85.42003846153845,3.61049223657987,16.6297,file_order,105,260,0,7cb72e9672e5694260aefcc55b5e4c0ee963d2ff476fec0865c8358ea7e76aed,public_data/benchmark/gate0/temperature_panel2/models/1b8xA03_target_target_T0.1_4.pdb.gz,monomer,full_dbs,2020-05-14,ok,
1b8xA03|target|target|T0.1|6,1b8xA03|target|target,1b8xA03,0.1,target,0.8035231744567254,85.84346153846154,1.5721080002008554,12.8931,file_order,105,260,0,7cb72e9672e5694260aefcc55b5e4c0ee963d2ff476fec0865c8358ea7e76aed,public_data/benchmark/gate0/temperature_panel2/models/1b8xA03_target_target_T0.1_6.pdb.gz,monomer,full_dbs,2020-05-14,ok,
1b8xA03|target|target|T0.05|3,1b8xA03|target|target,1b8xA03,0.05,target,0.869804439124508,87.64507692307693,4.673673711651302,15.92,file_order,105,260,0,7cb72e9672e5694260aefcc55b5e4c0ee963d2ff476fec0865c8358ea7e76aed,public_data/benchmark/gate0/temperature_panel2/models/1b8xA03_target_target_T0.05_3.pdb.gz,monomer,full_dbs,2020-05-14,ok,
1b8xA03|target|target|T0.1|5,1b8xA03|target|target,1b8xA03,0.1,target,0.8052177969672819,85.07307692307693,1.1640378710080783,14.9989,file_order,105,260,0,7cb72e9672e5694260aefcc55b5e4c0ee963d2ff476fec0865c8358ea7e76aed,public_data/benchmark/gate0/temperature_panel2/models/1b8xA03_target_target_T0.1_5.pdb.gz,monomer,full_dbs,2020-05-14,ok,
1b8xA03|target|target|T0.1|7,1b8xA03|target|target,1b8xA03,0.1,target,0.8744366272081849,87.17942307692309,1.30326431215812,17.0195,file_order,105,260,0,7cb72e9672e5694260aefcc55b5e4c0ee963d2ff476fec0865c8358ea7e76aed,public_data/benchmark/gate0/temperature_panel2/models/1b8xA03_target_target_T0.1_7.pdb.gz,monomer,full_dbs,2020-05-14,ok,
1b8xA03|target|target|T0.2|1,1b8xA03|target|target,1b8xA03,0.2,target,0.8099984339846871,89.31834615384615,3.6142323961102583,10.0708,file_order,105,260,0,7cb72e9672e5694260aefcc55b5e4c0ee963d2ff476fec0865c8358ea7e76aed,public_data/benchmark/gate0/temperature_panel2/models/1b8xA03_target_target_T0.2_1.pdb.gz,monomer,full_dbs,2020-05-14,ok,
1b8xA03|target|target|T0.2|0,1b8xA03|target|target,1b8xA03,0.2,target,0.7117392466946214,85.82046153846154,2.60225974088019,9.7985,file_order,105,260,0,7cb72e9672e5694260aefcc55b5e4c0ee963d2ff476fec0865c8358ea7e76aed,public_data/benchmark/gate0/temperature_panel2/models/1b8xA03_target_target_T0.2_0.pdb.gz,monomer,full_dbs,2020-05-14,ok,
1b8xA03|target|target|T0.2|2,1b8xA03|target|target,1b8xA03,0.2,target,0.8157316479201855,84.26088461538463,4.830978164174005,14.763,file_order,105,260,0,7cb72e9672e5694260aefcc55b5e4c0ee963d2ff476fec0865c8358ea7e76aed,public_data/benchmark/gate0/temperature_panel2/models/1b8xA03_target_target_T0.2_2.pdb.gz,monomer,full_dbs,2020-05-14,ok,
1b8xA03|target|target|T0.2|3,1b8xA03|target|target,1b8xA03,0.2,target,0.8629487074245404,88.53434615384616,2.8583877172778402,10.0515,file_order,105,260,0,7cb72e9672e5694260aefcc55b5e4c0ee963d2ff476fec0865c8358ea7e76aed,public_data/benchmark/gate0/temperature_panel2/models/1b8xA03_target_target_T0.2_3.pdb.gz,monomer,full_dbs,2020-05-14,ok,
1b8xA03|target|target|T0.2|4,1b8xA03|target|target,1b8xA03,0.2,target,0.7764998935890918,84.16703846153847,3.195127498563719,14.4093,file_order,105,260,0,7cb72e9672e5694260aefcc55b5e4c0ee963d2ff476fec0865c8358ea7e76aed,public_data/benchmark/gate0/temperature_panel2/models/1b8xA03_target_target_T0.2_4.pdb.gz,monomer,full_dbs,2020-05-14,ok,
1b8xA03|target|target|T0.2|5,1b8xA03|target|target,1b8xA03,0.2,target,0.6942363401080305,82.00246153846153,1.7244786852562295,11.789,file_order,105,260,0,7cb72e9672e5694260aefcc55b5e4c0ee963d2ff476fec0865c8358ea7e76aed,public_data/benchmark/gate0/temperature_panel2/models/1b8xA03_target_target_T0.2_5.pdb.gz,monomer,full_dbs,2020-05-14,ok,
1b8xA03|target|target|T0.2|6,1b8xA03|target|target,1b8xA03,0.2,target,0.8143400927131571,84.145,3.129563758408696,20.8814,file_order,105,260,0,7cb72e9672e5694260aefcc55b5e4c0ee963d2ff476fec0865c8358ea7e76aed,public_data/benchmark/gate0/temperature_panel2/models/1b8xA03_target_target_T0.2_6.pdb.gz,monomer,full_dbs,2020-05-14,ok,
1b8xA03|target|target|T0.2|7,1b8xA03|target|target,1b8xA03,0.2,target,0.7555548697300957,83.94000000000001,4.283061682866859,20.2441,file_order,105,260,0,7cb72e9672e5694260aefcc55b5e4c0ee963d2ff476fec0865c8358ea7e76aed,public_data/benchmark/gate0/temperature_panel2/models/1b8xA03_target_target_T0.2_7.pdb.gz,monomer,full_dbs,2020-05-14,ok,
1b8xA03|target|target|T0.3|0,1b8xA03|target|target,1b8xA03,0.3,target,0.7476567741004243,84.00003846153845,1.6354980417383043,12.1161,file_order,105,260,0,7cb72e9672e5694260aefcc55b5e4c0ee963d2ff476fec0865c8358ea7e76aed,public_data/benchmark/gate0/temperature_panel2/models/1b8xA03_target_target_T0.3_0.pdb.gz,monomer,full_dbs,2020-05-14,ok,
1b8xA03|target|target|T0.3|1,1b8xA03|target|target,1b8xA03,0.3,target,0.7597918110304827,83.89811538461538,5.367090470882024,15.5112,file_order,105,260,0,7cb72e9672e5694260aefcc55b5e4c0ee963d2ff476fec0865c8358ea7e76aed,public_data/benchmark/gate0/temperature_panel2/models/1b8xA03_target_target_T0.3_1.pdb.gz,monomer,full_dbs,2020-05-14,ok,
1b8xA03|target|target|T0.3|2,1b8xA03|target|target,1b8xA03,0.3,target,0.797504405942799,82.947,3.5763874137043974,13.1669,file_order,105,260,0,7cb72e9672e5694260aefcc55b5e4c0ee963d2ff476fec0865c8358ea7e76aed,public_data/benchmark/gate0/temperature_panel2/models/1b8xA03_target_target_T0.3_2.pdb.gz,monomer,full_dbs,2020-05-14,ok,
1b8xA03|target|target|T0.3|3,1b8xA03|target|target,1b8xA03,0.3,target,0.8145725807070178,84.72284615384615,5.712132927154665,19.1969,file_order,105,260,0,7cb72e9672e5694260aefcc55b5e4c0ee963d2ff476fec0865c8358ea7e76aed,public_data/benchmark/gate0/temperature_panel2/models/1b8xA03_target_target_T0.3_3.pdb.gz,monomer,full_dbs,2020-05-14,ok,
1b8xA03|target|target|T0.3|4,1b8xA03|target|target,1b8xA03,0.3,target,0.8277836082661223,85.96369230769231,3.19967002871404,15.7902,file_order,105,260,0,7cb72e9672e5694260aefcc55b5e4c0ee963d2ff476fec0865c8358ea7e76aed,public_data/benchmark/gate0/temperature_panel2/models/1b8xA03_target_target_T0.3_4.pdb.gz,monomer,full_dbs,2020-05-14,ok,
1b8xA03|target|target|T0.3|5,1b8xA03|target|target,1b8xA03,0.3,target,0.7743566540054223,86.11680769230769,1.7560961802006994,12.2298,file_order,105,260,0,7cb72e9672e5694260aefcc55b5e4c0ee963d2ff476fec0865c8358ea7e76aed,public_data/benchmark/gate0/temperature_panel2/models/1b8xA03_target_target_T0.3_5.pdb.gz,monomer,full_dbs,2020-05-14,ok,
1b8xA03|target|target|T0.3|6,1b8xA03|target|target,1b8xA03,0.3,target,0.7228136737837821,83.73042307692307,1.9884354270689708,12.4109,file_order,105,260,0,7cb72e9672e5694260aefcc55b5e4c0ee963d2ff476fec0865c8358ea7e76aed,public_data/benchmark/gate0/temperature_panel2/models/1b8xA03_target_target_T0.3_6.pdb.gz,monomer,full_dbs,2020-05-14,ok,
1b5aA00|bioemu|bioemu_004|T0.05|0,1b5aA00|bioemu|bioemu_004,1b5aA00,0.05,bioemu,0.8056717496274143,79.44340425531915,1.238899352042561,4.4538,file_order,42,94,0,5c880c12ffce355d4be5b4d715789e859bf6f96d628fe044aea16dbb2714dd07,public_data/benchmark/gate0/temperature_panel2/models/1b5aA00_bioemu_bioemu_004_T0.05_0.pdb.gz,monomer,full_dbs,2020-05-14,ok,
1b8xA03|target|target|T0.3|7,1b8xA03|target|target,1b8xA03,0.3,target,0.8092871053318826,84.05426923076924,2.6317633125341637,13.1469,file_order,105,260,0,7cb72e9672e5694260aefcc55b5e4c0ee963d2ff476fec0865c8358ea7e76aed,public_data/benchmark/gate0/temperature_panel2/models/1b8xA03_target_target_T0.3_7.pdb.gz,monomer,full_dbs,2020-05-14,ok,
1b5aA00|bioemu|bioemu_004|T0.05|1,1b5aA00|bioemu|bioemu_004,1b5aA00,0.05,bioemu,0.8394366648059263,79.08457446808511,1.2682344362101148,3.8077,file_order,42,94,0,5c880c12ffce355d4be5b4d715789e859bf6f96d628fe044aea16dbb2714dd07,public_data/benchmark/gate0/temperature_panel2/models/1b5aA00_bioemu_bioemu_004_T0.05_1.pdb.gz,monomer,full_dbs,2020-05-14,ok,
1b5aA00|bioemu|bioemu_004|T0.05|3,1b5aA00|bioemu|bioemu_004,1b5aA00,0.05,bioemu,0.8303465203638927,82.39372340425533,1.0547602883014309,3.4602,file_order,42,94,0,5c880c12ffce355d4be5b4d715789e859bf6f96d628fe044aea16dbb2714dd07,public_data/benchmark/gate0/temperature_panel2/models/1b5aA00_bioemu_bioemu_004_T0.05_3.pdb.gz,monomer,full_dbs,2020-05-14,ok,
1b5aA00|bioemu|bioemu_004|T0.05|2,1b5aA00|bioemu|bioemu_004,1b5aA00,0.05,bioemu,0.7958288490974245,78.15531914893617,1.2890174826617764,4.3647,file_order,42,94,0,5c880c12ffce355d4be5b4d715789e859bf6f96d628fe044aea16dbb2714dd07,public_data/benchmark/gate0/temperature_panel2/models/1b5aA00_bioemu_bioemu_004_T0.05_2.pdb.gz,monomer,full_dbs,2020-05-14,ok,
1b5aA00|bioemu|bioemu_004|T0.05|4,1b5aA00|bioemu|bioemu_004,1b5aA00,0.05,bioemu,0.8060046495515689,79.60712765957446,1.1941190006929319,4.0452,file_order,42,94,0,5c880c12ffce355d4be5b4d715789e859bf6f96d628fe044aea16dbb2714dd07,public_data/benchmark/gate0/temperature_panel2/models/1b5aA00_bioemu_bioemu_004_T0.05_4.pdb.gz,monomer,full_dbs,2020-05-14,ok,
1b5aA00|bioemu|bioemu_004|T0.05|6,1b5aA00|bioemu|bioemu_004,1b5aA00,0.05,bioemu,0.8285405734248825,78.61872340425532,1.0955942965945236,1.9768,file_order,42,94,0,5c880c12ffce355d4be5b4d715789e859bf6f96d628fe044aea16dbb2714dd07,public_data/benchmark/gate0/temperature_panel2/models/1b5aA00_bioemu_bioemu_004_T0.05_6.pdb.gz,monomer,full_dbs,2020-05-14,ok,
1b5aA00|bioemu|bioemu_004|T0.05|5,1b5aA00|bioemu|bioemu_004,1b5aA00,0.05,bioemu,0.7809248036382243,76.85574468085106,1.2345444858799237,4.0237,file_order,42,94,0,5c880c12ffce355d4be5b4d715789e859bf6f96d628fe044aea16dbb2714dd07,public_data/benchmark/gate0/temperature_panel2/models/1b5aA00_bioemu_bioemu_004_T0.05_5.pdb.gz,monomer,full_dbs,2020-05-14,ok,
1b5aA00|bioemu|bioemu_004|T0.1|1,1b5aA00|bioemu|bioemu_004,1b5aA00,0.1,bioemu,0.8467534757401112,80.92914893617021,0.8654484242849882,2.3783,file_order,42,94,0,5c880c12ffce355d4be5b4d715789e859bf6f96d628fe044aea16dbb2714dd07,public_data/benchmark/gate0/temperature_panel2/models/1b5aA00_bioemu_bioemu_004_T0.1_1.pdb.gz,monomer,full_dbs,2020-05-14,ok,
1b5aA00|bioemu|bioemu_004|T0.1|0,1b5aA00|bioemu|bioemu_004,1b5aA00,0.1,bioemu,0.8339129568368525,81.5763829787234,1.1587207736155924,4.3429,file_order,42,94,0,5c880c12ffce355d4be5b4d715789e859bf6f96d628fe044aea16dbb2714dd07,public_data/benchmark/gate0/temperature_panel2/models/1b5aA00_bioemu_bioemu_004_T0.1_0.pdb.gz,monomer,full_dbs,2020-05-14,ok,
1b5aA00|bioemu|bioemu_004|T0.1|2,1b5aA00|bioemu|bioemu_004,1b5aA00,0.1,bioemu,0.8411498487710699,76.98106382978723,1.3621350788449742,3.2368,file_order,42,94,0,5c880c12ffce355d4be5b4d715789e859bf6f96d628fe044aea16dbb2714dd07,public_data/benchmark/gate0/temperature_panel2/models/1b5aA00_bioemu_bioemu_004_T0.1_2.pdb.gz,monomer,full_dbs,2020-05-14,ok,
1b5aA00|bioemu|bioemu_004|T0.1|3,1b5aA00|bioemu|bioemu_004,1b5aA00,0.1,bioemu,0.8459233730176259,78.58212765957447,1.0906119665175245,3.8047,file_order,42,94,0,5c880c12ffce355d4be5b4d715789e859bf6f96d628fe044aea16dbb2714dd07,public_data/benchmark/gate0/temperature_panel2/models/1b5aA00_bioemu_bioemu_004_T0.1_3.pdb.gz,monomer,full_dbs,2020-05-14,ok,
1b5aA00|bioemu|bioemu_004|T0.05|7,1b5aA00|bioemu|bioemu_004,1b5aA00,0.05,bioemu,0.8233409715249546,78.16414893617022,1.3135253063957795,4.0223,file_order,42,94,0,5c880c12ffce355d4be5b4d715789e859bf6f96d628fe044aea16dbb2714dd07,public_data/benchmark/gate0/temperature_panel2/models/1b5aA00_bioemu_bioemu_004_T0.05_7.pdb.gz,monomer,full_dbs,2020-05-14,ok,
1b5aA00|bioemu|bioemu_004|T0.1|4,1b5aA00|bioemu|bioemu_004,1b5aA00,0.1,bioemu,0.7895354758292229,78.96117021276596,1.2689195366755583,2.0644,file_order,42,94,0,5c880c12ffce355d4be5b4d715789e859bf6f96d628fe044aea16dbb2714dd07,public_data/benchmark/gate0/temperature_panel2/models/1b5aA00_bioemu_bioemu_004_T0.1_4.pdb.gz,monomer,full_dbs,2020-05-14,ok,
1b5aA00|bioemu|bioemu_004|T0.1|5,1b5aA00|bioemu|bioemu_004,1b5aA00,0.1,bioemu,0.7916489443707359,79.18446808510639,1.1749695876873338,4.647,file_order,42,94,0,5c880c12ffce355d4be5b4d715789e859bf6f96d628fe044aea16dbb2714dd07,public_data/benchmark/gate0/temperature_panel2/models/1b5aA00_bioemu_bioemu_004_T0.1_5.pdb.gz,monomer,full_dbs,2020-05-14,ok,
1b5aA00|bioemu|bioemu_004|T0.1|6,1b5aA00|bioemu|bioemu_004,1b5aA00,0.1,bioemu,0.8388622924231462,80.8231914893617,1.2217679412780553,4.0652,file_order,42,94,0,5c880c12ffce355d4be5b4d715789e859bf6f96d628fe044aea16dbb2714dd07,public_data/benchmark/gate0/temperature_panel2/models/1b5aA00_bioemu_bioemu_004_T0.1_6.pdb.gz,monomer,full_dbs,2020-05-14,ok,
1b5aA00|bioemu|bioemu_004|T0.1|7,1b5aA00|bioemu|bioemu_004,1b5aA00,0.1,bioemu,0.783100985716057,75.21808510638297,1.2292879219770196,2.1185,file_order,42,94,0,5c880c12ffce355d4be5b4d715789e859bf6f96d628fe044aea16dbb2714dd07,public_data/benchmark/gate0/temperature_panel2/models/1b5aA00_bioemu_bioemu_004_T0.1_7.pdb.gz,monomer,full_dbs,2020-05-14,ok,
1b5aA00|bioemu|bioemu_004|T0.2|0,1b5aA00|bioemu|bioemu_004,1b5aA00,0.2,bioemu,0.8192818252939872,80.7418085106383,0.9489499005643177,4.2171,file_order,42,94,0,5c880c12ffce355d4be5b4d715789e859bf6f96d628fe044aea16dbb2714dd07,public_data/benchmark/gate0/temperature_panel2/models/1b5aA00_bioemu_bioemu_004_T0.2_0.pdb.gz,monomer,full_dbs,2020-05-14,ok,
1b5aA00|bioemu|bioemu_004|T0.2|1,1b5aA00|bioemu|bioemu_004,1b5aA00,0.2,bioemu,0.8408653513530021,79.2372340425532,1.2103169564421292,3.7684,file_order,42,94,0,5c880c12ffce355d4be5b4d715789e859bf6f96d628fe044aea16dbb2714dd07,public_data/benchmark/gate0/temperature_panel2/models/1b5aA00_bioemu_bioemu_004_T0.2_1.pdb.gz,monomer,full_dbs,2020-05-14,ok,
1b5aA00|bioemu|bioemu_004|T0.2|2,1b5aA00|bioemu|bioemu_004,1b5aA00,0.2,bioemu,0.8177013750389509,80.59457446808511,1.0205169244159533,4.2489,file_order,42,94,0,5c880c12ffce355d4be5b4d715789e859bf6f96d628fe044aea16dbb2714dd07,public_data/benchmark/gate0/temperature_panel2/models/1b5aA00_bioemu_bioemu_004_T0.2_2.pdb.gz,monomer,full_dbs,2020-05-14,ok,
1b5aA00|bioemu|bioemu_004|T0.2|3,1b5aA00|bioemu|bioemu_004,1b5aA00,0.2,bioemu,0.7852614949651721,79.28617021276595,1.4019561763364026,3.3872,file_order,42,94,0,5c880c12ffce355d4be5b4d715789e859bf6f96d628fe044aea16dbb2714dd07,public_data/benchmark/gate0/temperature_panel2/models/1b5aA00_bioemu_bioemu_004_T0.2_3.pdb.gz,monomer,full_dbs,2020-05-14,ok,
1b5aA00|bioemu|bioemu_004|T0.2|4,1b5aA00|bioemu|bioemu_004,1b5aA00,0.2,bioemu,0.8356735404447928,80.28787234042554,1.4543094327726511,4.0312,file_order,42,94,0,5c880c12ffce355d4be5b4d715789e859bf6f96d628fe044aea16dbb2714dd07,public_data/benchmark/gate0/temperature_panel2/models/1b5aA00_bioemu_bioemu_004_T0.2_4.pdb.gz,monomer,full_dbs,2020-05-14,ok,
1b5aA00|bioemu|bioemu_004|T0.2|5,1b5aA00|bioemu|bioemu_004,1b5aA00,0.2,bioemu,0.7583041159789723,82.79510638297872,0.9988234377545882,3.7903,file_order,42,94,0,5c880c12ffce355d4be5b4d715789e859bf6f96d628fe044aea16dbb2714dd07,public_data/benchmark/gate0/temperature_panel2/models/1b5aA00_bioemu_bioemu_004_T0.2_5.pdb.gz,monomer,full_dbs,2020-05-14,ok,
1b5aA00|bioemu|bioemu_004|T0.2|6,1b5aA00|bioemu|bioemu_004,1b5aA00,0.2,bioemu,0.7787329568242961,78.55095744680851,1.167674888864108,4.0995,file_order,42,94,0,5c880c12ffce355d4be5b4d715789e859bf6f96d628fe044aea16dbb2714dd07,public_data/benchmark/gate0/temperature_panel2/models/1b5aA00_bioemu_bioemu_004_T0.2_6.pdb.gz,monomer,full_dbs,2020-05-14,ok,
1b5aA00|bioemu|bioemu_004|T0.2|7,1b5aA00|bioemu|bioemu_004,1b5aA00,0.2,bioemu,0.7567408677369454,77.66808510638297,1.1541969062808142,2.1702,file_order,42,94,0,5c880c12ffce355d4be5b4d715789e859bf6f96d628fe044aea16dbb2714dd07,public_data/benchmark/gate0/temperature_panel2/models/1b5aA00_bioemu_bioemu_004_T0.2_7.pdb.gz,monomer,full_dbs,2020-05-14,ok,
1b5aA00|bioemu|bioemu_004|T0.3|0,1b5aA00|bioemu|bioemu_004,1b5aA00,0.3,bioemu,0.7141742622630741,79.78042553191489,1.192391672308212,4.4685,file_order,42,94,0,5c880c12ffce355d4be5b4d715789e859bf6f96d628fe044aea16dbb2714dd07,public_data/benchmark/gate0/temperature_panel2/models/1b5aA00_bioemu_bioemu_004_T0.3_0.pdb.gz,monomer,full_dbs,2020-05-14,ok,
1b5aA00|bioemu|bioemu_004|T0.3|1,1b5aA00|bioemu|bioemu_004,1b5aA00,0.3,bioemu,0.7958288490974245,82.47393617021277,0.9227883899925089,3.8701,file_order,42,94,0,5c880c12ffce355d4be5b4d715789e859bf6f96d628fe044aea16dbb2714dd07,public_data/benchmark/gate0/temperature_panel2/models/1b5aA00_bioemu_bioemu_004_T0.3_1.pdb.gz,monomer,full_dbs,2020-05-14,ok,
1b5aA00|bioemu|bioemu_004|T0.3|2,1b5aA00|bioemu|bioemu_004,1b5aA00,0.3,bioemu,0.4911711305389651,79.9181914893617,2.0027393992409537,4.8272,file_order,42,94,0,5c880c12ffce355d4be5b4d715789e859bf6f96d628fe044aea16dbb2714dd07,public_data/benchmark/gate0/temperature_panel2/models/1b5aA00_bioemu_bioemu_004_T0.3_2.pdb.gz,monomer,full_dbs,2020-05-14,ok,
1b5aA00|bioemu|bioemu_004|T0.3|3,1b5aA00|bioemu|bioemu_004,1b5aA00,0.3,bioemu,0.7787329568242961,78.30531914893616,1.0074290705227,2.8312,file_order,42,94,0,5c880c12ffce355d4be5b4d715789e859bf6f96d628fe044aea16dbb2714dd07,public_data/benchmark/gate0/temperature_panel2/models/1b5aA00_bioemu_bioemu_004_T0.3_3.pdb.gz,monomer,full_dbs,2020-05-14,ok,
1b5aA00|bioemu|bioemu_004|T0.3|4,1b5aA00|bioemu|bioemu_004,1b5aA00,0.3,bioemu,0.8527293572741141,80.97436170212767,1.189624429583375,2.6185,file_order,42,94,0,5c880c12ffce355d4be5b4d715789e859bf6f96d628fe044aea16dbb2714dd07,public_data/benchmark/gate0/temperature_panel2/models/1b5aA00_bioemu_bioemu_004_T0.3_4.pdb.gz,monomer,full_dbs,2020-05-14,ok,
1b5aA00|bioemu|bioemu_004|T0.3|5,1b5aA00|bioemu|bioemu_004,1b5aA00,0.3,bioemu,0.7598605062583894,77.58063829787234,1.1783687706189676,4.9924,file_order,42,94,0,5c880c12ffce355d4be5b4d715789e859bf6f96d628fe044aea16dbb2714dd07,public_data/benchmark/gate0/temperature_panel2/models/1b5aA00_bioemu_bioemu_004_T0.3_5.pdb.gz,monomer,full_dbs,2020-05-14,ok,
1b5aA00|bioemu|bioemu_004|T0.3|6,1b5aA00|bioemu|bioemu_004,1b5aA00,0.3,bioemu,0.7093729180064644,75.38202127659574,1.379501941655962,4.8935,file_order,42,94,0,5c880c12ffce355d4be5b4d715789e859bf6f96d628fe044aea16dbb2714dd07,public_data/benchmark/gate0/temperature_panel2/models/1b5aA00_bioemu_bioemu_004_T0.3_6.pdb.gz,monomer,full_dbs,2020-05-14,ok,
1b5aA00|bioemu|bioemu_004|T0.3|7,1b5aA00|bioemu|bioemu_004,1b5aA00,0.3,bioemu,0.8291442438390194,80.48382978723404,1.2574925706182036,4.1712,file_order,42,94,0,5c880c12ffce355d4be5b4d715789e859bf6f96d628fe044aea16dbb2714dd07,public_data/benchmark/gate0/temperature_panel2/models/1b5aA00_bioemu_bioemu_004_T0.3_7.pdb.gz,monomer,full_dbs,2020-05-14,ok,
1hufA00|rfd3|rfd3_inputs_spec-1_0_model_4|T0.05|0,1hufA00|rfd3|rfd3_inputs_spec-1_0_model_4,1hufA00,0.05,rfd3,0.8016156215857724,67.88967479674797,2.3940549528703787,4.7563,file_order,77,123,0,534c6b90816c3e792238d07151535a7dad718a852fc7e5b88b24ed5d8542e0dd,public_data/benchmark/gate0/temperature_panel2/models/1hufA00_rfd3_rfd3_inputs_spec-1_0_model_4_T0.05_0.pdb.gz,monomer,full_dbs,2020-05-14,ok,
1hufA00|rfd3|rfd3_inputs_spec-1_0_model_4|T0.05|1,1hufA00|rfd3|rfd3_inputs_spec-1_0_model_4,1hufA00,0.05,rfd3,0.7775952660051092,73.8250406504065,4.318107514137637,6.6175,file_order,77,123,0,534c6b90816c3e792238d07151535a7dad718a852fc7e5b88b24ed5d8542e0dd,public_data/benchmark/gate0/temperature_panel2/models/1hufA00_rfd3_rfd3_inputs_spec-1_0_model_4_T0.05_1.pdb.gz,monomer,full_dbs,2020-05-14,ok,
1hufA00|rfd3|rfd3_inputs_spec-1_0_model_4|T0.05|3,1hufA00|rfd3|rfd3_inputs_spec-1_0_model_4,1hufA00,0.05,rfd3,0.80135691262248,79.62577235772358,4.290578034386669,7.6988,file_order,77,123,0,534c6b90816c3e792238d07151535a7dad718a852fc7e5b88b24ed5d8542e0dd,public_data/benchmark/gate0/temperature_panel2/models/1hufA00_rfd3_rfd3_inputs_spec-1_0_model_4_T0.05_3.pdb.gz,monomer,full_dbs,2020-05-14,ok,
1hufA00|rfd3|rfd3_inputs_spec-1_0_model_4|T0.05|2,1hufA00|rfd3|rfd3_inputs_spec-1_0_model_4,1hufA00,0.05,rfd3,0.6444649839624079,69.54520325203252,5.122170615709294,7.0366,file_order,77,123,0,534c6b90816c3e792238d07151535a7dad718a852fc7e5b88b24ed5d8542e0dd,public_data/benchmark/gate0/temperature_panel2/models/1hufA00_rfd3_rfd3_inputs_spec-1_0_model_4_T0.05_2.pdb.gz,monomer,full_dbs,2020-05-14,ok,
1hufA00|rfd3|rfd3_inputs_spec-1_0_model_4|T0.05|4,1hufA00|rfd3|rfd3_inputs_spec-1_0_model_4,1hufA00,0.05,rfd3,0.7722065921086393,75.78276422764228,7.528823232590186,9.2654,file_order,77,123,0,534c6b90816c3e792238d07151535a7dad718a852fc7e5b88b24ed5d8542e0dd,public_data/benchmark/gate0/temperature_panel2/models/1hufA00_rfd3_rfd3_inputs_spec-1_0_model_4_T0.05_4.pdb.gz,monomer,full_dbs,2020-05-14,ok,
1hufA00|rfd3|rfd3_inputs_spec-1_0_model_4|T0.05|5,1hufA00|rfd3|rfd3_inputs_spec-1_0_model_4,1hufA00,0.05,rfd3,0.7066874227580574,70.95121951219512,3.0921910410533693,6.8428,file_order,77,123,0,534c6b90816c3e792238d07151535a7dad718a852fc7e5b88b24ed5d8542e0dd,public_data/benchmark/gate0/temperature_panel2/models/1hufA00_rfd3_rfd3_inputs_spec-1_0_model_4_T0.05_5.pdb.gz,monomer,full_dbs,2020-05-14,ok,
1hufA00|rfd3|rfd3_inputs_spec-1_0_model_4|T0.05|7,1hufA00|rfd3|rfd3_inputs_spec-1_0_model_4,1hufA00,0.05,rfd3,0.7617461066174009,72.1570731707317,4.2197799851970155,7.3134,file_order,77,123,0,534c6b90816c3e792238d07151535a7dad718a852fc7e5b88b24ed5d8542e0dd,public_data/benchmark/gate0/temperature_panel2/models/1hufA00_rfd3_rfd3_inputs_spec-1_0_model_4_T0.05_7.pdb.gz,monomer,full_dbs,2020-05-14,ok,
1hufA00|rfd3|rfd3_inputs_spec-1_0_model_4|T0.1|0,1hufA00|rfd3|rfd3_inputs_spec-1_0_model_4,1hufA00,0.1,rfd3,0.7905311600918773,71.80422764227643,4.266833206519769,7.6877,file_order,77,123,0,534c6b90816c3e792238d07151535a7dad718a852fc7e5b88b24ed5d8542e0dd,public_data/benchmark/gate0/temperature_panel2/models/1hufA00_rfd3_rfd3_inputs_spec-1_0_model_4_T0.1_0.pdb.gz,monomer,full_dbs,2020-05-14,ok,
1hufA00|rfd3|rfd3_inputs_spec-1_0_model_4|T0.1|2,1hufA00|rfd3|rfd3_inputs_spec-1_0_model_4,1hufA00,0.1,rfd3,0.7897222511677838,76.54569105691057,4.975059627163942,6.9917,file_order,77,123,0,534c6b90816c3e792238d07151535a7dad718a852fc7e5b88b24ed5d8542e0dd,public_data/benchmark/gate0/temperature_panel2/models/1hufA00_rfd3_rfd3_inputs_spec-1_0_model_4_T0.1_2.pdb.gz,monomer,full_dbs,2020-05-14,ok,
1hufA00|rfd3|rfd3_inputs_spec-1_0_model_4|T0.1|1,1hufA00|rfd3|rfd3_inputs_spec-1_0_model_4,1hufA00,0.1,rfd3,0.6668525428014154,78.67577235772359,3.1550254700806217,5.6832,file_order,77,123,0,534c6b90816c3e792238d07151535a7dad718a852fc7e5b88b24ed5d8542e0dd,public_data/benchmark/gate0/temperature_panel2/models/1hufA00_rfd3_rfd3_inputs_spec-1_0_model_4_T0.1_1.pdb.gz,monomer,full_dbs,2020-05-14,ok,
1hufA00|rfd3|rfd3_inputs_spec-1_0_model_4|T0.1|3,1hufA00|rfd3|rfd3_inputs_spec-1_0_model_4,1hufA00,0.1,rfd3,0.7924097106610518,86.78089430894309,1.7424611047647574,2.4148,file_order,77,123,0,534c6b90816c3e792238d07151535a7dad718a852fc7e5b88b24ed5d8542e0dd,public_data/benchmark/gate0/temperature_panel2/models/1hufA00_rfd3_rfd3_inputs_spec-1_0_model_4_T0.1_3.pdb.gz,monomer,full_dbs,2020-05-14,ok,
1hufA00|rfd3|rfd3_inputs_spec-1_0_model_4|T0.1|4,1hufA00|rfd3|rfd3_inputs_spec-1_0_model_4,1hufA00,0.1,rfd3,0.7581867929647906,69.33983739837397,5.613570496347263,8.2695,file_order,77,123,0,534c6b90816c3e792238d07151535a7dad718a852fc7e5b88b24ed5d8542e0dd,public_data/benchmark/gate0/temperature_panel2/models/1hufA00_rfd3_rfd3_inputs_spec-1_0_model_4_T0.1_4.pdb.gz,monomer,full_dbs,2020-05-14,ok,
1hufA00|rfd3|rfd3_inputs_spec-1_0_model_4|T0.1|5,1hufA00|rfd3|rfd3_inputs_spec-1_0_model_4,1hufA00,0.1,rfd3,0.7268177464034369,71.48772357723577,4.010266482084066,6.7865,file_order,77,123,0,534c6b90816c3e792238d07151535a7dad718a852fc7e5b88b24ed5d8542e0dd,public_data/benchmark/gate0/temperature_panel2/models/1hufA00_rfd3_rfd3_inputs_spec-1_0_model_4_T0.1_5.pdb.gz,monomer,full_dbs,2020-05-14,ok,
1hufA00|rfd3|rfd3_inputs_spec-1_0_model_4|T0.1|6,1hufA00|rfd3|rfd3_inputs_spec-1_0_model_4,1hufA00,0.1,rfd3,0.7739181655536839,72.21869918699187,6.121927480165393,7.5309,file_order,77,123,0,534c6b90816c3e792238d07151535a7dad718a852fc7e5b88b24ed5d8542e0dd,public_data/benchmark/gate0/temperature_panel2/models/1hufA00_rfd3_rfd3_inputs_spec-1_0_model_4_T0.1_6.pdb.gz,monomer,full_dbs,2020-05-14,ok,
1hufA00|rfd3|rfd3_inputs_spec-1_0_model_4|T0.1|7,1hufA00|rfd3|rfd3_inputs_spec-1_0_model_4,1hufA00,0.1,rfd3,0.7448287641394562,72.01813008130081,3.238245327827526,5.21,file_order,77,123,0,534c6b90816c3e792238d07151535a7dad718a852fc7e5b88b24ed5d8542e0dd,public_data/benchmark/gate0/temperature_panel2/models/1hufA00_rfd3_rfd3_inputs_spec-1_0_model_4_T0.1_7.pdb.gz,monomer,full_dbs,2020-05-14,ok,
1hufA00|rfd3|rfd3_inputs_spec-1_0_model_4|T0.2|1,1hufA00|rfd3|rfd3_inputs_spec-1_0_model_4,1hufA00,0.2,rfd3,0.7281072457833262,67.07162601626015,3.802956107414166,7.016,file_order,77,123,0,534c6b90816c3e792238d07151535a7dad718a852fc7e5b88b24ed5d8542e0dd,public_data/benchmark/gate0/temperature_panel2/models/1hufA00_rfd3_rfd3_inputs_spec-1_0_model_4_T0.2_1.pdb.gz,monomer,full_dbs,2020-05-14,ok,
1hufA00|rfd3|rfd3_inputs_spec-1_0_model_4|T0.2|2,1hufA00|rfd3|rfd3_inputs_spec-1_0_model_4,1hufA00,0.2,rfd3,0.6743947977420485,65.62926829268292,5.265133292419722,7.4793,file_order,77,123,0,534c6b90816c3e792238d07151535a7dad718a852fc7e5b88b24ed5d8542e0dd,public_data/benchmark/gate0/temperature_panel2/models/1hufA00_rfd3_rfd3_inputs_spec-1_0_model_4_T0.2_2.pdb.gz,monomer,full_dbs,2020-05-14,ok,
1hufA00|rfd3|rfd3_inputs_spec-1_0_model_4|T0.05|6,1hufA00|rfd3|rfd3_inputs_spec-1_0_model_4,1hufA00,0.05,rfd3,0.6693763754686016,78.4308943089431,3.7359221110975622,6.4627,file_order,77,123,0,534c6b90816c3e792238d07151535a7dad718a852fc7e5b88b24ed5d8542e0dd,public_data/benchmark/gate0/temperature_panel2/models/1hufA00_rfd3_rfd3_inputs_spec-1_0_model_4_T0.05_6.pdb.gz,monomer,full_dbs,2020-05-14,ok,
1hufA00|rfd3|rfd3_inputs_spec-1_0_model_4|T0.2|3,1hufA00|rfd3|rfd3_inputs_spec-1_0_model_4,1hufA00,0.2,rfd3,0.7548924229528574,79.30918699186992,3.052872235096922,6.9112,file_order,77,123,0,534c6b90816c3e792238d07151535a7dad718a852fc7e5b88b24ed5d8542e0dd,public_data/benchmark/gate0/temperature_panel2/models/1hufA00_rfd3_rfd3_inputs_spec-1_0_model_4_T0.2_3.pdb.gz,monomer,full_dbs,2020-05-14,ok,
1hufA00|rfd3|rfd3_inputs_spec-1_0_model_4|T0.2|4,1hufA00|rfd3|rfd3_inputs_spec-1_0_model_4,1hufA00,0.2,rfd3,0.795601089815287,77.92886178861788,5.141979959939211,8.5039,file_order,77,123,0,534c6b90816c3e792238d07151535a7dad718a852fc7e5b88b24ed5d8542e0dd,public_data/benchmark/gate0/temperature_panel2/models/1hufA00_rfd3_rfd3_inputs_spec-1_0_model_4_T0.2_4.pdb.gz,monomer,full_dbs,2020-05-14,ok,
1hufA00|rfd3|rfd3_inputs_spec-1_0_model_4|T0.2|5,1hufA00|rfd3|rfd3_inputs_spec-1_0_model_4,1hufA00,0.2,rfd3,0.7632184853874384,45.589918699186995,9.907109873956447,12.2485,file_order,77,123,0,534c6b90816c3e792238d07151535a7dad718a852fc7e5b88b24ed5d8542e0dd,public_data/benchmark/gate0/temperature_panel2/models/1hufA00_rfd3_rfd3_inputs_spec-1_0_model_4_T0.2_5.pdb.gz,monomer,full_dbs,2020-05-14,ok,
1hufA00|rfd3|rfd3_inputs_spec-1_0_model_4|T0.2|6,1hufA00|rfd3|rfd3_inputs_spec-1_0_model_4,1hufA00,0.2,rfd3,0.7710604787452169,85.69544715447155,1.5348838070438826,2.5895,file_order,77,123,0,534c6b90816c3e792238d07151535a7dad718a852fc7e5b88b24ed5d8542e0dd,public_data/benchmark/gate0/temperature_panel2/models/1hufA00_rfd3_rfd3_inputs_spec-1_0_model_4_T0.2_6.pdb.gz,monomer,full_dbs,2020-05-14,ok,
1hufA00|rfd3|rfd3_inputs_spec-1_0_model_4|T0.2|7,1hufA00|rfd3|rfd3_inputs_spec-1_0_model_4,1hufA00,0.2,rfd3,0.8212556752386966,73.6229268292683,4.9986674137927265,7.0743,file_order,77,123,0,534c6b90816c3e792238d07151535a7dad718a852fc7e5b88b24ed5d8542e0dd,public_data/benchmark/gate0/temperature_panel2/models/1hufA00_rfd3_rfd3_inputs_spec-1_0_model_4_T0.2_7.pdb.gz,monomer,full_dbs,2020-05-14,ok,
1hufA00|rfd3|rfd3_inputs_spec-1_0_model_4|T0.3|0,1hufA00|rfd3|rfd3_inputs_spec-1_0_model_4,1hufA00,0.3,rfd3,0.7382848777398611,76.05317073170733,3.8535273532596475,6.037,file_order,77,123,0,534c6b90816c3e792238d07151535a7dad718a852fc7e5b88b24ed5d8542e0dd,public_data/benchmark/gate0/temperature_panel2/models/1hufA00_rfd3_rfd3_inputs_spec-1_0_model_4_T0.3_0.pdb.gz,monomer,full_dbs,2020-05-14,ok,
1hufA00|rfd3|rfd3_inputs_spec-1_0_model_4|T0.3|1,1hufA00|rfd3|rfd3_inputs_spec-1_0_model_4,1hufA00,0.3,rfd3,0.6718904957666735,75.38357723577236,2.942329960380475,5.9372,file_order,77,123,0,534c6b90816c3e792238d07151535a7dad718a852fc7e5b88b24ed5d8542e0dd,public_data/benchmark/gate0/temperature_panel2/models/1hufA00_rfd3_rfd3_inputs_spec-1_0_model_4_T0.3_1.pdb.gz,monomer,full_dbs,2020-05-14,ok,
1hufA00|rfd3|rfd3_inputs_spec-1_0_model_4|T0.3|2,1hufA00|rfd3|rfd3_inputs_spec-1_0_model_4,1hufA00,0.3,rfd3,0.7300343280882342,72.67902439024391,3.829598931257488,5.4126,file_order,77,123,0,534c6b90816c3e792238d07151535a7dad718a852fc7e5b88b24ed5d8542e0dd,public_data/benchmark/gate0/temperature_panel2/models/1hufA00_rfd3_rfd3_inputs_spec-1_0_model_4_T0.3_2.pdb.gz,monomer,full_dbs,2020-05-14,ok,
1hufA00|rfd3|rfd3_inputs_spec-1_0_model_4|T0.3|3,1hufA00|rfd3|rfd3_inputs_spec-1_0_model_4,1hufA00,0.3,rfd3,0.8080010059367984,63.85276422764228,5.069251277629112,7.0604,file_order,77,123,0,534c6b90816c3e792238d07151535a7dad718a852fc7e5b88b24ed5d8542e0dd,public_data/benchmark/gate0/temperature_panel2/models/1hufA00_rfd3_rfd3_inputs_spec-1_0_model_4_T0.3_3.pdb.gz,monomer,full_dbs,2020-05-14,ok,
1hufA00|rfd3|rfd3_inputs_spec-1_0_model_4|T0.3|4,1hufA00|rfd3|rfd3_inputs_spec-1_0_model_4,1hufA00,0.3,rfd3,0.6540915475185267,73.01113821138212,4.642815550005481,8.023,file_order,77,123,0,534c6b90816c3e792238d07151535a7dad718a852fc7e5b88b24ed5d8542e0dd,public_data/benchmark/gate0/temperature_panel2/models/1hufA00_rfd3_rfd3_inputs_spec-1_0_model_4_T0.3_4.pdb.gz,monomer,full_dbs,2020-05-14,ok,
1hufA00|rfd3|rfd3_inputs_spec-1_0_model_4|T0.3|5,1hufA00|rfd3|rfd3_inputs_spec-1_0_model_4,1hufA00,0.3,rfd3,0.8152102920513589,73.63837398373984,3.5252002834843257,7.0783,file_order,77,123,0,534c6b90816c3e792238d07151535a7dad718a852fc7e5b88b24ed5d8542e0dd,public_data/benchmark/gate0/temperature_panel2/models/1hufA00_rfd3_rfd3_inputs_spec-1_0_model_4_T0.3_5.pdb.gz,monomer,full_dbs,2020-05-14,ok,
1hufA00|rfd3|rfd3_inputs_spec-1_0_model_4|T0.3|6,1hufA00|rfd3|rfd3_inputs_spec-1_0_model_4,1hufA00,0.3,rfd3,0.7620410850340653,68.95715447154471,4.409279022841287,6.9554,file_order,77,123,0,534c6b90816c3e792238d07151535a7dad718a852fc7e5b88b24ed5d8542e0dd,public_data/benchmark/gate0/temperature_panel2/models/1hufA00_rfd3_rfd3_inputs_spec-1_0_model_4_T0.3_6.pdb.gz,monomer,full_dbs,2020-05-14,ok,
1hufA00|rfd3|rfd3_inputs_spec-1_0_model_4|T0.2|0,1hufA00|rfd3|rfd3_inputs_spec-1_0_model_4,1hufA00,0.2,rfd3,0.5437092826874149,71.1460975609756,4.731986852328817,6.7389,file_order,77,123,0,534c6b90816c3e792238d07151535a7dad718a852fc7e5b88b24ed5d8542e0dd,public_data/benchmark/gate0/temperature_panel2/models/1hufA00_rfd3_rfd3_inputs_spec-1_0_model_4_T0.2_0.pdb.gz,monomer,full_dbs,2020-05-14,ok,
1hufA00|rfd3|rfd3_inputs_spec-1_0_model_4|T0.3|7,1hufA00|rfd3|rfd3_inputs_spec-1_0_model_4,1hufA00,0.3,rfd3,0.7722065921086393,67.01373983739838,4.013666754619882,6.2545,file_order,77,123,0,534c6b90816c3e792238d07151535a7dad718a852fc7e5b88b24ed5d8542e0dd,public_data/benchmark/gate0/temperature_panel2/models/1hufA00_rfd3_rfd3_inputs_spec-1_0_model_4_T0.3_7.pdb.gz,monomer,full_dbs,2020-05-14,ok,
2jneA00|rfd3|rfd3_inputs_spec-1_0_model_4|T0.05|0,2jneA00|rfd3|rfd3_inputs_spec-1_0_model_4,2jneA00,0.05,rfd3,0.7274992954497796,91.36830985915492,2.7713261673846765,3.6696,file_order,39,71,0,ae6e6887a5cefa032a46213d71334a1862450829d602c352d0a5ed8d478cc4d1,public_data/benchmark/gate0/temperature_panel2/models/2jneA00_rfd3_rfd3_inputs_spec-1_0_model_4_T0.05_0.pdb.gz,monomer,full_dbs,2020-05-14,ok,
2jneA00|rfd3|rfd3_inputs_spec-1_0_model_4|T0.05|1,2jneA00|rfd3|rfd3_inputs_spec-1_0_model_4,2jneA00,0.05,rfd3,0.6402243520976425,87.11521126760564,2.0898782294307203,2.7318,file_order,39,71,0,ae6e6887a5cefa032a46213d71334a1862450829d602c352d0a5ed8d478cc4d1,public_data/benchmark/gate0/temperature_panel2/models/2jneA00_rfd3_rfd3_inputs_spec-1_0_model_4_T0.05_1.pdb.gz,monomer,full_dbs,2020-05-14,ok,
2jneA00|rfd3|rfd3_inputs_spec-1_0_model_4|T0.05|2,2jneA00|rfd3|rfd3_inputs_spec-1_0_model_4,2jneA00,0.05,rfd3,0.6707434071177863,91.87549295774647,2.2025236888177844,2.9891,file_order,39,71,0,ae6e6887a5cefa032a46213d71334a1862450829d602c352d0a5ed8d478cc4d1,public_data/benchmark/gate0/temperature_panel2/models/2jneA00_rfd3_rfd3_inputs_spec-1_0_model_4_T0.05_2.pdb.gz,monomer,full_dbs,2020-05-14,ok,
2jneA00|rfd3|rfd3_inputs_spec-1_0_model_4|T0.05|3,2jneA00|rfd3|rfd3_inputs_spec-1_0_model_4,2jneA00,0.05,rfd3,0.5634587530826497,88.0112676056338,1.335104076419287,2.0779,file_order,39,71,0,ae6e6887a5cefa032a46213d71334a1862450829d602c352d0a5ed8d478cc4d1,public_data/benchmark/gate0/temperature_panel2/models/2jneA00_rfd3_rfd3_inputs_spec-1_0_model_4_T0.05_3.pdb.gz,monomer,full_dbs,2020-05-14,ok,
2jneA00|rfd3|rfd3_inputs_spec-1_0_model_4|T0.05|4,2jneA00|rfd3|rfd3_inputs_spec-1_0_model_4,2jneA00,0.05,rfd3,0.587539447343737,82.12718309859154,2.234108589902685,2.9588,file_order,39,71,0,ae6e6887a5cefa032a46213d71334a1862450829d602c352d0a5ed8d478cc4d1,public_data/benchmark/gate0/temperature_panel2/models/2jneA00_rfd3_rfd3_inputs_spec-1_0_model_4_T0.05_4.pdb.gz,monomer,full_dbs,2020-05-14,ok,
2jneA00|rfd3|rfd3_inputs_spec-1_0_model_4|T0.05|6,2jneA00|rfd3|rfd3_inputs_spec-1_0_model_4,2jneA00,0.05,rfd3,0.7346981595634962,89.53492957746478,2.3722079537644296,3.2959,file_order,39,71,0,ae6e6887a5cefa032a46213d71334a1862450829d602c352d0a5ed8d478cc4d1,public_data/benchmark/gate0/temperature_panel2/models/2jneA00_rfd3_rfd3_inputs_spec-1_0_model_4_T0.05_6.pdb.gz,monomer,full_dbs,2020-05-14,ok,
2jneA00|rfd3|rfd3_inputs_spec-1_0_model_4|T0.05|7,2jneA00|rfd3|rfd3_inputs_spec-1_0_model_4,2jneA00,0.05,rfd3,0.7806221723113225,90.36140845070422,1.7255066804559005,2.4724,file_order,39,71,0,ae6e6887a5cefa032a46213d71334a1862450829d602c352d0a5ed8d478cc4d1,public_data/benchmark/gate0/temperature_panel2/models/2jneA00_rfd3_rfd3_inputs_spec-1_0_model_4_T0.05_7.pdb.gz,monomer,full_dbs,2020-05-14,ok,
2jneA00|rfd3|rfd3_inputs_spec-1_0_model_4|T0.05|5,2jneA00|rfd3|rfd3_inputs_spec-1_0_model_4,2jneA00,0.05,rfd3,0.5341719978237032,92.06718309859156,2.122270203440941,2.7891,file_order,39,71,0,ae6e6887a5cefa032a46213d71334a1862450829d602c352d0a5ed8d478cc4d1,public_data/benchmark/gate0/temperature_panel2/models/2jneA00_rfd3_rfd3_inputs_spec-1_0_model_4_T0.05_5.pdb.gz,monomer,full_dbs,2020-05-14,ok,
2jneA00|rfd3|rfd3_inputs_spec-1_0_model_4|T0.1|0,2jneA00|rfd3|rfd3_inputs_spec-1_0_model_4,2jneA00,0.1,rfd3,0.6051671651587962,87.49211267605635,2.1797828493273466,2.8291,file_order,39,71,0,ae6e6887a5cefa032a46213d71334a1862450829d602c352d0a5ed8d478cc4d1,public_data/benchmark/gate0/temperature_panel2/models/2jneA00_rfd3_rfd3_inputs_spec-1_0_model_4_T0.1_0.pdb.gz,monomer,full_dbs,2020-05-14,ok,
2jneA00|rfd3|rfd3_inputs_spec-1_0_model_4|T0.1|1,2jneA00|rfd3|rfd3_inputs_spec-1_0_model_4,2jneA00,0.1,rfd3,0.7368885891675943,90.06901408450703,2.853418484010503,3.6748,file_order,39,71,0,ae6e6887a5cefa032a46213d71334a1862450829d602c352d0a5ed8d478cc4d1,public_data/benchmark/gate0/temperature_panel2/models/2jneA00_rfd3_rfd3_inputs_spec-1_0_model_4_T0.1_1.pdb.gz,monomer,full_dbs,2020-05-14,ok,
2jneA00|rfd3|rfd3_inputs_spec-1_0_model_4|T0.1|2,2jneA00|rfd3|rfd3_inputs_spec-1_0_model_4,2jneA00,0.1,rfd3,0.7034251769739853,88.95985915492957,1.8246196553081229,2.481,file_order,39,71,0,ae6e6887a5cefa032a46213d71334a1862450829d602c352d0a5ed8d478cc4d1,public_data/benchmark/gate0/temperature_panel2/models/2jneA00_rfd3_rfd3_inputs_spec-1_0_model_4_T0.1_2.pdb.gz,monomer,full_dbs,2020-05-14,ok,
2jneA00|rfd3|rfd3_inputs_spec-1_0_model_4|T0.1|3,2jneA00|rfd3|rfd3_inputs_spec-1_0_model_4,2jneA00,0.1,rfd3,0.7034251769739851,88.56985915492957,2.062901166971554,2.803,file_order,39,71,0,ae6e6887a5cefa032a46213d71334a1862450829d602c352d0a5ed8d478cc4d1,public_data/benchmark/gate0/temperature_panel2/models/2jneA00_rfd3_rfd3_inputs_spec-1_0_model_4_T0.1_3.pdb.gz,monomer,full_dbs,2020-05-14,ok,
2jneA00|rfd3|rfd3_inputs_spec-1_0_model_4|T0.1|4,2jneA00|rfd3|rfd3_inputs_spec-1_0_model_4,2jneA00,0.1,rfd3,0.670121004825082,89.38295774647887,1.8884075556004358,2.6164,file_order,39,71,0,ae6e6887a5cefa032a46213d71334a1862450829d602c352d0a5ed8d478cc4d1,public_data/benchmark/gate0/temperature_panel2/models/2jneA00_rfd3_rfd3_inputs_spec-1_0_model_4_T0.1_4.pdb.gz,monomer,full_dbs,2020-05-14,ok,
2jneA00|rfd3|rfd3_inputs_spec-1_0_model_4|T0.1|5,2jneA00|rfd3|rfd3_inputs_spec-1_0_model_4,2jneA00,0.1,rfd3,0.6854979533415834,89.24521126760563,1.7192710702191059,2.3688,file_order,39,71,0,ae6e6887a5cefa032a46213d71334a1862450829d602c352d0a5ed8d478cc4d1,public_data/benchmark/gate0/temperature_panel2/models/2jneA00_rfd3_rfd3_inputs_spec-1_0_model_4_T0.1_5.pdb.gz,monomer,full_dbs,2020-05-14,ok,
2jneA00|rfd3|rfd3_inputs_spec-1_0_model_4|T0.1|7,2jneA00|rfd3|rfd3_inputs_spec-1_0_model_4,2jneA00,0.1,rfd3,0.7235727706571132,89.86309859154929,1.8273639295294668,2.5012,file_order,39,71,0,ae6e6887a5cefa032a46213d71334a1862450829d602c352d0a5ed8d478cc4d1,public_data/benchmark/gate0/temperature_panel2/models/2jneA00_rfd3_rfd3_inputs_spec-1_0_model_4_T0.1_7.pdb.gz,monomer,full_dbs,2020-05-14,ok,
2jneA00|rfd3|rfd3_inputs_spec-1_0_model_4|T0.2|0,2jneA00|rfd3|rfd3_inputs_spec-1_0_model_4,2jneA00,0.2,rfd3,0.6356700481456673,91.47718309859155,1.8445371915147226,2.2755,file_order,39,71,0,ae6e6887a5cefa032a46213d71334a1862450829d602c352d0a5ed8d478cc4d1,public_data/benchmark/gate0/temperature_panel2/models/2jneA00_rfd3_rfd3_inputs_spec-1_0_model_4_T0.2_0.pdb.gz,monomer,full_dbs,2020-05-14,ok,
2jneA00|rfd3|rfd3_inputs_spec-1_0_model_4|T0.2|1,2jneA00|rfd3|rfd3_inputs_spec-1_0_model_4,2jneA00,0.2,rfd3,0.4373728825014096,92.60943661971831,2.59520839470926,3.3846,file_order,39,71,0,ae6e6887a5cefa032a46213d71334a1862450829d602c352d0a5ed8d478cc4d1,public_data/benchmark/gate0/temperature_panel2/models/2jneA00_rfd3_rfd3_inputs_spec-1_0_model_4_T0.2_1.pdb.gz,monomer,full_dbs,2020-05-14,ok,
2jneA00|rfd3|rfd3_inputs_spec-1_0_model_4|T0.2|2,2jneA00|rfd3|rfd3_inputs_spec-1_0_model_4,2jneA00,0.2,rfd3,0.6663741148342743,87.86281690140845,2.048211605212484,2.6732,file_order,39,71,0,ae6e6887a5cefa032a46213d71334a1862450829d602c352d0a5ed8d478cc4d1,public_data/benchmark/gate0/temperature_panel2/models/2jneA00_rfd3_rfd3_inputs_spec-1_0_model_4_T0.2_2.pdb.gz,monomer,full_dbs,2020-05-14,ok,
2jneA00|rfd3|rfd3_inputs_spec-1_0_model_4|T0.2|3,2jneA00|rfd3|rfd3_inputs_spec-1_0_model_4,2jneA00,0.2,rfd3,0.7161886397933367,87.09577464788732,2.3552705375885674,3.0405,file_order,39,71,0,ae6e6887a5cefa032a46213d71334a1862450829d602c352d0a5ed8d478cc4d1,public_data/benchmark/gate0/temperature_panel2/models/2jneA00_rfd3_rfd3_inputs_spec-1_0_model_4_T0.2_3.pdb.gz,monomer,full_dbs,2020-05-14,ok,
2jneA00|rfd3|rfd3_inputs_spec-1_0_model_4|T0.1|6,2jneA00|rfd3|rfd3_inputs_spec-1_0_model_4,2jneA00,0.1,rfd3,0.6434620890183284,82.93690140845071,1.0082503248883732,1.4924,file_order,39,71,0,ae6e6887a5cefa032a46213d71334a1862450829d602c352d0a5ed8d478cc4d1,public_data/benchmark/gate0/temperature_panel2/models/2jneA00_rfd3_rfd3_inputs_spec-1_0_model_4_T0.1_6.pdb.gz,monomer,full_dbs,2020-05-14,ok,
2jneA00|rfd3|rfd3_inputs_spec-1_0_model_4|T0.2|4,2jneA00|rfd3|rfd3_inputs_spec-1_0_model_4,2jneA00,0.2,rfd3,0.7374343761464557,89.10154929577465,1.2764777435953412,1.8058,file_order,39,71,0,ae6e6887a5cefa032a46213d71334a1862450829d602c352d0a5ed8d478cc4d1,public_data/benchmark/gate0/temperature_panel2/models/2jneA00_rfd3_rfd3_inputs_spec-1_0_model_4_T0.2_4.pdb.gz,monomer,full_dbs,2020-05-14,ok,
2jneA00|rfd3|rfd3_inputs_spec-1_0_model_4|T0.2|5,2jneA00|rfd3|rfd3_inputs_spec-1_0_model_4,2jneA00,0.2,rfd3,0.8051175208120135,90.74323943661973,1.4682042465432927,1.9581,file_order,39,71,0,ae6e6887a5cefa032a46213d71334a1862450829d602c352d0a5ed8d478cc4d1,public_data/benchmark/gate0/temperature_panel2/models/2jneA00_rfd3_rfd3_inputs_spec-1_0_model_4_T0.2_5.pdb.gz,monomer,full_dbs,2020-05-14,ok,
2jneA00|rfd3|rfd3_inputs_spec-1_0_model_4|T0.2|7,2jneA00|rfd3|rfd3_inputs_spec-1_0_model_4,2jneA00,0.2,rfd3,0.6004460374934469,88.69746478873239,1.3150293490321634,1.914,file_order,39,71,0,ae6e6887a5cefa032a46213d71334a1862450829d602c352d0a5ed8d478cc4d1,public_data/benchmark/gate0/temperature_panel2/models/2jneA00_rfd3_rfd3_inputs_spec-1_0_model_4_T0.2_7.pdb.gz,monomer,full_dbs,2020-05-14,ok,
2jneA00|rfd3|rfd3_inputs_spec-1_0_model_4|T0.2|6,2jneA00|rfd3|rfd3_inputs_spec-1_0_model_4,2jneA00,0.2,rfd3,0.6118775427400177,88.97169014084507,1.8433353930475784,2.4504,file_order,39,71,0,ae6e6887a5cefa032a46213d71334a1862450829d602c352d0a5ed8d478cc4d1,public_data/benchmark/gate0/temperature_panel2/models/2jneA00_rfd3_rfd3_inputs_spec-1_0_model_4_T0.2_6.pdb.gz,monomer,full_dbs,2020-05-14,ok,
2jneA00|rfd3|rfd3_inputs_spec-1_0_model_4|T0.3|0,2jneA00|rfd3|rfd3_inputs_spec-1_0_model_4,2jneA00,0.3,rfd3,0.6543713020942784,87.90887323943662,1.0080315298886575,1.6161,file_order,39,71,0,ae6e6887a5cefa032a46213d71334a1862450829d602c352d0a5ed8d478cc4d1,public_data/benchmark/gate0/temperature_panel2/models/2jneA00_rfd3_rfd3_inputs_spec-1_0_model_4_T0.3_0.pdb.gz,monomer,full_dbs,2020-05-14,ok,
2jneA00|rfd3|rfd3_inputs_spec-1_0_model_4|T0.3|1,2jneA00|rfd3|rfd3_inputs_spec-1_0_model_4,2jneA00,0.3,rfd3,0.607856230410227,89.07492957746479,1.3674993537741802,2.0466,file_order,39,71,0,ae6e6887a5cefa032a46213d71334a1862450829d602c352d0a5ed8d478cc4d1,public_data/benchmark/gate0/temperature_panel2/models/2jneA00_rfd3_rfd3_inputs_spec-1_0_model_4_T0.3_1.pdb.gz,monomer,full_dbs,2020-05-14,ok,
2jneA00|rfd3|rfd3_inputs_spec-1_0_model_4|T0.3|3,2jneA00|rfd3|rfd3_inputs_spec-1_0_model_4,2jneA00,0.3,rfd3,0.551646125253224,89.97971830985915,1.43607227045927,2.0286,file_order,39,71,0,ae6e6887a5cefa032a46213d71334a1862450829d602c352d0a5ed8d478cc4d1,public_data/benchmark/gate0/temperature_panel2/models/2jneA00_rfd3_rfd3_inputs_spec-1_0_model_4_T0.3_3.pdb.gz,monomer,full_dbs,2020-05-14,ok,
2jneA00|rfd3|rfd3_inputs_spec-1_0_model_4|T0.3|2,2jneA00|rfd3|rfd3_inputs_spec-1_0_model_4,2jneA00,0.3,rfd3,0.6395752591473665,87.51366197183098,2.457043569305739,3.2938,file_order,39,71,0,ae6e6887a5cefa032a46213d71334a1862450829d602c352d0a5ed8d478cc4d1,public_data/benchmark/gate0/temperature_panel2/models/2jneA00_rfd3_rfd3_inputs_spec-1_0_model_4_T0.3_2.pdb.gz,monomer,full_dbs,2020-05-14,ok,
2jneA00|rfd3|rfd3_inputs_spec-1_0_model_4|T0.3|4,2jneA00|rfd3|rfd3_inputs_spec-1_0_model_4,2jneA00,0.3,rfd3,0.8159302459452694,89.33352112676057,1.7812136399190868,2.324,file_order,39,71,0,ae6e6887a5cefa032a46213d71334a1862450829d602c352d0a5ed8d478cc4d1,public_data/benchmark/gate0/temperature_panel2/models/2jneA00_rfd3_rfd3_inputs_spec-1_0_model_4_T0.3_4.pdb.gz,monomer,full_dbs,2020-05-14,ok,
2jneA00|rfd3|rfd3_inputs_spec-1_0_model_4|T0.3|5,2jneA00|rfd3|rfd3_inputs_spec-1_0_model_4,2jneA00,0.3,rfd3,0.6632355493946982,86.43197183098592,1.422492124500511,2.4297,file_order,39,71,0,ae6e6887a5cefa032a46213d71334a1862450829d602c352d0a5ed8d478cc4d1,public_data/benchmark/gate0/temperature_panel2/models/2jneA00_rfd3_rfd3_inputs_spec-1_0_model_4_T0.3_5.pdb.gz,monomer,full_dbs,2020-05-14,ok,
2jneA00|rfd3|rfd3_inputs_spec-1_0_model_4|T0.3|6,2jneA00|rfd3|rfd3_inputs_spec-1_0_model_4,2jneA00,0.3,rfd3,0.5923095320064686,90.21718309859155,1.2413301120188052,2.0188,file_order,39,71,0,ae6e6887a5cefa032a46213d71334a1862450829d602c352d0a5ed8d478cc4d1,public_data/benchmark/gate0/temperature_panel2/models/2jneA00_rfd3_rfd3_inputs_spec-1_0_model_4_T0.3_6.pdb.gz,monomer,full_dbs,2020-05-14,ok,
1b5aA00|target|target|T0.05|1,1b5aA00|target|target,1b5aA00,0.05,target,0.9051814377394646,81.26627659574469,1.6547269787723695,3.4302,file_order,46,94,0,9502af7155170eea7a848e6c3a801f27b587cdb0c90338916473c927ed4843cf,public_data/benchmark/gate0/temperature_panel2/models/1b5aA00_target_target_T0.05_1.pdb.gz,monomer,full_dbs,2020-05-14,ok,
2jneA00|rfd3|rfd3_inputs_spec-1_0_model_4|T0.3|7,2jneA00|rfd3|rfd3_inputs_spec-1_0_model_4,2jneA00,0.3,rfd3,0.6518185000269358,84.04676056338027,3.9387112648804785,5.3373,file_order,39,71,0,ae6e6887a5cefa032a46213d71334a1862450829d602c352d0a5ed8d478cc4d1,public_data/benchmark/gate0/temperature_panel2/models/2jneA00_rfd3_rfd3_inputs_spec-1_0_model_4_T0.3_7.pdb.gz,monomer,full_dbs,2020-05-14,ok,
1b5aA00|target|target|T0.05|0,1b5aA00|target|target,1b5aA00,0.05,target,0.8728485295606977,82.61829787234042,1.6087274012654642,3.2124,file_order,46,94,0,9502af7155170eea7a848e6c3a801f27b587cdb0c90338916473c927ed4843cf,public_data/benchmark/gate0/temperature_panel2/models/1b5aA00_target_target_T0.05_0.pdb.gz,monomer,full_dbs,2020-05-14,ok,
1b5aA00|target|target|T0.05|2,1b5aA00|target|target,1b5aA00,0.05,target,0.8913985023982118,79.97308510638298,1.6177923106946657,3.4889,file_order,46,94,0,9502af7155170eea7a848e6c3a801f27b587cdb0c90338916473c927ed4843cf,public_data/benchmark/gate0/temperature_panel2/models/1b5aA00_target_target_T0.05_2.pdb.gz,monomer,full_dbs,2020-05-14,ok,
1b5aA00|target|target|T0.05|3,1b5aA00|target|target,1b5aA00,0.05,target,0.8893215567978263,79.00531914893617,1.3551090473083809,4.326,file_order,46,94,0,9502af7155170eea7a848e6c3a801f27b587cdb0c90338916473c927ed4843cf,public_data/benchmark/gate0/temperature_panel2/models/1b5aA00_target_target_T0.05_3.pdb.gz,monomer,full_dbs,2020-05-14,ok,
1b5aA00|target|target|T0.05|4,1b5aA00|target|target,1b5aA00,0.05,target,0.8529963525424291,82.64797872340425,1.4729728403374214,3.9728,file_order,46,94,0,9502af7155170eea7a848e6c3a801f27b587cdb0c90338916473c927ed4843cf,public_data/benchmark/gate0/temperature_panel2/models/1b5aA00_target_target_T0.05_4.pdb.gz,monomer,full_dbs,2020-05-14,ok,
1b5aA00|target|target|T0.05|6,1b5aA00|target|target,1b5aA00,0.05,target,0.9087712566774493,84.76063829787235,1.267342140994059,3.8135,file_order,46,94,0,9502af7155170eea7a848e6c3a801f27b587cdb0c90338916473c927ed4843cf,public_data/benchmark/gate0/temperature_panel2/models/1b5aA00_target_target_T0.05_6.pdb.gz,monomer,full_dbs,2020-05-14,ok,
1b5aA00|target|target|T0.05|5,1b5aA00|target|target,1b5aA00,0.05,target,0.9330737899702854,80.28106382978723,1.4735621952392892,3.2304,file_order,46,94,0,9502af7155170eea7a848e6c3a801f27b587cdb0c90338916473c927ed4843cf,public_data/benchmark/gate0/temperature_panel2/models/1b5aA00_target_target_T0.05_5.pdb.gz,monomer,full_dbs,2020-05-14,ok,
1b5aA00|target|target|T0.05|7,1b5aA00|target|target,1b5aA00,0.05,target,0.8673175862726908,82.36808510638298,1.4665960705098344,3.4985,file_order,46,94,0,9502af7155170eea7a848e6c3a801f27b587cdb0c90338916473c927ed4843cf,public_data/benchmark/gate0/temperature_panel2/models/1b5aA00_target_target_T0.05_7.pdb.gz,monomer,full_dbs,2020-05-14,ok,
1b5aA00|target|target|T0.1|2,1b5aA00|target|target,1b5aA00,0.1,target,0.8653465395468507,84.67074468085107,1.4193494970959712,3.465,file_order,46,94,0,9502af7155170eea7a848e6c3a801f27b587cdb0c90338916473c927ed4843cf,public_data/benchmark/gate0/temperature_panel2/models/1b5aA00_target_target_T0.1_2.pdb.gz,monomer,full_dbs,2020-05-14,ok,
1b5aA00|target|target|T0.1|0,1b5aA00|target|target,1b5aA00,0.1,target,0.8680504047232033,80.2331914893617,1.2754851710757082,3.3907,file_order,46,94,0,9502af7155170eea7a848e6c3a801f27b587cdb0c90338916473c927ed4843cf,public_data/benchmark/gate0/temperature_panel2/models/1b5aA00_target_target_T0.1_0.pdb.gz,monomer,full_dbs,2020-05-14,ok,
1b5aA00|target|target|T0.1|1,1b5aA00|target|target,1b5aA00,0.1,target,0.8620909014714296,81.24106382978724,1.6231386494354851,3.8298,file_order,46,94,0,9502af7155170eea7a848e6c3a801f27b587cdb0c90338916473c927ed4843cf,public_data/benchmark/gate0/temperature_panel2/models/1b5aA00_target_target_T0.1_1.pdb.gz,monomer,full_dbs,2020-05-14,ok,
1b5aA00|target|target|T0.1|3,1b5aA00|target|target,1b5aA00,0.1,target,0.8655942658365855,83.83106382978723,1.3724739927564522,3.339,file_order,46,94,0,9502af7155170eea7a848e6c3a801f27b587cdb0c90338916473c927ed4843cf,public_data/benchmark/gate0/temperature_panel2/models/1b5aA00_target_target_T0.1_3.pdb.gz,monomer,full_dbs,2020-05-14,ok,
1b5aA00|target|target|T0.1|4,1b5aA00|target|target,1b5aA00,0.1,target,0.9175384000492779,77.8668085106383,1.247497456640752,3.2411,file_order,46,94,0,9502af7155170eea7a848e6c3a801f27b587cdb0c90338916473c927ed4843cf,public_data/benchmark/gate0/temperature_panel2/models/1b5aA00_target_target_T0.1_4.pdb.gz,monomer,full_dbs,2020-05-14,ok,
1b5aA00|target|target|T0.1|5,1b5aA00|target|target,1b5aA00,0.1,target,0.8643517767068702,77.95170212765957,1.4552687994015612,3.3065,file_order,46,94,0,9502af7155170eea7a848e6c3a801f27b587cdb0c90338916473c927ed4843cf,public_data/benchmark/gate0/temperature_panel2/models/1b5aA00_target_target_T0.1_5.pdb.gz,monomer,full_dbs,2020-05-14,ok,
1b5aA00|target|target|T0.1|7,1b5aA00|target|target,1b5aA00,0.1,target,0.8863554593518517,83.93159574468085,1.6031785371868212,2.4225,file_order,46,94,0,9502af7155170eea7a848e6c3a801f27b587cdb0c90338916473c927ed4843cf,public_data/benchmark/gate0/temperature_panel2/models/1b5aA00_target_target_T0.1_7.pdb.gz,monomer,full_dbs,2020-05-14,ok,
1b5aA00|target|target|T0.1|6,1b5aA00|target|target,1b5aA00,0.1,target,0.8795404037162295,83.17808510638298,1.151339062522135,4.0171,file_order,46,94,0,9502af7155170eea7a848e6c3a801f27b587cdb0c90338916473c927ed4843cf,public_data/benchmark/gate0/temperature_panel2/models/1b5aA00_target_target_T0.1_6.pdb.gz,monomer,full_dbs,2020-05-14,ok,
1b5aA00|target|target|T0.2|1,1b5aA00|target|target,1b5aA00,0.2,target,0.8950508190160464,83.15351063829787,1.243973229412222,3.2919,file_order,46,94,0,9502af7155170eea7a848e6c3a801f27b587cdb0c90338916473c927ed4843cf,public_data/benchmark/gate0/temperature_panel2/models/1b5aA00_target_target_T0.2_1.pdb.gz,monomer,full_dbs,2020-05-14,ok,
1b5aA00|target|target|T0.2|2,1b5aA00|target|target,1b5aA00,0.2,target,0.8850631952124194,84.49670212765957,1.538882600992063,4.1366,file_order,46,94,0,9502af7155170eea7a848e6c3a801f27b587cdb0c90338916473c927ed4843cf,public_data/benchmark/gate0/temperature_panel2/models/1b5aA00_target_target_T0.2_2.pdb.gz,monomer,full_dbs,2020-05-14,ok,
1b5aA00|target|target|T0.2|0,1b5aA00|target|target,1b5aA00,0.2,target,0.9048155819490371,86.27787234042553,1.1104006996330689,3.2683,file_order,46,94,0,9502af7155170eea7a848e6c3a801f27b587cdb0c90338916473c927ed4843cf,public_data/benchmark/gate0/temperature_panel2/models/1b5aA00_target_target_T0.2_0.pdb.gz,monomer,full_dbs,2020-05-14,ok,
1b5aA00|target|target|T0.2|3,1b5aA00|target|target,1b5aA00,0.2,target,0.8893215567978263,80.97234042553191,1.4195100242772316,3.2386,file_order,46,94,0,9502af7155170eea7a848e6c3a801f27b587cdb0c90338916473c927ed4843cf,public_data/benchmark/gate0/temperature_panel2/models/1b5aA00_target_target_T0.2_3.pdb.gz,monomer,full_dbs,2020-05-14,ok,
1b5aA00|target|target|T0.2|4,1b5aA00|target|target,1b5aA00,0.2,target,0.9085947073227411,82.3531914893617,1.322909287486541,3.6855,file_order,46,94,0,9502af7155170eea7a848e6c3a801f27b587cdb0c90338916473c927ed4843cf,public_data/benchmark/gate0/temperature_panel2/models/1b5aA00_target_target_T0.2_4.pdb.gz,monomer,full_dbs,2020-05-14,ok,
1b5aA00|target|target|T0.2|5,1b5aA00|target|target,1b5aA00,0.2,target,0.9124085327775752,83.48031914893616,1.4541419991335127,4.0257,file_order,46,94,0,9502af7155170eea7a848e6c3a801f27b587cdb0c90338916473c927ed4843cf,public_data/benchmark/gate0/temperature_panel2/models/1b5aA00_target_target_T0.2_5.pdb.gz,monomer,full_dbs,2020-05-14,ok,
1b5aA00|target|target|T0.2|6,1b5aA00|target|target,1b5aA00,0.2,target,0.8327308630895203,81.17585106382978,1.361084700897983,3.9142,file_order,46,94,0,9502af7155170eea7a848e6c3a801f27b587cdb0c90338916473c927ed4843cf,public_data/benchmark/gate0/temperature_panel2/models/1b5aA00_target_target_T0.2_6.pdb.gz,monomer,full_dbs,2020-05-14,ok,
1b5aA00|target|target|T0.2|7,1b5aA00|target|target,1b5aA00,0.2,target,0.8897397090592827,81.76351063829787,1.3485243586210072,3.8362,file_order,46,94,0,9502af7155170eea7a848e6c3a801f27b587cdb0c90338916473c927ed4843cf,public_data/benchmark/gate0/temperature_panel2/models/1b5aA00_target_target_T0.2_7.pdb.gz,monomer,full_dbs,2020-05-14,ok,
1b5aA00|target|target|T0.3|0,1b5aA00|target|target,1b5aA00,0.3,target,0.8859261181386514,82.03234042553191,1.4063874968923449,4.0956,file_order,46,94,0,9502af7155170eea7a848e6c3a801f27b587cdb0c90338916473c927ed4843cf,public_data/benchmark/gate0/temperature_panel2/models/1b5aA00_target_target_T0.3_0.pdb.gz,monomer,full_dbs,2020-05-14,ok,
1b5aA00|target|target|T0.3|1,1b5aA00|target|target,1b5aA00,0.3,target,0.8566923444733271,83.25191489361703,1.4344092997585964,3.9634,file_order,46,94,0,9502af7155170eea7a848e6c3a801f27b587cdb0c90338916473c927ed4843cf,public_data/benchmark/gate0/temperature_panel2/models/1b5aA00_target_target_T0.3_1.pdb.gz,monomer,full_dbs,2020-05-14,ok,
1b5aA00|target|target|T0.3|3,1b5aA00|target|target,1b5aA00,0.3,target,0.8982058656987543,81.81170212765957,1.2750883325231472,3.8999,file_order,46,94,0,9502af7155170eea7a848e6c3a801f27b587cdb0c90338916473c927ed4843cf,public_data/benchmark/gate0/temperature_panel2/models/1b5aA00_target_target_T0.3_3.pdb.gz,monomer,full_dbs,2020-05-14,ok,
1b5aA00|target|target|T0.3|4,1b5aA00|target|target,1b5aA00,0.3,target,0.8874226529355745,87.08255319148937,1.4082162436666192,3.6,file_order,46,94,0,9502af7155170eea7a848e6c3a801f27b587cdb0c90338916473c927ed4843cf,public_data/benchmark/gate0/temperature_panel2/models/1b5aA00_target_target_T0.3_4.pdb.gz,monomer,full_dbs,2020-05-14,ok,
1b5aA00|target|target|T0.3|5,1b5aA00|target|target,1b5aA00,0.3,target,0.8282381044646484,84.03457446808511,1.1867077392224399,3.525,file_order,46,94,0,9502af7155170eea7a848e6c3a801f27b587cdb0c90338916473c927ed4843cf,public_data/benchmark/gate0/temperature_panel2/models/1b5aA00_target_target_T0.3_5.pdb.gz,monomer,full_dbs,2020-05-14,ok,
1b5aA00|target|target|T0.3|2,1b5aA00|target|target,1b5aA00,0.3,target,0.911382901842072,81.5436170212766,1.1744369928500882,3.8108,file_order,46,94,0,9502af7155170eea7a848e6c3a801f27b587cdb0c90338916473c927ed4843cf,public_data/benchmark/gate0/temperature_panel2/models/1b5aA00_target_target_T0.3_2.pdb.gz,monomer,full_dbs,2020-05-14,ok,
1b5aA00|target|target|T0.3|6,1b5aA00|target|target,1b5aA00,0.3,target,0.879314798038749,81.16021276595745,1.4807600724219838,4.2357,file_order,46,94,0,9502af7155170eea7a848e6c3a801f27b587cdb0c90338916473c927ed4843cf,public_data/benchmark/gate0/temperature_panel2/models/1b5aA00_target_target_T0.3_6.pdb.gz,monomer,full_dbs,2020-05-14,ok,
1b5aA00|target|target|T0.3|7,1b5aA00|target|target,1b5aA00,0.3,target,0.8655942658365855,83.6809574468085,1.4041727202660406,4.209,file_order,46,94,0,9502af7155170eea7a848e6c3a801f27b587cdb0c90338916473c927ed4843cf,public_data/benchmark/gate0/temperature_panel2/models/1b5aA00_target_target_T0.3_7.pdb.gz,monomer,full_dbs,2020-05-14,ok,
1b7eA01|target|target|T0.05|1,1b7eA01|target|target,1b7eA01,0.05,target,0.7300621588824554,84.46384615384615,1.2264828471211604,1.8621,file_order,252,403,31,73de7572c9d40a3330675a8d278d295a0855872138370ca0b32373fb94b3f161,public_data/benchmark/gate0/temperature_panel2/models/1b7eA01_target_target_T0.05_1.pdb.gz,monomer,full_dbs,2020-05-14,ok,
1b7eA01|target|target|T0.05|0,1b7eA01|target|target,1b7eA01,0.05,target,0.7288869259508387,85.68354838709678,1.2148354104109433,1.6005,file_order,252,403,31,73de7572c9d40a3330675a8d278d295a0855872138370ca0b32373fb94b3f161,public_data/benchmark/gate0/temperature_panel2/models/1b7eA01_target_target_T0.05_0.pdb.gz,monomer,full_dbs,2020-05-14,ok,
1b7eA01|target|target|T0.05|2,1b7eA01|target|target,1b7eA01,0.05,target,0.7255397026541335,84.32563275434244,1.479677139425068,1.9259,file_order,252,403,31,73de7572c9d40a3330675a8d278d295a0855872138370ca0b32373fb94b3f161,public_data/benchmark/gate0/temperature_panel2/models/1b7eA01_target_target_T0.05_2.pdb.gz,monomer,full_dbs,2020-05-14,ok,
1b7eA01|target|target|T0.05|3,1b7eA01|target|target,1b7eA01,0.05,target,0.7220673209318086,86.48322580645161,1.5251001440803358,2.1002,file_order,252,403,31,73de7572c9d40a3330675a8d278d295a0855872138370ca0b32373fb94b3f161,public_data/benchmark/gate0/temperature_panel2/models/1b7eA01_target_target_T0.05_3.pdb.gz,monomer,full_dbs,2020-05-14,ok,
1b7eA01|target|target|T0.05|4,1b7eA01|target|target,1b7eA01,0.05,target,0.7185680484812262,83.3910918114144,1.2202524536808494,1.7972,file_order,252,403,31,73de7572c9d40a3330675a8d278d295a0855872138370ca0b32373fb94b3f161,public_data/benchmark/gate0/temperature_panel2/models/1b7eA01_target_target_T0.05_4.pdb.gz,monomer,full_dbs,2020-05-14,ok,
1b7eA01|target|target|T0.05|5,1b7eA01|target|target,1b7eA01,0.05,target,0.7222664691840995,83.38858560794044,1.4166149601492375,1.9332,file_order,252,403,31,73de7572c9d40a3330675a8d278d295a0855872138370ca0b32373fb94b3f161,public_data/benchmark/gate0/temperature_panel2/models/1b7eA01_target_target_T0.05_5.pdb.gz,monomer,full_dbs,2020-05-14,ok,
1b7eA01|target|target|T0.05|6,1b7eA01|target|target,1b7eA01,0.05,target,0.7031684685617684,86.6023076923077,1.069520499609429,1.7233,file_order,252,403,31,73de7572c9d40a3330675a8d278d295a0855872138370ca0b32373fb94b3f161,public_data/benchmark/gate0/temperature_panel2/models/1b7eA01_target_target_T0.05_6.pdb.gz,monomer,full_dbs,2020-05-14,ok,
1b7eA01|target|target|T0.05|7,1b7eA01|target|target,1b7eA01,0.05,target,0.7755812906674004,85.17898263027294,1.4406306168541634,1.987,file_order,252,403,31,73de7572c9d40a3330675a8d278d295a0855872138370ca0b32373fb94b3f161,public_data/benchmark/gate0/temperature_panel2/models/1b7eA01_target_target_T0.05_7.pdb.gz,monomer,full_dbs,2020-05-14,ok,
1b7eA01|target|target|T0.1|0,1b7eA01|target|target,1b7eA01,0.1,target,0.7186683988884919,84.29285359801489,1.4437083728953095,1.9049,file_order,252,403,31,73de7572c9d40a3330675a8d278d295a0855872138370ca0b32373fb94b3f161,public_data/benchmark/gate0/temperature_panel2/models/1b7eA01_target_target_T0.1_0.pdb.gz,monomer,full_dbs,2020-05-14,ok,
1b7eA01|target|target|T0.1|1,1b7eA01|target|target,1b7eA01,0.1,target,0.6911198256765609,84.09965260545907,1.3184346499096171,2.0367,file_order,252,403,31,73de7572c9d40a3330675a8d278d295a0855872138370ca0b32373fb94b3f161,public_data/benchmark/gate0/temperature_panel2/models/1b7eA01_target_target_T0.1_1.pdb.gz,monomer,full_dbs,2020-05-14,ok,
1b7eA01|target|target|T0.1|2,1b7eA01|target|target,1b7eA01,0.1,target,0.7259348245627895,84.92300248138959,1.2658686516871798,1.6592,file_order,252,403,31,73de7572c9d40a3330675a8d278d295a0855872138370ca0b32373fb94b3f161,public_data/benchmark/gate0/temperature_panel2/models/1b7eA01_target_target_T0.1_2.pdb.gz,monomer,full_dbs,2020-05-14,ok,
1b7eA01|target|target|T0.1|3,1b7eA01|target|target,1b7eA01,0.1,target,0.7029612579861867,85.05265508684863,1.3520486222188506,2.0289,file_order,252,403,31,73de7572c9d40a3330675a8d278d295a0855872138370ca0b32373fb94b3f161,public_data/benchmark/gate0/temperature_panel2/models/1b7eA01_target_target_T0.1_3.pdb.gz,monomer,full_dbs,2020-05-14,ok,
1b7eA01|target|target|T0.1|4,1b7eA01|target|target,1b7eA01,0.1,target,0.7507526150420064,85.03722084367246,1.3179911026997075,1.8098,file_order,252,403,31,73de7572c9d40a3330675a8d278d295a0855872138370ca0b32373fb94b3f161,public_data/benchmark/gate0/temperature_panel2/models/1b7eA01_target_target_T0.1_4.pdb.gz,monomer,full_dbs,2020-05-14,ok,
1b7eA01|target|target|T0.1|5,1b7eA01|target|target,1b7eA01,0.1,target,0.7471133282624116,85.38816377171216,1.5281951935104587,1.9532,file_order,252,403,31,73de7572c9d40a3330675a8d278d295a0855872138370ca0b32373fb94b3f161,public_data/benchmark/gate0/temperature_panel2/models/1b7eA01_target_target_T0.1_5.pdb.gz,monomer,full_dbs,2020-05-14,ok,
1b7eA01|target|target|T0.1|6,1b7eA01|target|target,1b7eA01,0.1,target,0.7481433431726228,85.05516129032259,1.1493990442820439,1.6113,file_order,252,403,31,73de7572c9d40a3330675a8d278d295a0855872138370ca0b32373fb94b3f161,public_data/benchmark/gate0/temperature_panel2/models/1b7eA01_target_target_T0.1_6.pdb.gz,monomer,full_dbs,2020-05-14,ok,
1b7eA01|target|target|T0.1|7,1b7eA01|target|target,1b7eA01,0.1,target,0.7300621588824554,85.71650124069478,0.9597686798986247,1.6692,file_order,252,403,31,73de7572c9d40a3330675a8d278d295a0855872138370ca0b32373fb94b3f161,public_data/benchmark/gate0/temperature_panel2/models/1b7eA01_target_target_T0.1_7.pdb.gz,monomer,full_dbs,2020-05-14,ok,
1b7eA01|target|target|T0.2|1,1b7eA01|target|target,1b7eA01,0.2,target,0.7052359704189047,85.69769230769231,1.3736989959675103,1.8753,file_order,252,403,31,73de7572c9d40a3330675a8d278d295a0855872138370ca0b32373fb94b3f161,public_data/benchmark/gate0/temperature_panel2/models/1b7eA01_target_target_T0.2_1.pdb.gz,monomer,full_dbs,2020-05-14,ok,
1b7eA01|target|target|T0.2|0,1b7eA01|target|target,1b7eA01,0.2,target,0.7549999109100474,84.40339950372208,1.1475894511809532,1.6229,file_order,252,403,31,73de7572c9d40a3330675a8d278d295a0855872138370ca0b32373fb94b3f161,public_data/benchmark/gate0/temperature_panel2/models/1b7eA01_target_target_T0.2_0.pdb.gz,monomer,full_dbs,2020-05-14,ok,
1b7eA01|target|target|T0.2|2,1b7eA01|target|target,1b7eA01,0.2,target,0.7168587646987533,84.71826302729528,1.3532446472049047,1.6504,file_order,252,403,31,73de7572c9d40a3330675a8d278d295a0855872138370ca0b32373fb94b3f161,public_data/benchmark/gate0/temperature_panel2/models/1b7eA01_target_target_T0.2_2.pdb.gz,monomer,full_dbs,2020-05-14,ok,
1b7eA01|target|target|T0.2|3,1b7eA01|target|target,1b7eA01,0.2,target,0.7358899362886989,84.88320099255583,1.7140096717277697,2.1233,file_order,252,403,31,73de7572c9d40a3330675a8d278d295a0855872138370ca0b32373fb94b3f161,public_data/benchmark/gate0/temperature_panel2/models/1b7eA01_target_target_T0.2_3.pdb.gz,monomer,full_dbs,2020-05-14,ok,
1b7eA01|target|target|T0.2|6,1b7eA01|target|target,1b7eA01,0.2,target,0.7263295922014749,86.5429776674938,1.2791654741176457,1.6872,file_order,252,403,31,73de7572c9d40a3330675a8d278d295a0855872138370ca0b32373fb94b3f161,public_data/benchmark/gate0/temperature_panel2/models/1b7eA01_target_target_T0.2_6.pdb.gz,monomer,full_dbs,2020-05-14,ok,
1b7eA01|target|target|T0.2|5,1b7eA01|target|target,1b7eA01,0.2,target,0.7013005716627282,85.18985111662532,1.1779757611741233,1.6973,file_order,252,403,31,73de7572c9d40a3330675a8d278d295a0855872138370ca0b32373fb94b3f161,public_data/benchmark/gate0/temperature_panel2/models/1b7eA01_target_target_T0.2_5.pdb.gz,monomer,full_dbs,2020-05-14,ok,
1b7eA01|target|target|T0.2|4,1b7eA01|target|target,1b7eA01,0.2,target,0.7256385163275991,84.92379652605459,1.2053246468341667,1.8778,file_order,252,403,31,73de7572c9d40a3330675a8d278d295a0855872138370ca0b32373fb94b3f161,public_data/benchmark/gate0/temperature_panel2/models/1b7eA01_target_target_T0.2_4.pdb.gz,monomer,full_dbs,2020-05-14,ok,
1b7eA01|target|target|T0.2|7,1b7eA01|target|target,1b7eA01,0.2,target,0.7042032671076256,85.28843672456576,1.3183216082476092,1.8978,file_order,252,403,31,73de7572c9d40a3330675a8d278d295a0855872138370ca0b32373fb94b3f161,public_data/benchmark/gate0/temperature_panel2/models/1b7eA01_target_target_T0.2_7.pdb.gz,monomer,full_dbs,2020-05-14,ok,
1b7eA01|target|target|T0.3|1,1b7eA01|target|target,1b7eA01,0.3,target,0.6671196067376965,83.77595533498759,1.4804767995797044,1.9959,file_order,252,403,31,73de7572c9d40a3330675a8d278d295a0855872138370ca0b32373fb94b3f161,public_data/benchmark/gate0/temperature_panel2/models/1b7eA01_target_target_T0.3_1.pdb.gz,monomer,full_dbs,2020-05-14,ok,
1b7eA01|target|target|T0.3|0,1b7eA01|target|target,1b7eA01,0.3,target,0.7346341201779211,84.82918114143922,1.0983237224328395,1.8132,file_order,252,403,31,73de7572c9d40a3330675a8d278d295a0855872138370ca0b32373fb94b3f161,public_data/benchmark/gate0/temperature_panel2/models/1b7eA01_target_target_T0.3_0.pdb.gz,monomer,full_dbs,2020-05-14,ok,
1b7eA01|target|target|T0.3|2,1b7eA01|target|target,1b7eA01,0.3,target,0.7020277778047597,85.14401985111662,1.3463045452546867,2.1065,file_order,252,403,31,73de7572c9d40a3330675a8d278d295a0855872138370ca0b32373fb94b3f161,public_data/benchmark/gate0/temperature_panel2/models/1b7eA01_target_target_T0.3_2.pdb.gz,monomer,full_dbs,2020-05-14,ok,
1b7eA01|target|target|T0.3|3,1b7eA01|target|target,1b7eA01,0.3,target,0.7362755738195191,84.1810918114144,1.3759948342175403,1.8182,file_order,252,403,31,73de7572c9d40a3330675a8d278d295a0855872138370ca0b32373fb94b3f161,public_data/benchmark/gate0/temperature_panel2/models/1b7eA01_target_target_T0.3_3.pdb.gz,monomer,full_dbs,2020-05-14,ok,
1b7eA01|target|target|T0.3|4,1b7eA01|target|target,1b7eA01,0.3,target,0.6768547611207553,83.40218362282879,1.4971275525605678,1.8908,file_order,252,403,31,73de7572c9d40a3330675a8d278d295a0855872138370ca0b32373fb94b3f161,public_data/benchmark/gate0/temperature_panel2/models/1b7eA01_target_target_T0.3_4.pdb.gz,monomer,full_dbs,2020-05-14,ok,
1b7eA01|target|target|T0.3|5,1b7eA01|target|target,1b7eA01,0.3,target,0.7094480152063842,85.03362282878413,1.229470726192302,1.888,file_order,252,403,31,73de7572c9d40a3330675a8d278d295a0855872138370ca0b32373fb94b3f161,public_data/benchmark/gate0/temperature_panel2/models/1b7eA01_target_target_T0.3_5.pdb.gz,monomer,full_dbs,2020-05-14,ok,
1b7eA01|target|target|T0.3|6,1b7eA01|target|target,1b7eA01,0.3,target,0.6857977571891304,83.5497270471464,1.2531839947000496,1.7406,file_order,252,403,31,73de7572c9d40a3330675a8d278d295a0855872138370ca0b32373fb94b3f161,public_data/benchmark/gate0/temperature_panel2/models/1b7eA01_target_target_T0.3_6.pdb.gz,monomer,full_dbs,2020-05-14,ok,
1koyA00|rfd3|rfd3_inputs_spec-1_0_model_2|T0.05|0,1koyA00|rfd3|rfd3_inputs_spec-1_0_model_2,1koyA00,0.05,rfd3,0.6640266231636092,87.24080645161291,0.5425956793397511,0.9737,file_order,45,62,0,d9bde0e90cb93143fdda7449a9f08b8ca69d0a543d4159c1bb1f7a3e57159c63,public_data/benchmark/gate0/temperature_panel2/models/1koyA00_rfd3_rfd3_inputs_spec-1_0_model_2_T0.05_0.pdb.gz,monomer,full_dbs,2020-05-14,ok,
1koyA00|rfd3|rfd3_inputs_spec-1_0_model_2|T0.05|1,1koyA00|rfd3|rfd3_inputs_spec-1_0_model_2,1koyA00,0.05,rfd3,0.3686379398960672,87.45274193548387,0.7073460328460544,0.951,file_order,45,62,0,d9bde0e90cb93143fdda7449a9f08b8ca69d0a543d4159c1bb1f7a3e57159c63,public_data/benchmark/gate0/temperature_panel2/models/1koyA00_rfd3_rfd3_inputs_spec-1_0_model_2_T0.05_1.pdb.gz,monomer,full_dbs,2020-05-14,ok,
1b7eA01|target|target|T0.3|7,1b7eA01|target|target,1b7eA01,0.3,target,0.6940782982232752,84.55106699751862,1.191273916304431,1.634,file_order,252,403,31,73de7572c9d40a3330675a8d278d295a0855872138370ca0b32373fb94b3f161,public_data/benchmark/gate0/temperature_panel2/models/1b7eA01_target_target_T0.3_7.pdb.gz,monomer,full_dbs,2020-05-14,ok,
1koyA00|rfd3|rfd3_inputs_spec-1_0_model_2|T0.05|2,1koyA00|rfd3|rfd3_inputs_spec-1_0_model_2,1koyA00,0.05,rfd3,0.8413606607952708,86.61645161290323,0.6651640752667857,0.8854,file_order,45,62,0,d9bde0e90cb93143fdda7449a9f08b8ca69d0a543d4159c1bb1f7a3e57159c63,public_data/benchmark/gate0/temperature_panel2/models/1koyA00_rfd3_rfd3_inputs_spec-1_0_model_2_T0.05_2.pdb.gz,monomer,full_dbs,2020-05-14,ok,
1koyA00|rfd3|rfd3_inputs_spec-1_0_model_2|T0.05|3,1koyA00|rfd3|rfd3_inputs_spec-1_0_model_2,1koyA00,0.05,rfd3,0.6647459041065585,86.73145161290323,1.2739273908654989,1.5932,file_order,45,62,0,d9bde0e90cb93143fdda7449a9f08b8ca69d0a543d4159c1bb1f7a3e57159c63,public_data/benchmark/gate0/temperature_panel2/models/1koyA00_rfd3_rfd3_inputs_spec-1_0_model_2_T0.05_3.pdb.gz,monomer,full_dbs,2020-05-14,ok,
1koyA00|rfd3|rfd3_inputs_spec-1_0_model_2|T0.05|5,1koyA00|rfd3|rfd3_inputs_spec-1_0_model_2,1koyA00,0.05,rfd3,0.7097548150558761,88.72516129032257,1.1130334596312244,1.4099,file_order,45,62,0,d9bde0e90cb93143fdda7449a9f08b8ca69d0a543d4159c1bb1f7a3e57159c63,public_data/benchmark/gate0/temperature_panel2/models/1koyA00_rfd3_rfd3_inputs_spec-1_0_model_2_T0.05_5.pdb.gz,monomer,full_dbs,2020-05-14,ok,
1koyA00|rfd3|rfd3_inputs_spec-1_0_model_2|T0.05|6,1koyA00|rfd3|rfd3_inputs_spec-1_0_model_2,1koyA00,0.05,rfd3,0.5162845609763425,81.6624193548387,0.6412195599445207,0.8882,file_order,45,62,0,d9bde0e90cb93143fdda7449a9f08b8ca69d0a543d4159c1bb1f7a3e57159c63,public_data/benchmark/gate0/temperature_panel2/models/1koyA00_rfd3_rfd3_inputs_spec-1_0_model_2_T0.05_6.pdb.gz,monomer,full_dbs,2020-05-14,ok,
1koyA00|rfd3|rfd3_inputs_spec-1_0_model_2|T0.05|7,1koyA00|rfd3|rfd3_inputs_spec-1_0_model_2,1koyA00,0.05,rfd3,0.5730224716330873,86.47209677419356,0.9934632357001433,1.2498,file_order,45,62,0,d9bde0e90cb93143fdda7449a9f08b8ca69d0a543d4159c1bb1f7a3e57159c63,public_data/benchmark/gate0/temperature_panel2/models/1koyA00_rfd3_rfd3_inputs_spec-1_0_model_2_T0.05_7.pdb.gz,monomer,full_dbs,2020-05-14,ok,
1koyA00|rfd3|rfd3_inputs_spec-1_0_model_2|T0.1|0,1koyA00|rfd3|rfd3_inputs_spec-1_0_model_2,1koyA00,0.1,rfd3,0.7929140072673846,87.01209677419355,0.3865826372081032,0.4763,file_order,45,62,0,d9bde0e90cb93143fdda7449a9f08b8ca69d0a543d4159c1bb1f7a3e57159c63,public_data/benchmark/gate0/temperature_panel2/models/1koyA00_rfd3_rfd3_inputs_spec-1_0_model_2_T0.1_0.pdb.gz,monomer,full_dbs,2020-05-14,ok,
1koyA00|rfd3|rfd3_inputs_spec-1_0_model_2|T0.1|1,1koyA00|rfd3|rfd3_inputs_spec-1_0_model_2,1koyA00,0.1,rfd3,0.7176639156892782,84.97322580645161,8.562623617798474,9.3141,file_order,45,62,0,d9bde0e90cb93143fdda7449a9f08b8ca69d0a543d4159c1bb1f7a3e57159c63,public_data/benchmark/gate0/temperature_panel2/models/1koyA00_rfd3_rfd3_inputs_spec-1_0_model_2_T0.1_1.pdb.gz,monomer,full_dbs,2020-05-14,ok,
1koyA00|rfd3|rfd3_inputs_spec-1_0_model_2|T0.1|2,1koyA00|rfd3|rfd3_inputs_spec-1_0_model_2,1koyA00,0.1,rfd3,0.5491951630647558,88.35338709677418,0.9222852542597972,1.2361,file_order,45,62,0,d9bde0e90cb93143fdda7449a9f08b8ca69d0a543d4159c1bb1f7a3e57159c63,public_data/benchmark/gate0/temperature_panel2/models/1koyA00_rfd3_rfd3_inputs_spec-1_0_model_2_T0.1_2.pdb.gz,monomer,full_dbs,2020-05-14,ok,
1koyA00|rfd3|rfd3_inputs_spec-1_0_model_2|T0.1|4,1koyA00|rfd3|rfd3_inputs_spec-1_0_model_2,1koyA00,0.1,rfd3,0.6376459201590036,90.43774193548387,0.6211690870762339,0.8409,file_order,45,62,0,d9bde0e90cb93143fdda7449a9f08b8ca69d0a543d4159c1bb1f7a3e57159c63,public_data/benchmark/gate0/temperature_panel2/models/1koyA00_rfd3_rfd3_inputs_spec-1_0_model_2_T0.1_4.pdb.gz,monomer,full_dbs,2020-05-14,ok,
1koyA00|rfd3|rfd3_inputs_spec-1_0_model_2|T0.1|3,1koyA00|rfd3|rfd3_inputs_spec-1_0_model_2,1koyA00,0.1,rfd3,0.7622692828607959,87.12209677419354,0.7147279651371056,0.9597,file_order,45,62,0,d9bde0e90cb93143fdda7449a9f08b8ca69d0a543d4159c1bb1f7a3e57159c63,public_data/benchmark/gate0/temperature_panel2/models/1koyA00_rfd3_rfd3_inputs_spec-1_0_model_2_T0.1_3.pdb.gz,monomer,full_dbs,2020-05-14,ok,
1koyA00|rfd3|rfd3_inputs_spec-1_0_model_2|T0.1|5,1koyA00|rfd3|rfd3_inputs_spec-1_0_model_2,1koyA00,0.1,rfd3,0.64210590419602,89.83919354838709,0.5149796359895596,0.6185,file_order,45,62,0,d9bde0e90cb93143fdda7449a9f08b8ca69d0a543d4159c1bb1f7a3e57159c63,public_data/benchmark/gate0/temperature_panel2/models/1koyA00_rfd3_rfd3_inputs_spec-1_0_model_2_T0.1_5.pdb.gz,monomer,full_dbs,2020-05-14,ok,
1koyA00|rfd3|rfd3_inputs_spec-1_0_model_2|T0.1|7,1koyA00|rfd3|rfd3_inputs_spec-1_0_model_2,1koyA00,0.1,rfd3,0.7097548150558761,90.34709677419356,0.8264322234270616,1.314,file_order,45,62,0,d9bde0e90cb93143fdda7449a9f08b8ca69d0a543d4159c1bb1f7a3e57159c63,public_data/benchmark/gate0/temperature_panel2/models/1koyA00_rfd3_rfd3_inputs_spec-1_0_model_2_T0.1_7.pdb.gz,monomer,full_dbs,2020-05-14,ok,
1koyA00|rfd3|rfd3_inputs_spec-1_0_model_2|T0.1|6,1koyA00|rfd3|rfd3_inputs_spec-1_0_model_2,1koyA00,0.1,rfd3,0.6596950339418819,80.395,9.747149560807355,10.12,file_order,45,62,0,d9bde0e90cb93143fdda7449a9f08b8ca69d0a543d4159c1bb1f7a3e57159c63,public_data/benchmark/gate0/temperature_panel2/models/1koyA00_rfd3_rfd3_inputs_spec-1_0_model_2_T0.1_6.pdb.gz,monomer,full_dbs,2020-05-14,ok,
1koyA00|rfd3|rfd3_inputs_spec-1_0_model_2|T0.2|0,1koyA00|rfd3|rfd3_inputs_spec-1_0_model_2,1koyA00,0.2,rfd3,0.7765730938032147,82.6691935483871,1.1470978794487225,1.5205,file_order,45,62,0,d9bde0e90cb93143fdda7449a9f08b8ca69d0a543d4159c1bb1f7a3e57159c63,public_data/benchmark/gate0/temperature_panel2/models/1koyA00_rfd3_rfd3_inputs_spec-1_0_model_2_T0.2_0.pdb.gz,monomer,full_dbs,2020-05-14,ok,
1koyA00|rfd3|rfd3_inputs_spec-1_0_model_2|T0.2|2,1koyA00|rfd3|rfd3_inputs_spec-1_0_model_2,1koyA00,0.2,rfd3,0.7859435426080496,84.80451612903227,0.5297943094361761,0.9199,file_order,45,62,0,d9bde0e90cb93143fdda7449a9f08b8ca69d0a543d4159c1bb1f7a3e57159c63,public_data/benchmark/gate0/temperature_panel2/models/1koyA00_rfd3_rfd3_inputs_spec-1_0_model_2_T0.2_2.pdb.gz,monomer,full_dbs,2020-05-14,ok,
1koyA00|rfd3|rfd3_inputs_spec-1_0_model_2|T0.2|3,1koyA00|rfd3|rfd3_inputs_spec-1_0_model_2,1koyA00,0.2,rfd3,0.6286551274584231,85.20758064516129,0.7803034502000948,1.2344,file_order,45,62,0,d9bde0e90cb93143fdda7449a9f08b8ca69d0a543d4159c1bb1f7a3e57159c63,public_data/benchmark/gate0/temperature_panel2/models/1koyA00_rfd3_rfd3_inputs_spec-1_0_model_2_T0.2_3.pdb.gz,monomer,full_dbs,2020-05-14,ok,
1koyA00|rfd3|rfd3_inputs_spec-1_0_model_2|T0.05|4,1koyA00|rfd3|rfd3_inputs_spec-1_0_model_2,1koyA00,0.05,rfd3,0.4671441877522993,83.85725806451612,0.6349446686773206,0.9182,file_order,45,62,0,d9bde0e90cb93143fdda7449a9f08b8ca69d0a543d4159c1bb1f7a3e57159c63,public_data/benchmark/gate0/temperature_panel2/models/1koyA00_rfd3_rfd3_inputs_spec-1_0_model_2_T0.05_4.pdb.gz,monomer,full_dbs,2020-05-14,ok,
1koyA00|rfd3|rfd3_inputs_spec-1_0_model_2|T0.2|1,1koyA00|rfd3|rfd3_inputs_spec-1_0_model_2,1koyA00,0.2,rfd3,0.693551162216289,92.66725806451613,0.6586072801133198,0.8211,file_order,45,62,0,d9bde0e90cb93143fdda7449a9f08b8ca69d0a543d4159c1bb1f7a3e57159c63,public_data/benchmark/gate0/temperature_panel2/models/1koyA00_rfd3_rfd3_inputs_spec-1_0_model_2_T0.2_1.pdb.gz,monomer,full_dbs,2020-05-14,ok,
1koyA00|rfd3|rfd3_inputs_spec-1_0_model_2|T0.2|4,1koyA00|rfd3|rfd3_inputs_spec-1_0_model_2,1koyA00,0.2,rfd3,0.7793591106075235,80.0291935483871,0.729962253504396,0.9662,file_order,45,62,0,d9bde0e90cb93143fdda7449a9f08b8ca69d0a543d4159c1bb1f7a3e57159c63,public_data/benchmark/gate0/temperature_panel2/models/1koyA00_rfd3_rfd3_inputs_spec-1_0_model_2_T0.2_4.pdb.gz,monomer,full_dbs,2020-05-14,ok,
1koyA00|rfd3|rfd3_inputs_spec-1_0_model_2|T0.2|6,1koyA00|rfd3|rfd3_inputs_spec-1_0_model_2,1koyA00,0.2,rfd3,0.5395943431853775,82.09048387096773,1.2146540979877667,1.5665,file_order,45,62,0,d9bde0e90cb93143fdda7449a9f08b8ca69d0a543d4159c1bb1f7a3e57159c63,public_data/benchmark/gate0/temperature_panel2/models/1koyA00_rfd3_rfd3_inputs_spec-1_0_model_2_T0.2_6.pdb.gz,monomer,full_dbs,2020-05-14,ok,
1koyA00|rfd3|rfd3_inputs_spec-1_0_model_2|T0.2|7,1koyA00|rfd3|rfd3_inputs_spec-1_0_model_2,1koyA00,0.2,rfd3,0.7017162428016813,87.48016129032258,0.9374921658702777,1.45,file_order,45,62,0,d9bde0e90cb93143fdda7449a9f08b8ca69d0a543d4159c1bb1f7a3e57159c63,public_data/benchmark/gate0/temperature_panel2/models/1koyA00_rfd3_rfd3_inputs_spec-1_0_model_2_T0.2_7.pdb.gz,monomer,full_dbs,2020-05-14,ok,
1koyA00|rfd3|rfd3_inputs_spec-1_0_model_2|T0.3|1,1koyA00|rfd3|rfd3_inputs_spec-1_0_model_2,1koyA00,0.3,rfd3,0.693551162216289,83.4333870967742,7.057012681055589,9.2258,file_order,45,62,0,d9bde0e90cb93143fdda7449a9f08b8ca69d0a543d4159c1bb1f7a3e57159c63,public_data/benchmark/gate0/temperature_panel2/models/1koyA00_rfd3_rfd3_inputs_spec-1_0_model_2_T0.3_1.pdb.gz,monomer,full_dbs,2020-05-14,ok,
1koyA00|rfd3|rfd3_inputs_spec-1_0_model_2|T0.3|2,1koyA00|rfd3|rfd3_inputs_spec-1_0_model_2,1koyA00,0.3,rfd3,0.7260829039594926,80.45032258064516,5.690852707444949,6.4913,file_order,45,62,0,d9bde0e90cb93143fdda7449a9f08b8ca69d0a543d4159c1bb1f7a3e57159c63,public_data/benchmark/gate0/temperature_panel2/models/1koyA00_rfd3_rfd3_inputs_spec-1_0_model_2_T0.3_2.pdb.gz,monomer,full_dbs,2020-05-14,ok,
1koyA00|rfd3|rfd3_inputs_spec-1_0_model_2|T0.3|0,1koyA00|rfd3|rfd3_inputs_spec-1_0_model_2,1koyA00,0.3,rfd3,0.48645492783043015,83.7882258064516,0.7534773022851786,0.9979,file_order,45,62,0,d9bde0e90cb93143fdda7449a9f08b8ca69d0a543d4159c1bb1f7a3e57159c63,public_data/benchmark/gate0/temperature_panel2/models/1koyA00_rfd3_rfd3_inputs_spec-1_0_model_2_T0.3_0.pdb.gz,monomer,full_dbs,2020-05-14,ok,
1koyA00|rfd3|rfd3_inputs_spec-1_0_model_2|T0.2|5,1koyA00|rfd3|rfd3_inputs_spec-1_0_model_2,1koyA00,0.2,rfd3,0.3784507908815862,79.01935483870967,1.1929994916857176,1.5941,file_order,45,62,0,d9bde0e90cb93143fdda7449a9f08b8ca69d0a543d4159c1bb1f7a3e57159c63,public_data/benchmark/gate0/temperature_panel2/models/1koyA00_rfd3_rfd3_inputs_spec-1_0_model_2_T0.2_5.pdb.gz,monomer,full_dbs,2020-05-14,ok,
1koyA00|rfd3|rfd3_inputs_spec-1_0_model_2|T0.3|3,1koyA00|rfd3|rfd3_inputs_spec-1_0_model_2,1koyA00,0.3,rfd3,0.7587441148446175,83.24677419354839,0.6109489359606685,0.855,file_order,45,62,0,d9bde0e90cb93143fdda7449a9f08b8ca69d0a543d4159c1bb1f7a3e57159c63,public_data/benchmark/gate0/temperature_panel2/models/1koyA00_rfd3_rfd3_inputs_spec-1_0_model_2_T0.3_3.pdb.gz,monomer,full_dbs,2020-05-14,ok,
1koyA00|rfd3|rfd3_inputs_spec-1_0_model_2|T0.3|5,1koyA00|rfd3|rfd3_inputs_spec-1_0_model_2,1koyA00,0.3,rfd3,0.7657588439631954,77.20903225806451,0.7393851868211772,1.6209,file_order,45,62,0,d9bde0e90cb93143fdda7449a9f08b8ca69d0a543d4159c1bb1f7a3e57159c63,public_data/benchmark/gate0/temperature_panel2/models/1koyA00_rfd3_rfd3_inputs_spec-1_0_model_2_T0.3_5.pdb.gz,monomer,full_dbs,2020-05-14,ok,
1koyA00|rfd3|rfd3_inputs_spec-1_0_model_2|T0.3|6,1koyA00|rfd3|rfd3_inputs_spec-1_0_model_2,1koyA00,0.3,rfd3,0.5635258049854495,82.39725806451614,12.610965170878824,12.6127,file_order,45,62,0,d9bde0e90cb93143fdda7449a9f08b8ca69d0a543d4159c1bb1f7a3e57159c63,public_data/benchmark/gate0/temperature_panel2/models/1koyA00_rfd3_rfd3_inputs_spec-1_0_model_2_T0.3_6.pdb.gz,monomer,full_dbs,2020-05-14,ok,
1koyA00|rfd3|rfd3_inputs_spec-1_0_model_2|T0.3|7,1koyA00|rfd3|rfd3_inputs_spec-1_0_model_2,1koyA00,0.3,rfd3,0.7826693378232691,83.32145161290323,1.0245644712709776,1.2841,file_order,45,62,0,d9bde0e90cb93143fdda7449a9f08b8ca69d0a543d4159c1bb1f7a3e57159c63,public_data/benchmark/gate0/temperature_panel2/models/1koyA00_rfd3_rfd3_inputs_spec-1_0_model_2_T0.3_7.pdb.gz,monomer,full_dbs,2020-05-14,ok,
1hufA00|rfd3|rfd3_inputs_spec-1_0_model_1|T0.05|0,1hufA00|rfd3|rfd3_inputs_spec-1_0_model_1,1hufA00,0.05,rfd3,0.7463708802133138,67.37764227642278,5.009328634250785,6.4431,file_order,78,123,0,759655cf072198138d7e366971b71be7558e4d6134ab3eaeb8caf0748fdc935e,public_data/benchmark/gate0/temperature_panel2/models/1hufA00_rfd3_rfd3_inputs_spec-1_0_model_1_T0.05_0.pdb.gz,monomer,full_dbs,2020-05-14,ok,
1koyA00|rfd3|rfd3_inputs_spec-1_0_model_2|T0.3|4,1koyA00|rfd3|rfd3_inputs_spec-1_0_model_2,1koyA00,0.3,rfd3,0.8514230919202098,80.53983870967743,0.6887625461664817,0.7924,file_order,45,62,0,d9bde0e90cb93143fdda7449a9f08b8ca69d0a543d4159c1bb1f7a3e57159c63,public_data/benchmark/gate0/temperature_panel2/models/1koyA00_rfd3_rfd3_inputs_spec-1_0_model_2_T0.3_4.pdb.gz,monomer,full_dbs,2020-05-14,ok,
1hufA00|rfd3|rfd3_inputs_spec-1_0_model_1|T0.05|2,1hufA00|rfd3|rfd3_inputs_spec-1_0_model_1,1hufA00,0.05,rfd3,0.76409889480708,78.33276422764227,5.687806423576897,6.7742,file_order,78,123,0,759655cf072198138d7e366971b71be7558e4d6134ab3eaeb8caf0748fdc935e,public_data/benchmark/gate0/temperature_panel2/models/1hufA00_rfd3_rfd3_inputs_spec-1_0_model_1_T0.05_2.pdb.gz,monomer,full_dbs,2020-05-14,ok,
1hufA00|rfd3|rfd3_inputs_spec-1_0_model_1|T0.05|3,1hufA00|rfd3|rfd3_inputs_spec-1_0_model_1,1hufA00,0.05,rfd3,0.7290718636173888,71.44056910569105,4.978330683849925,6.0975,file_order,78,123,0,759655cf072198138d7e366971b71be7558e4d6134ab3eaeb8caf0748fdc935e,public_data/benchmark/gate0/temperature_panel2/models/1hufA00_rfd3_rfd3_inputs_spec-1_0_model_1_T0.05_3.pdb.gz,monomer,full_dbs,2020-05-14,ok,
1hufA00|rfd3|rfd3_inputs_spec-1_0_model_1|T0.05|5,1hufA00|rfd3|rfd3_inputs_spec-1_0_model_1,1hufA00,0.05,rfd3,0.7113836997442703,75.13951219512195,6.739856153840227,8.3574,file_order,78,123,0,759655cf072198138d7e366971b71be7558e4d6134ab3eaeb8caf0748fdc935e,public_data/benchmark/gate0/temperature_panel2/models/1hufA00_rfd3_rfd3_inputs_spec-1_0_model_1_T0.05_5.pdb.gz,monomer,full_dbs,2020-05-14,ok,
1hufA00|rfd3|rfd3_inputs_spec-1_0_model_1|T0.05|1,1hufA00|rfd3|rfd3_inputs_spec-1_0_model_1,1hufA00,0.05,rfd3,0.7309946349857005,75.91739837398374,4.402198386615032,5.6782,file_order,78,123,0,759655cf072198138d7e366971b71be7558e4d6134ab3eaeb8caf0748fdc935e,public_data/benchmark/gate0/temperature_panel2/models/1hufA00_rfd3_rfd3_inputs_spec-1_0_model_1_T0.05_1.pdb.gz,monomer,full_dbs,2020-05-14,ok,
1hufA00|rfd3|rfd3_inputs_spec-1_0_model_1|T0.05|6,1hufA00|rfd3|rfd3_inputs_spec-1_0_model_1,1hufA00,0.05,rfd3,0.6761775160340984,72.40634146341463,1.8599471106050969,2.5905,file_order,78,123,0,759655cf072198138d7e366971b71be7558e4d6134ab3eaeb8caf0748fdc935e,public_data/benchmark/gate0/temperature_panel2/models/1hufA00_rfd3_rfd3_inputs_spec-1_0_model_1_T0.05_6.pdb.gz,monomer,full_dbs,2020-05-14,ok,
1hufA00|rfd3|rfd3_inputs_spec-1_0_model_1|T0.05|7,1hufA00|rfd3|rfd3_inputs_spec-1_0_model_1,1hufA00,0.05,rfd3,0.7110497363611068,66.42487804878049,4.842625023917572,6.0132,file_order,78,123,0,759655cf072198138d7e366971b71be7558e4d6134ab3eaeb8caf0748fdc935e,public_data/benchmark/gate0/temperature_panel2/models/1hufA00_rfd3_rfd3_inputs_spec-1_0_model_1_T0.05_7.pdb.gz,monomer,full_dbs,2020-05-14,ok,
1hufA00|rfd3|rfd3_inputs_spec-1_0_model_1|T0.05|4,1hufA00|rfd3|rfd3_inputs_spec-1_0_model_1,1hufA00,0.05,rfd3,0.7183436090664842,74.44073170731707,5.311769531866664,6.3684,file_order,78,123,0,759655cf072198138d7e366971b71be7558e4d6134ab3eaeb8caf0748fdc935e,public_data/benchmark/gate0/temperature_panel2/models/1hufA00_rfd3_rfd3_inputs_spec-1_0_model_1_T0.05_4.pdb.gz,monomer,full_dbs,2020-05-14,ok,
1hufA00|rfd3|rfd3_inputs_spec-1_0_model_1|T0.1|1,1hufA00|rfd3|rfd3_inputs_spec-1_0_model_1,1hufA00,0.1,rfd3,0.7733486543871971,76.63747967479675,5.242283492255288,6.3699,file_order,78,123,0,759655cf072198138d7e366971b71be7558e4d6134ab3eaeb8caf0748fdc935e,public_data/benchmark/gate0/temperature_panel2/models/1hufA00_rfd3_rfd3_inputs_spec-1_0_model_1_T0.1_1.pdb.gz,monomer,full_dbs,2020-05-14,ok,
1hufA00|rfd3|rfd3_inputs_spec-1_0_model_1|T0.1|0,1hufA00|rfd3|rfd3_inputs_spec-1_0_model_1,1hufA00,0.1,rfd3,0.6843117767736725,54.86821138211382,6.273325166703763,7.1042,file_order,78,123,0,759655cf072198138d7e366971b71be7558e4d6134ab3eaeb8caf0748fdc935e,public_data/benchmark/gate0/temperature_panel2/models/1hufA00_rfd3_rfd3_inputs_spec-1_0_model_1_T0.1_0.pdb.gz,monomer,full_dbs,2020-05-14,ok,
1hufA00|rfd3|rfd3_inputs_spec-1_0_model_1|T0.1|3,1hufA00|rfd3|rfd3_inputs_spec-1_0_model_1,1hufA00,0.1,rfd3,0.6175942789869795,75.80845528455285,5.340493628017949,6.2634,file_order,78,123,0,759655cf072198138d7e366971b71be7558e4d6134ab3eaeb8caf0748fdc935e,public_data/benchmark/gate0/temperature_panel2/models/1hufA00_rfd3_rfd3_inputs_spec-1_0_model_1_T0.1_3.pdb.gz,monomer,full_dbs,2020-05-14,ok,
1hufA00|rfd3|rfd3_inputs_spec-1_0_model_1|T0.1|4,1hufA00|rfd3|rfd3_inputs_spec-1_0_model_1,1hufA00,0.1,rfd3,0.7180145068206986,85.33674796747968,0.7158867535527632,1.0734,file_order,78,123,0,759655cf072198138d7e366971b71be7558e4d6134ab3eaeb8caf0748fdc935e,public_data/benchmark/gate0/temperature_panel2/models/1hufA00_rfd3_rfd3_inputs_spec-1_0_model_1_T0.1_4.pdb.gz,monomer,full_dbs,2020-05-14,ok,
1hufA00|rfd3|rfd3_inputs_spec-1_0_model_1|T0.1|5,1hufA00|rfd3|rfd3_inputs_spec-1_0_model_1,1hufA00,0.1,rfd3,0.6366030184363425,62.95951219512195,5.788215331634719,6.8935,file_order,78,123,0,759655cf072198138d7e366971b71be7558e4d6134ab3eaeb8caf0748fdc935e,public_data/benchmark/gate0/temperature_panel2/models/1hufA00_rfd3_rfd3_inputs_spec-1_0_model_1_T0.1_5.pdb.gz,monomer,full_dbs,2020-05-14,ok,
1hufA00|rfd3|rfd3_inputs_spec-1_0_model_1|T0.1|6,1hufA00|rfd3|rfd3_inputs_spec-1_0_model_1,1hufA00,0.1,rfd3,0.7232520084426478,66.86382113821138,4.970345902510376,6.8328,file_order,78,123,0,759655cf072198138d7e366971b71be7558e4d6134ab3eaeb8caf0748fdc935e,public_data/benchmark/gate0/temperature_panel2/models/1hufA00_rfd3_rfd3_inputs_spec-1_0_model_1_T0.1_6.pdb.gz,monomer,full_dbs,2020-05-14,ok,
1hufA00|rfd3|rfd3_inputs_spec-1_0_model_1|T0.1|7,1hufA00|rfd3|rfd3_inputs_spec-1_0_model_1,1hufA00,0.1,rfd3,0.75549364715544,74.22211382113821,3.9131076962189293,6.7912,file_order,78,123,0,759655cf072198138d7e366971b71be7558e4d6134ab3eaeb8caf0748fdc935e,public_data/benchmark/gate0/temperature_panel2/models/1hufA00_rfd3_rfd3_inputs_spec-1_0_model_1_T0.1_7.pdb.gz,monomer,full_dbs,2020-05-14,ok,
1hufA00|rfd3|rfd3_inputs_spec-1_0_model_1|T0.2|0,1hufA00|rfd3|rfd3_inputs_spec-1_0_model_1,1hufA00,0.2,rfd3,0.6947538318721619,74.07715447154472,5.950325375529375,7.1743,file_order,78,123,0,759655cf072198138d7e366971b71be7558e4d6134ab3eaeb8caf0748fdc935e,public_data/benchmark/gate0/temperature_panel2/models/1hufA00_rfd3_rfd3_inputs_spec-1_0_model_1_T0.2_0.pdb.gz,monomer,full_dbs,2020-05-14,ok,
1hufA00|rfd3|rfd3_inputs_spec-1_0_model_1|T0.2|1,1hufA00|rfd3|rfd3_inputs_spec-1_0_model_1,1hufA00,0.2,rfd3,0.6603188513951557,74.59715447154473,5.506557545348011,6.6651,file_order,78,123,0,759655cf072198138d7e366971b71be7558e4d6134ab3eaeb8caf0748fdc935e,public_data/benchmark/gate0/temperature_panel2/models/1hufA00_rfd3_rfd3_inputs_spec-1_0_model_1_T0.2_1.pdb.gz,monomer,full_dbs,2020-05-14,ok,
1hufA00|rfd3|rfd3_inputs_spec-1_0_model_1|T0.2|2,1hufA00|rfd3|rfd3_inputs_spec-1_0_model_1,1hufA00,0.2,rfd3,0.7806731531782446,79.99634146341462,1.716044256836563,2.2107,file_order,78,123,0,759655cf072198138d7e366971b71be7558e4d6134ab3eaeb8caf0748fdc935e,public_data/benchmark/gate0/temperature_panel2/models/1hufA00_rfd3_rfd3_inputs_spec-1_0_model_1_T0.2_2.pdb.gz,monomer,full_dbs,2020-05-14,ok,
1hufA00|rfd3|rfd3_inputs_spec-1_0_model_1|T0.2|3,1hufA00|rfd3|rfd3_inputs_spec-1_0_model_1,1hufA00,0.2,rfd3,0.6765334489239233,71.89723577235773,4.4802943559943476,8.191,file_order,78,123,0,759655cf072198138d7e366971b71be7558e4d6134ab3eaeb8caf0748fdc935e,public_data/benchmark/gate0/temperature_panel2/models/1hufA00_rfd3_rfd3_inputs_spec-1_0_model_1_T0.2_3.pdb.gz,monomer,full_dbs,2020-05-14,ok,
1hufA00|rfd3|rfd3_inputs_spec-1_0_model_1|T0.2|5,1hufA00|rfd3|rfd3_inputs_spec-1_0_model_1,1hufA00,0.2,rfd3,0.8299172128348258,55.83910569105691,13.376919368806798,14.4652,file_order,78,123,0,759655cf072198138d7e366971b71be7558e4d6134ab3eaeb8caf0748fdc935e,public_data/benchmark/gate0/temperature_panel2/models/1hufA00_rfd3_rfd3_inputs_spec-1_0_model_1_T0.2_5.pdb.gz,monomer,full_dbs,2020-05-14,ok,
1hufA00|rfd3|rfd3_inputs_spec-1_0_model_1|T0.2|6,1hufA00|rfd3|rfd3_inputs_spec-1_0_model_1,1hufA00,0.2,rfd3,0.6906002099219554,64.46967479674797,11.02906282424398,11.7619,file_order,78,123,0,759655cf072198138d7e366971b71be7558e4d6134ab3eaeb8caf0748fdc935e,public_data/benchmark/gate0/temperature_panel2/models/1hufA00_rfd3_rfd3_inputs_spec-1_0_model_1_T0.2_6.pdb.gz,monomer,full_dbs,2020-05-14,ok,
1hufA00|rfd3|rfd3_inputs_spec-1_0_model_1|T0.2|4,1hufA00|rfd3|rfd3_inputs_spec-1_0_model_1,1hufA00,0.2,rfd3,0.6950985534370646,86.65162601626015,5.762587985760714,7.4328,file_order,78,123,0,759655cf072198138d7e366971b71be7558e4d6134ab3eaeb8caf0748fdc935e,public_data/benchmark/gate0/temperature_panel2/models/1hufA00_rfd3_rfd3_inputs_spec-1_0_model_1_T0.2_4.pdb.gz,monomer,full_dbs,2020-05-14,ok,
1hufA00|rfd3|rfd3_inputs_spec-1_0_model_1|T0.2|7,1hufA00|rfd3|rfd3_inputs_spec-1_0_model_1,1hufA00,0.2,rfd3,0.7617461066174009,44.750243902439024,8.186204266821468,9.3913,file_order,78,123,0,759655cf072198138d7e366971b71be7558e4d6134ab3eaeb8caf0748fdc935e,public_data/benchmark/gate0/temperature_panel2/models/1hufA00_rfd3_rfd3_inputs_spec-1_0_model_1_T0.2_7.pdb.gz,monomer,full_dbs,2020-05-14,ok,
1hufA00|rfd3|rfd3_inputs_spec-1_0_model_1|T0.1|2,1hufA00|rfd3|rfd3_inputs_spec-1_0_model_1,1hufA00,0.1,rfd3,0.8052109307424876,58.16040650406504,13.289706747671044,14.4099,file_order,78,123,0,759655cf072198138d7e366971b71be7558e4d6134ab3eaeb8caf0748fdc935e,public_data/benchmark/gate0/temperature_panel2/models/1hufA00_rfd3_rfd3_inputs_spec-1_0_model_1_T0.1_2.pdb.gz,monomer,full_dbs,2020-05-14,ok,
1hufA00|rfd3|rfd3_inputs_spec-1_0_model_1|T0.3|0,1hufA00|rfd3|rfd3_inputs_spec-1_0_model_1,1hufA00,0.3,rfd3,0.5509606444666151,64.84089430894309,6.288485366159866,7.9812,file_order,78,123,0,759655cf072198138d7e366971b71be7558e4d6134ab3eaeb8caf0748fdc935e,public_data/benchmark/gate0/temperature_panel2/models/1hufA00_rfd3_rfd3_inputs_spec-1_0_model_1_T0.3_0.pdb.gz,monomer,full_dbs,2020-05-14,ok,
1hufA00|rfd3|rfd3_inputs_spec-1_0_model_1|T0.3|1,1hufA00|rfd3|rfd3_inputs_spec-1_0_model_1,1hufA00,0.3,rfd3,0.6947538318721619,70.54829268292683,5.271784384683555,6.2069,file_order,78,123,0,759655cf072198138d7e366971b71be7558e4d6134ab3eaeb8caf0748fdc935e,public_data/benchmark/gate0/temperature_panel2/models/1hufA00_rfd3_rfd3_inputs_spec-1_0_model_1_T0.3_1.pdb.gz,monomer,full_dbs,2020-05-14,ok,
1hufA00|rfd3|rfd3_inputs_spec-1_0_model_1|T0.3|2,1hufA00|rfd3|rfd3_inputs_spec-1_0_model_1,1hufA00,0.3,rfd3,0.7730635187515047,61.61650406504065,5.6436740891585,7.4934,file_order,78,123,0,759655cf072198138d7e366971b71be7558e4d6134ab3eaeb8caf0748fdc935e,public_data/benchmark/gate0/temperature_panel2/models/1hufA00_rfd3_rfd3_inputs_spec-1_0_model_1_T0.3_2.pdb.gz,monomer,full_dbs,2020-05-14,ok,
1hufA00|rfd3|rfd3_inputs_spec-1_0_model_1|T0.3|4,1hufA00|rfd3|rfd3_inputs_spec-1_0_model_1,1hufA00,0.3,rfd3,0.8259797195643788,61.4660162601626,7.374430468224829,9.4639,file_order,78,123,0,759655cf072198138d7e366971b71be7558e4d6134ab3eaeb8caf0748fdc935e,public_data/benchmark/gate0/temperature_panel2/models/1hufA00_rfd3_rfd3_inputs_spec-1_0_model_1_T0.3_4.pdb.gz,monomer,full_dbs,2020-05-14,ok,
1hufA00|rfd3|rfd3_inputs_spec-1_0_model_1|T0.3|3,1hufA00|rfd3|rfd3_inputs_spec-1_0_model_1,1hufA00,0.3,rfd3,0.5781349764512805,88.68780487804878,0.7819475046951897,1.0853,file_order,78,123,0,759655cf072198138d7e366971b71be7558e4d6134ab3eaeb8caf0748fdc935e,public_data/benchmark/gate0/temperature_panel2/models/1hufA00_rfd3_rfd3_inputs_spec-1_0_model_1_T0.3_3.pdb.gz,monomer,full_dbs,2020-05-14,ok,
1hufA00|rfd3|rfd3_inputs_spec-1_0_model_1|T0.3|6,1hufA00|rfd3|rfd3_inputs_spec-1_0_model_1,1hufA00,0.3,rfd3,0.7733486543871971,69.5589430894309,3.4461391866668,5.982,file_order,78,123,0,759655cf072198138d7e366971b71be7558e4d6134ab3eaeb8caf0748fdc935e,public_data/benchmark/gate0/temperature_panel2/models/1hufA00_rfd3_rfd3_inputs_spec-1_0_model_1_T0.3_6.pdb.gz,monomer,full_dbs,2020-05-14,ok,
1hufA00|rfd3|rfd3_inputs_spec-1_0_model_1|T0.3|5,1hufA00|rfd3|rfd3_inputs_spec-1_0_model_1,1hufA00,0.3,rfd3,0.6779551347499264,59.24691056910569,3.525285362874284,4.2608,file_order,78,123,0,759655cf072198138d7e366971b71be7558e4d6134ab3eaeb8caf0748fdc935e,public_data/benchmark/gate0/temperature_panel2/models/1hufA00_rfd3_rfd3_inputs_spec-1_0_model_1_T0.3_5.pdb.gz,monomer,full_dbs,2020-05-14,ok,
1hufA00|rfd3|rfd3_inputs_spec-1_0_model_1|T0.3|7,1hufA00|rfd3|rfd3_inputs_spec-1_0_model_1,1hufA00,0.3,rfd3,0.5400764457552649,82.78,1.8676239910394132,2.9542,file_order,78,123,0,759655cf072198138d7e366971b71be7558e4d6134ab3eaeb8caf0748fdc935e,public_data/benchmark/gate0/temperature_panel2/models/1hufA00_rfd3_rfd3_inputs_spec-1_0_model_1_T0.3_7.pdb.gz,monomer,full_dbs,2020-05-14,ok,
1hufA00|target|target|T0.05|1,1hufA00|target|target,1hufA00,0.05,target,0.6736802908569397,81.3439837398374,1.2906373932876922,1.7656,file_order,80,123,0,de66e9776838b7f282fb9409a15c5bc5015a421c977a5056c4f1a2ce974d6efe,public_data/benchmark/gate0/temperature_panel2/models/1hufA00_target_target_T0.05_1.pdb.gz,monomer,full_dbs,2020-05-14,ok,
1hufA00|target|target|T0.05|2,1hufA00|target|target,1hufA00,0.05,target,0.8296875699654049,89.18227642276423,0.7867586720627736,0.9244,file_order,80,123,0,de66e9776838b7f282fb9409a15c5bc5015a421c977a5056c4f1a2ce974d6efe,public_data/benchmark/gate0/temperature_panel2/models/1hufA00_target_target_T0.05_2.pdb.gz,monomer,full_dbs,2020-05-14,ok,
1hufA00|target|target|T0.05|0,1hufA00|target|target,1hufA00,0.05,target,0.81569968417404,93.17845528455285,0.522769685267468,0.6519,file_order,80,123,0,de66e9776838b7f282fb9409a15c5bc5015a421c977a5056c4f1a2ce974d6efe,public_data/benchmark/gate0/temperature_panel2/models/1hufA00_target_target_T0.05_0.pdb.gz,monomer,full_dbs,2020-05-14,ok,
1hufA00|target|target|T0.05|3,1hufA00|target|target,1hufA00,0.05,target,0.7466785640236556,84.28837398373983,0.5667652029031505,0.755,file_order,80,123,0,de66e9776838b7f282fb9409a15c5bc5015a421c977a5056c4f1a2ce974d6efe,public_data/benchmark/gate0/temperature_panel2/models/1hufA00_target_target_T0.05_3.pdb.gz,monomer,full_dbs,2020-05-14,ok,
1hufA00|target|target|T0.05|4,1hufA00|target|target,1hufA00,0.05,target,0.7590800056532034,93.83967479674797,0.5469820210715252,0.6544,file_order,80,123,0,de66e9776838b7f282fb9409a15c5bc5015a421c977a5056c4f1a2ce974d6efe,public_data/benchmark/gate0/temperature_panel2/models/1hufA00_target_target_T0.05_4.pdb.gz,monomer,full_dbs,2020-05-14,ok,
1hufA00|target|target|T0.05|5,1hufA00|target|target,1hufA00,0.05,target,0.7216217532070852,89.72569105691058,1.4619358274260048,1.9205,file_order,80,123,0,de66e9776838b7f282fb9409a15c5bc5015a421c977a5056c4f1a2ce974d6efe,public_data/benchmark/gate0/temperature_panel2/models/1hufA00_target_target_T0.05_5.pdb.gz,monomer,full_dbs,2020-05-14,ok,
1hufA00|target|target|T0.05|6,1hufA00|target|target,1hufA00,0.05,target,0.44767198775649325,94.71422764227643,0.38510228457586915,0.4387,file_order,80,123,0,de66e9776838b7f282fb9409a15c5bc5015a421c977a5056c4f1a2ce974d6efe,public_data/benchmark/gate0/temperature_panel2/models/1hufA00_target_target_T0.05_6.pdb.gz,monomer,full_dbs,2020-05-14,ok,
1hufA00|target|target|T0.1|0,1hufA00|target|target,1hufA00,0.1,target,0.7864637187162227,91.5390243902439,0.6174078897622318,0.7471,file_order,80,123,0,de66e9776838b7f282fb9409a15c5bc5015a421c977a5056c4f1a2ce974d6efe,public_data/benchmark/gate0/temperature_panel2/models/1hufA00_target_target_T0.1_0.pdb.gz,monomer,full_dbs,2020-05-14,ok,
1hufA00|target|target|T0.05|7,1hufA00|target|target,1hufA00,0.05,target,0.7727781297996871,89.30674796747967,0.46978925493234125,0.5304,file_order,80,123,0,de66e9776838b7f282fb9409a15c5bc5015a421c977a5056c4f1a2ce974d6efe,public_data/benchmark/gate0/temperature_panel2/models/1hufA00_target_target_T0.05_7.pdb.gz,monomer,full_dbs,2020-05-14,ok,
1hufA00|target|target|T0.1|2,1hufA00|target|target,1hufA00,0.1,target,0.808253132263654,94.0339837398374,0.4218790400621036,0.5039,file_order,80,123,0,de66e9776838b7f282fb9409a15c5bc5015a421c977a5056c4f1a2ce974d6efe,public_data/benchmark/gate0/temperature_panel2/models/1hufA00_target_target_T0.1_2.pdb.gz,monomer,full_dbs,2020-05-14,ok,
1hufA00|target|target|T0.1|1,1hufA00|target|target,1hufA00,0.1,target,0.731314257106519,94.20252032520325,0.6319352977902679,0.7734,file_order,80,123,0,de66e9776838b7f282fb9409a15c5bc5015a421c977a5056c4f1a2ce974d6efe,public_data/benchmark/gate0/temperature_panel2/models/1hufA00_target_target_T0.1_1.pdb.gz,monomer,full_dbs,2020-05-14,ok,
1hufA00|target|target|T0.1|3,1hufA00|target|target,1hufA00,0.1,target,0.7681774905410805,93.39162601626016,0.5825443150591297,0.6854,file_order,80,123,0,de66e9776838b7f282fb9409a15c5bc5015a421c977a5056c4f1a2ce974d6efe,public_data/benchmark/gate0/temperature_panel2/models/1hufA00_target_target_T0.1_3.pdb.gz,monomer,full_dbs,2020-05-14,ok,
1hufA00|target|target|T0.1|5,1hufA00|target|target,1hufA00,0.1,target,0.8049557695536023,93.65040650406505,0.4174117162307675,0.4974,file_order,80,123,0,de66e9776838b7f282fb9409a15c5bc5015a421c977a5056c4f1a2ce974d6efe,public_data/benchmark/gate0/temperature_panel2/models/1hufA00_target_target_T0.1_5.pdb.gz,monomer,full_dbs,2020-05-14,ok,
1hufA00|target|target|T0.1|6,1hufA00|target|target,1hufA00,0.1,target,0.7575900661836591,95.18487804878049,0.5592447858366753,0.697,file_order,80,123,0,de66e9776838b7f282fb9409a15c5bc5015a421c977a5056c4f1a2ce974d6efe,public_data/benchmark/gate0/temperature_panel2/models/1hufA00_target_target_T0.1_6.pdb.gz,monomer,full_dbs,2020-05-14,ok,
1hufA00|target|target|T0.1|4,1hufA00|target|target,1hufA00,0.1,target,0.76409889480708,92.14252032520325,0.44916758334130563,0.5368,file_order,80,123,0,de66e9776838b7f282fb9409a15c5bc5015a421c977a5056c4f1a2ce974d6efe,public_data/benchmark/gate0/temperature_panel2/models/1hufA00_target_target_T0.1_4.pdb.gz,monomer,full_dbs,2020-05-14,ok,
1hufA00|target|target|T0.1|7,1hufA00|target|target,1hufA00,0.1,target,0.6675746226466733,92.67934959349593,0.4739729518815254,0.5335,file_order,80,123,0,de66e9776838b7f282fb9409a15c5bc5015a421c977a5056c4f1a2ce974d6efe,public_data/benchmark/gate0/temperature_panel2/models/1hufA00_target_target_T0.1_7.pdb.gz,monomer,full_dbs,2020-05-14,ok,
1hufA00|target|target|T0.2|0,1hufA00|target|target,1hufA00,0.2,target,0.7209680019653504,70.03073170731707,1.9623283462777192,4.5991,file_order,80,123,0,de66e9776838b7f282fb9409a15c5bc5015a421c977a5056c4f1a2ce974d6efe,public_data/benchmark/gate0/temperature_panel2/models/1hufA00_target_target_T0.2_0.pdb.gz,monomer,full_dbs,2020-05-14,ok,
1hufA00|target|target|T0.2|1,1hufA00|target|target,1hufA00,0.2,target,0.8036761652088543,94.32569105691057,0.6300108085928079,0.7401,file_order,80,123,0,de66e9776838b7f282fb9409a15c5bc5015a421c977a5056c4f1a2ce974d6efe,public_data/benchmark/gate0/temperature_panel2/models/1hufA00_target_target_T0.2_1.pdb.gz,monomer,full_dbs,2020-05-14,ok,
1hufA00|target|target|T0.2|4,1hufA00|target|target,1hufA00,0.2,target,0.6125897805865007,95.57227642276422,0.5505789562883833,0.6762,file_order,80,123,0,de66e9776838b7f282fb9409a15c5bc5015a421c977a5056c4f1a2ce974d6efe,public_data/benchmark/gate0/temperature_panel2/models/1hufA00_target_target_T0.2_4.pdb.gz,monomer,full_dbs,2020-05-14,ok,
1hufA00|target|target|T0.2|5,1hufA00|target|target,1hufA00,0.2,target,0.6999015864387881,91.62162601626015,0.6061863726975791,0.7267,file_order,80,123,0,de66e9776838b7f282fb9409a15c5bc5015a421c977a5056c4f1a2ce974d6efe,public_data/benchmark/gate0/temperature_panel2/models/1hufA00_target_target_T0.2_5.pdb.gz,monomer,full_dbs,2020-05-14,ok,
1hufA00|target|target|T0.2|2,1hufA00|target|target,1hufA00,0.2,target,0.8324270524720371,93.79650406504065,0.6720414795865542,0.8331,file_order,80,123,0,de66e9776838b7f282fb9409a15c5bc5015a421c977a5056c4f1a2ce974d6efe,public_data/benchmark/gate0/temperature_panel2/models/1hufA00_target_target_T0.2_2.pdb.gz,monomer,full_dbs,2020-05-14,ok,
1hufA00|target|target|T0.2|6,1hufA00|target|target,1hufA00,0.2,target,0.7945413650861245,92.5909756097561,0.5617674915566436,0.6989,file_order,80,123,0,de66e9776838b7f282fb9409a15c5bc5015a421c977a5056c4f1a2ce974d6efe,public_data/benchmark/gate0/temperature_panel2/models/1hufA00_target_target_T0.2_6.pdb.gz,monomer,full_dbs,2020-05-14,ok,
1hufA00|target|target|T0.2|3,1hufA00|target|target,1hufA00,0.2,target,0.7209680019653505,68.66048780487804,2.6589199466306184,3.4891,file_order,80,123,0,de66e9776838b7f282fb9409a15c5bc5015a421c977a5056c4f1a2ce974d6efe,public_data/benchmark/gate0/temperature_panel2/models/1hufA00_target_target_T0.2_3.pdb.gz,monomer,full_dbs,2020-05-14,ok,
1hufA00|target|target|T0.2|7,1hufA00|target|target,1hufA00,0.2,target,0.7658529154200125,93.2890243902439,0.49222109304871875,0.5691,file_order,80,123,0,de66e9776838b7f282fb9409a15c5bc5015a421c977a5056c4f1a2ce974d6efe,public_data/benchmark/gate0/temperature_panel2/models/1hufA00_target_target_T0.2_7.pdb.gz,monomer,full_dbs,2020-05-14,ok,
1hufA00|target|target|T0.3|0,1hufA00|target|target,1hufA00,0.3,target,0.8097605869295679,89.58056910569105,0.5304618921729775,0.6521,file_order,80,123,0,de66e9776838b7f282fb9409a15c5bc5015a421c977a5056c4f1a2ce974d6efe,public_data/benchmark/gate0/temperature_panel2/models/1hufA00_target_target_T0.3_0.pdb.gz,monomer,full_dbs,2020-05-14,ok,
1hufA00|target|target|T0.3|1,1hufA00|target|target,1hufA00,0.3,target,0.6256256449808274,95.0290243902439,0.5345329252992516,0.6666,file_order,80,123,0,de66e9776838b7f282fb9409a15c5bc5015a421c977a5056c4f1a2ce974d6efe,public_data/benchmark/gate0/temperature_panel2/models/1hufA00_target_target_T0.3_1.pdb.gz,monomer,full_dbs,2020-05-14,ok,
1hufA00|target|target|T0.3|2,1hufA00|target|target,1hufA00,0.3,target,0.7385989353647432,91.72365853658536,0.7065320457654636,0.7785,file_order,80,123,0,de66e9776838b7f282fb9409a15c5bc5015a421c977a5056c4f1a2ce974d6efe,public_data/benchmark/gate0/temperature_panel2/models/1hufA00_target_target_T0.3_2.pdb.gz,monomer,full_dbs,2020-05-14,ok,
1hufA00|target|target|T0.3|4,1hufA00|target|target,1hufA00,0.3,target,0.6885117423668947,91.83146341463414,0.47851992279686956,0.6959,file_order,80,123,0,de66e9776838b7f282fb9409a15c5bc5015a421c977a5056c4f1a2ce974d6efe,public_data/benchmark/gate0/temperature_panel2/models/1hufA00_target_target_T0.3_4.pdb.gz,monomer,full_dbs,2020-05-14,ok,
1hufA00|target|target|T0.3|3,1hufA00|target|target,1hufA00,0.3,target,0.6110450871180485,90.49837398373982,0.51610676323771,0.5929,file_order,80,123,0,de66e9776838b7f282fb9409a15c5bc5015a421c977a5056c4f1a2ce974d6efe,public_data/benchmark/gate0/temperature_panel2/models/1hufA00_target_target_T0.3_3.pdb.gz,monomer,full_dbs,2020-05-14,ok,
1hufA00|target|target|T0.3|5,1hufA00|target|target,1hufA00,0.3,target,0.6926809248842345,90.0281300813008,0.935626156461778,0.9324,file_order,80,123,0,de66e9776838b7f282fb9409a15c5bc5015a421c977a5056c4f1a2ce974d6efe,public_data/benchmark/gate0/temperature_panel2/models/1hufA00_target_target_T0.3_5.pdb.gz,monomer,full_dbs,2020-05-14,ok,
1hufA00|target|target|T0.3|7,1hufA00|target|target,1hufA00,0.3,target,0.6526184939791422,94.2451219512195,0.5731874030548045,0.6769,file_order,80,123,0,de66e9776838b7f282fb9409a15c5bc5015a421c977a5056c4f1a2ce974d6efe,public_data/benchmark/gate0/temperature_panel2/models/1hufA00_target_target_T0.3_7.pdb.gz,monomer,full_dbs,2020-05-14,ok,
1hufA00|target|target|T0.3|6,1hufA00|target|target,1hufA00,0.3,target,0.5501559491741543,93.52878048780488,0.4927989848042885,0.6188,file_order,80,123,0,de66e9776838b7f282fb9409a15c5bc5015a421c977a5056c4f1a2ce974d6efe,public_data/benchmark/gate0/temperature_panel2/models/1hufA00_target_target_T0.3_6.pdb.gz,monomer,full_dbs,2020-05-14,ok,
2wejA00|rfd3|rfd3_inputs_spec-1_0_model_4|T0.05|0,2wejA00|rfd3|rfd3_inputs_spec-1_0_model_4,2wejA00,0.05,rfd3,0.6130877325676057,88.0886046511628,1.1112678421342659,1.6295,file_order,131,258,0,154c3ad4717c198f48aefe92016ba173081d4414ea323a539f7a3151af0702dd,public_data/benchmark/gate0/temperature_panel2/models/2wejA00_rfd3_rfd3_inputs_spec-1_0_model_4_T0.05_0.pdb.gz,monomer,full_dbs,2020-05-14,ok,
2wejA00|rfd3|rfd3_inputs_spec-1_0_model_4|T0.05|1,2wejA00|rfd3|rfd3_inputs_spec-1_0_model_4,2wejA00,0.05,rfd3,0.7072397088437951,88.94298449612404,1.180410259816965,1.3788,file_order,131,258,0,154c3ad4717c198f48aefe92016ba173081d4414ea323a539f7a3151af0702dd,public_data/benchmark/gate0/temperature_panel2/models/2wejA00_rfd3_rfd3_inputs_spec-1_0_model_4_T0.05_1.pdb.gz,monomer,full_dbs,2020-05-14,ok,
2wejA00|rfd3|rfd3_inputs_spec-1_0_model_4|T0.05|3,2wejA00|rfd3|rfd3_inputs_spec-1_0_model_4,2wejA00,0.05,rfd3,0.6323892842889243,88.99158914728683,1.0071344288935926,1.3893,file_order,131,258,0,154c3ad4717c198f48aefe92016ba173081d4414ea323a539f7a3151af0702dd,public_data/benchmark/gate0/temperature_panel2/models/2wejA00_rfd3_rfd3_inputs_spec-1_0_model_4_T0.05_3.pdb.gz,monomer,full_dbs,2020-05-14,ok,
2wejA00|rfd3|rfd3_inputs_spec-1_0_model_4|T0.05|5,2wejA00|rfd3|rfd3_inputs_spec-1_0_model_4,2wejA00,0.05,rfd3,0.6204168301113778,90.01244186046512,1.3174727178199388,1.4781,file_order,131,258,0,154c3ad4717c198f48aefe92016ba173081d4414ea323a539f7a3151af0702dd,public_data/benchmark/gate0/temperature_panel2/models/2wejA00_rfd3_rfd3_inputs_spec-1_0_model_4_T0.05_5.pdb.gz,monomer,full_dbs,2020-05-14,ok,
2wejA00|rfd3|rfd3_inputs_spec-1_0_model_4|T0.05|4,2wejA00|rfd3|rfd3_inputs_spec-1_0_model_4,2wejA00,0.05,rfd3,0.6568881705516719,86.30441860465116,3.560902614206462,3.5918,file_order,131,258,0,154c3ad4717c198f48aefe92016ba173081d4414ea323a539f7a3151af0702dd,public_data/benchmark/gate0/temperature_panel2/models/2wejA00_rfd3_rfd3_inputs_spec-1_0_model_4_T0.05_4.pdb.gz,monomer,full_dbs,2020-05-14,ok,
2wejA00|rfd3|rfd3_inputs_spec-1_0_model_4|T0.05|6,2wejA00|rfd3|rfd3_inputs_spec-1_0_model_4,2wejA00,0.05,rfd3,0.644733534630822,90.729496124031,1.2261788032327325,1.5052,file_order,131,258,0,154c3ad4717c198f48aefe92016ba173081d4414ea323a539f7a3151af0702dd,public_data/benchmark/gate0/temperature_panel2/models/2wejA00_rfd3_rfd3_inputs_spec-1_0_model_4_T0.05_6.pdb.gz,monomer,full_dbs,2020-05-14,ok,
2wejA00|rfd3|rfd3_inputs_spec-1_0_model_4|T0.05|7,2wejA00|rfd3|rfd3_inputs_spec-1_0_model_4,2wejA00,0.05,rfd3,0.628053649925001,87.29166666666667,1.4041856262194456,2.6583,file_order,131,258,0,154c3ad4717c198f48aefe92016ba173081d4414ea323a539f7a3151af0702dd,public_data/benchmark/gate0/temperature_panel2/models/2wejA00_rfd3_rfd3_inputs_spec-1_0_model_4_T0.05_7.pdb.gz,monomer,full_dbs,2020-05-14,ok,
2wejA00|rfd3|rfd3_inputs_spec-1_0_model_4|T0.1|0,2wejA00|rfd3|rfd3_inputs_spec-1_0_model_4,2wejA00,0.1,rfd3,0.6393889908840505,90.43197674418604,1.0918635704716708,1.4785,file_order,131,258,0,154c3ad4717c198f48aefe92016ba173081d4414ea323a539f7a3151af0702dd,public_data/benchmark/gate0/temperature_panel2/models/2wejA00_rfd3_rfd3_inputs_spec-1_0_model_4_T0.1_0.pdb.gz,monomer,full_dbs,2020-05-14,ok,
2wejA00|rfd3|rfd3_inputs_spec-1_0_model_4|T0.1|1,2wejA00|rfd3|rfd3_inputs_spec-1_0_model_4,2wejA00,0.1,rfd3,0.6064473604697088,88.71937984496124,1.2040260977445185,3.022,file_order,131,258,0,154c3ad4717c198f48aefe92016ba173081d4414ea323a539f7a3151af0702dd,public_data/benchmark/gate0/temperature_panel2/models/2wejA00_rfd3_rfd3_inputs_spec-1_0_model_4_T0.1_1.pdb.gz,monomer,full_dbs,2020-05-14,ok,
2wejA00|rfd3|rfd3_inputs_spec-1_0_model_4|T0.05|2,2wejA00|rfd3|rfd3_inputs_spec-1_0_model_4,2wejA00,0.05,rfd3,0.6408176472061223,90.58236434108527,1.1205519215525543,1.4731,file_order,131,258,0,154c3ad4717c198f48aefe92016ba173081d4414ea323a539f7a3151af0702dd,public_data/benchmark/gate0/temperature_panel2/models/2wejA00_rfd3_rfd3_inputs_spec-1_0_model_4_T0.05_2.pdb.gz,monomer,full_dbs,2020-05-14,ok,
2wejA00|rfd3|rfd3_inputs_spec-1_0_model_4|T0.1|2,2wejA00|rfd3|rfd3_inputs_spec-1_0_model_4,2wejA00,0.1,rfd3,0.6457981751058127,92.07062015503877,1.0474470396737667,1.6578,file_order,131,258,0,154c3ad4717c198f48aefe92016ba173081d4414ea323a539f7a3151af0702dd,public_data/benchmark/gate0/temperature_panel2/models/2wejA00_rfd3_rfd3_inputs_spec-1_0_model_4_T0.1_2.pdb.gz,monomer,full_dbs,2020-05-14,ok,
2wejA00|rfd3|rfd3_inputs_spec-1_0_model_4|T0.1|3,2wejA00|rfd3|rfd3_inputs_spec-1_0_model_4,2wejA00,0.1,rfd3,0.6031121962726499,85.87488372093024,1.1921033289594332,1.8916,file_order,131,258,0,154c3ad4717c198f48aefe92016ba173081d4414ea323a539f7a3151af0702dd,public_data/benchmark/gate0/temperature_panel2/models/2wejA00_rfd3_rfd3_inputs_spec-1_0_model_4_T0.1_3.pdb.gz,monomer,full_dbs,2020-05-14,ok,
2wejA00|rfd3|rfd3_inputs_spec-1_0_model_4|T0.1|4,2wejA00|rfd3|rfd3_inputs_spec-1_0_model_4,2wejA00,0.1,rfd3,0.5962267144058325,86.13720930232559,1.2206304133827865,1.5701,file_order,131,258,0,154c3ad4717c198f48aefe92016ba173081d4414ea323a539f7a3151af0702dd,public_data/benchmark/gate0/temperature_panel2/models/2wejA00_rfd3_rfd3_inputs_spec-1_0_model_4_T0.1_4.pdb.gz,monomer,full_dbs,2020-05-14,ok,
2wejA00|rfd3|rfd3_inputs_spec-1_0_model_4|T0.1|5,2wejA00|rfd3|rfd3_inputs_spec-1_0_model_4,2wejA00,0.1,rfd3,0.6185895538211865,89.78492248062015,1.0699781255535532,1.5082,file_order,131,258,0,154c3ad4717c198f48aefe92016ba173081d4414ea323a539f7a3151af0702dd,public_data/benchmark/gate0/temperature_panel2/models/2wejA00_rfd3_rfd3_inputs_spec-1_0_model_4_T0.1_5.pdb.gz,monomer,full_dbs,2020-05-14,ok,
2wejA00|rfd3|rfd3_inputs_spec-1_0_model_4|T0.1|6,2wejA00|rfd3|rfd3_inputs_spec-1_0_model_4,2wejA00,0.1,rfd3,0.5628060457374258,89.35391472868217,1.0336289711820326,1.5169,file_order,131,258,0,154c3ad4717c198f48aefe92016ba173081d4414ea323a539f7a3151af0702dd,public_data/benchmark/gate0/temperature_panel2/models/2wejA00_rfd3_rfd3_inputs_spec-1_0_model_4_T0.1_6.pdb.gz,monomer,full_dbs,2020-05-14,ok,
2wejA00|rfd3|rfd3_inputs_spec-1_0_model_4|T0.2|0,2wejA00|rfd3|rfd3_inputs_spec-1_0_model_4,2wejA00,0.2,rfd3,0.5887401568408295,89.04031007751938,1.2835102713181312,1.4367,file_order,131,258,0,154c3ad4717c198f48aefe92016ba173081d4414ea323a539f7a3151af0702dd,public_data/benchmark/gate0/temperature_panel2/models/2wejA00_rfd3_rfd3_inputs_spec-1_0_model_4_T0.2_0.pdb.gz,monomer,full_dbs,2020-05-14,ok,
2wejA00|rfd3|rfd3_inputs_spec-1_0_model_4|T0.1|7,2wejA00|rfd3|rfd3_inputs_spec-1_0_model_4,2wejA00,0.1,rfd3,0.6180407131278541,87.82220930232559,1.2864276629564788,1.7979,file_order,131,258,0,154c3ad4717c198f48aefe92016ba173081d4414ea323a539f7a3151af0702dd,public_data/benchmark/gate0/temperature_panel2/models/2wejA00_rfd3_rfd3_inputs_spec-1_0_model_4_T0.1_7.pdb.gz,monomer,full_dbs,2020-05-14,ok,
2wejA00|rfd3|rfd3_inputs_spec-1_0_model_4|T0.2|1,2wejA00|rfd3|rfd3_inputs_spec-1_0_model_4,2wejA00,0.2,rfd3,0.5859218713900598,84.81674418604652,1.2352981318470395,1.7093,file_order,131,258,0,154c3ad4717c198f48aefe92016ba173081d4414ea323a539f7a3151af0702dd,public_data/benchmark/gate0/temperature_panel2/models/2wejA00_rfd3_rfd3_inputs_spec-1_0_model_4_T0.2_1.pdb.gz,monomer,full_dbs,2020-05-14,ok,
2wejA00|rfd3|rfd3_inputs_spec-1_0_model_4|T0.2|4,2wejA00|rfd3|rfd3_inputs_spec-1_0_model_4,2wejA00,0.2,rfd3,0.5650935802150427,87.22197674418605,1.206871444008713,1.8214,file_order,131,258,0,154c3ad4717c198f48aefe92016ba173081d4414ea323a539f7a3151af0702dd,public_data/benchmark/gate0/temperature_panel2/models/2wejA00_rfd3_rfd3_inputs_spec-1_0_model_4_T0.2_4.pdb.gz,monomer,full_dbs,2020-05-14,ok,
2wejA00|rfd3|rfd3_inputs_spec-1_0_model_4|T0.2|3,2wejA00|rfd3|rfd3_inputs_spec-1_0_model_4,2wejA00,0.2,rfd3,0.7128256395732858,83.45779069767443,1.2671219249543764,3.2329,file_order,131,258,0,154c3ad4717c198f48aefe92016ba173081d4414ea323a539f7a3151af0702dd,public_data/benchmark/gate0/temperature_panel2/models/2wejA00_rfd3_rfd3_inputs_spec-1_0_model_4_T0.2_3.pdb.gz,monomer,full_dbs,2020-05-14,ok,
2wejA00|rfd3|rfd3_inputs_spec-1_0_model_4|T0.2|2,2wejA00|rfd3|rfd3_inputs_spec-1_0_model_4,2wejA00,0.2,rfd3,0.6514516804616963,87.29007751937985,1.2370133829472498,1.8201,file_order,131,258,0,154c3ad4717c198f48aefe92016ba173081d4414ea323a539f7a3151af0702dd,public_data/benchmark/gate0/temperature_panel2/models/2wejA00_rfd3_rfd3_inputs_spec-1_0_model_4_T0.2_2.pdb.gz,monomer,full_dbs,2020-05-14,ok,
2wejA00|rfd3|rfd3_inputs_spec-1_0_model_4|T0.2|5,2wejA00|rfd3|rfd3_inputs_spec-1_0_model_4,2wejA00,0.2,rfd3,0.5964133209568749,86.35798449612403,1.2704686317765506,2.3672,file_order,131,258,0,154c3ad4717c198f48aefe92016ba173081d4414ea323a539f7a3151af0702dd,public_data/benchmark/gate0/temperature_panel2/models/2wejA00_rfd3_rfd3_inputs_spec-1_0_model_4_T0.2_5.pdb.gz,monomer,full_dbs,2020-05-14,ok,
2wejA00|rfd3|rfd3_inputs_spec-1_0_model_4|T0.2|6,2wejA00|rfd3|rfd3_inputs_spec-1_0_model_4,2wejA00,0.2,rfd3,0.6535609019342155,89.21988372093023,1.1822622549198236,1.3478,file_order,131,258,0,154c3ad4717c198f48aefe92016ba173081d4414ea323a539f7a3151af0702dd,public_data/benchmark/gate0/temperature_panel2/models/2wejA00_rfd3_rfd3_inputs_spec-1_0_model_4_T0.2_6.pdb.gz,monomer,full_dbs,2020-05-14,ok,
2wejA00|rfd3|rfd3_inputs_spec-1_0_model_4|T0.2|7,2wejA00|rfd3|rfd3_inputs_spec-1_0_model_4,2wejA00,0.2,rfd3,0.6291395233752392,89.58240310077518,1.1307501910378832,1.4603,file_order,131,258,0,154c3ad4717c198f48aefe92016ba173081d4414ea323a539f7a3151af0702dd,public_data/benchmark/gate0/temperature_panel2/models/2wejA00_rfd3_rfd3_inputs_spec-1_0_model_4_T0.2_7.pdb.gz,monomer,full_dbs,2020-05-14,ok,
2wejA00|rfd3|rfd3_inputs_spec-1_0_model_4|T0.3|0,2wejA00|rfd3|rfd3_inputs_spec-1_0_model_4,2wejA00,0.3,rfd3,0.558605354490485,88.24294573643411,1.4189015172476998,1.9726,file_order,131,258,0,154c3ad4717c198f48aefe92016ba173081d4414ea323a539f7a3151af0702dd,public_data/benchmark/gate0/temperature_panel2/models/2wejA00_rfd3_rfd3_inputs_spec-1_0_model_4_T0.3_0.pdb.gz,monomer,full_dbs,2020-05-14,ok,
2wejA00|rfd3|rfd3_inputs_spec-1_0_model_4|T0.3|1,2wejA00|rfd3|rfd3_inputs_spec-1_0_model_4,2wejA00,0.3,rfd3,0.6920929851458395,89.00635658914729,1.0923185405678506,3.5213,file_order,131,258,0,154c3ad4717c198f48aefe92016ba173081d4414ea323a539f7a3151af0702dd,public_data/benchmark/gate0/temperature_panel2/models/2wejA00_rfd3_rfd3_inputs_spec-1_0_model_4_T0.3_1.pdb.gz,monomer,full_dbs,2020-05-14,ok,
2wejA00|rfd3|rfd3_inputs_spec-1_0_model_4|T0.3|2,2wejA00|rfd3|rfd3_inputs_spec-1_0_model_4,2wejA00,0.3,rfd3,0.6780459448794078,85.83348837209303,2.058954516440898,2.5275,file_order,131,258,0,154c3ad4717c198f48aefe92016ba173081d4414ea323a539f7a3151af0702dd,public_data/benchmark/gate0/temperature_panel2/models/2wejA00_rfd3_rfd3_inputs_spec-1_0_model_4_T0.3_2.pdb.gz,monomer,full_dbs,2020-05-14,ok,
2wejA00|rfd3|rfd3_inputs_spec-1_0_model_4|T0.3|3,2wejA00|rfd3|rfd3_inputs_spec-1_0_model_4,2wejA00,0.3,rfd3,0.6068173287325064,85.4781007751938,4.778021718883141,5.379,file_order,131,258,0,154c3ad4717c198f48aefe92016ba173081d4414ea323a539f7a3151af0702dd,public_data/benchmark/gate0/temperature_panel2/models/2wejA00_rfd3_rfd3_inputs_spec-1_0_model_4_T0.3_3.pdb.gz,monomer,full_dbs,2020-05-14,ok,
2wejA00|rfd3|rfd3_inputs_spec-1_0_model_4|T0.3|4,2wejA00|rfd3|rfd3_inputs_spec-1_0_model_4,2wejA00,0.3,rfd3,0.5917399197507279,86.3701937984496,1.1255663715290691,3.4162,file_order,131,258,0,154c3ad4717c198f48aefe92016ba173081d4414ea323a539f7a3151af0702dd,public_data/benchmark/gate0/temperature_panel2/models/2wejA00_rfd3_rfd3_inputs_spec-1_0_model_4_T0.3_4.pdb.gz,monomer,full_dbs,2020-05-14,ok,
1koyA00|rfd3|rfd3_inputs_spec-1_0_model_4|T0.05|0,1koyA00|rfd3|rfd3_inputs_spec-1_0_model_4,1koyA00,0.05,rfd3,0.5832499132211526,83.69967741935484,1.6300585148637345,2.2877,file_order,46,62,0,0c7cd0cfd7429590437231037873b893731210e857f3e741af90383e90fde445,public_data/benchmark/gate0/temperature_panel2/models/1koyA00_rfd3_rfd3_inputs_spec-1_0_model_4_T0.05_0.pdb.gz,monomer,full_dbs,2020-05-14,ok,
2wejA00|rfd3|rfd3_inputs_spec-1_0_model_4|T0.3|5,2wejA00|rfd3|rfd3_inputs_spec-1_0_model_4,2wejA00,0.3,rfd3,0.6174915710237915,89.27418604651163,1.2080149962105982,1.5421,file_order,131,258,0,154c3ad4717c198f48aefe92016ba173081d4414ea323a539f7a3151af0702dd,public_data/benchmark/gate0/temperature_panel2/models/2wejA00_rfd3_rfd3_inputs_spec-1_0_model_4_T0.3_5.pdb.gz,monomer,full_dbs,2020-05-14,ok,
1koyA00|rfd3|rfd3_inputs_spec-1_0_model_4|T0.05|1,1koyA00|rfd3|rfd3_inputs_spec-1_0_model_4,1koyA00,0.05,rfd3,0.6294078720112669,85.76645161290324,14.472138119823033,14.293,file_order,46,62,0,0c7cd0cfd7429590437231037873b893731210e857f3e741af90383e90fde445,public_data/benchmark/gate0/temperature_panel2/models/1koyA00_rfd3_rfd3_inputs_spec-1_0_model_4_T0.05_1.pdb.gz,monomer,full_dbs,2020-05-14,ok,
2wejA00|rfd3|rfd3_inputs_spec-1_0_model_4|T0.3|6,2wejA00|rfd3|rfd3_inputs_spec-1_0_model_4,2wejA00,0.3,rfd3,0.6488067921082014,88.05829457364341,1.592572155243562,2.0846,file_order,131,258,0,154c3ad4717c198f48aefe92016ba173081d4414ea323a539f7a3151af0702dd,public_data/benchmark/gate0/temperature_panel2/models/2wejA00_rfd3_rfd3_inputs_spec-1_0_model_4_T0.3_6.pdb.gz,monomer,full_dbs,2020-05-14,ok,
2wejA00|rfd3|rfd3_inputs_spec-1_0_model_4|T0.3|7,2wejA00|rfd3|rfd3_inputs_spec-1_0_model_4,2wejA00,0.3,rfd3,0.6425999592827027,87.8622480620155,1.3659345200704756,1.904,file_order,131,258,0,154c3ad4717c198f48aefe92016ba173081d4414ea323a539f7a3151af0702dd,public_data/benchmark/gate0/temperature_panel2/models/2wejA00_rfd3_rfd3_inputs_spec-1_0_model_4_T0.3_7.pdb.gz,monomer,full_dbs,2020-05-14,ok,
1koyA00|rfd3|rfd3_inputs_spec-1_0_model_4|T0.05|2,1koyA00|rfd3|rfd3_inputs_spec-1_0_model_4,1koyA00,0.05,rfd3,0.823370918182327,84.54161290322581,1.5232556515096625,2.2258,file_order,46,62,0,0c7cd0cfd7429590437231037873b893731210e857f3e741af90383e90fde445,public_data/benchmark/gate0/temperature_panel2/models/1koyA00_rfd3_rfd3_inputs_spec-1_0_model_4_T0.05_2.pdb.gz,monomer,full_dbs,2020-05-14,ok,
1koyA00|rfd3|rfd3_inputs_spec-1_0_model_4|T0.05|3,1koyA00|rfd3|rfd3_inputs_spec-1_0_model_4,1koyA00,0.05,rfd3,0.6817738007079621,80.97387096774193,4.858770226107379,6.3945,file_order,46,62,0,0c7cd0cfd7429590437231037873b893731210e857f3e741af90383e90fde445,public_data/benchmark/gate0/temperature_panel2/models/1koyA00_rfd3_rfd3_inputs_spec-1_0_model_4_T0.05_3.pdb.gz,monomer,full_dbs,2020-05-14,ok,
1koyA00|rfd3|rfd3_inputs_spec-1_0_model_4|T0.05|4,1koyA00|rfd3|rfd3_inputs_spec-1_0_model_4,1koyA00,0.05,rfd3,0.8832141526370355,80.17790322580645,2.9194090758410134,3.7362,file_order,46,62,0,0c7cd0cfd7429590437231037873b893731210e857f3e741af90383e90fde445,public_data/benchmark/gate0/temperature_panel2/models/1koyA00_rfd3_rfd3_inputs_spec-1_0_model_4_T0.05_4.pdb.gz,monomer,full_dbs,2020-05-14,ok,
1koyA00|rfd3|rfd3_inputs_spec-1_0_model_4|T0.05|5,1koyA00|rfd3|rfd3_inputs_spec-1_0_model_4,1koyA00,0.05,rfd3,0.7907872711598292,85.87306451612903,0.4386739850101668,0.5354,file_order,46,62,0,0c7cd0cfd7429590437231037873b893731210e857f3e741af90383e90fde445,public_data/benchmark/gate0/temperature_panel2/models/1koyA00_rfd3_rfd3_inputs_spec-1_0_model_4_T0.05_5.pdb.gz,monomer,full_dbs,2020-05-14,ok,
1koyA00|rfd3|rfd3_inputs_spec-1_0_model_4|T0.05|6,1koyA00|rfd3|rfd3_inputs_spec-1_0_model_4,1koyA00,0.05,rfd3,0.7527900484772609,81.57596774193549,0.5735723591660465,0.8224,file_order,46,62,0,0c7cd0cfd7429590437231037873b893731210e857f3e741af90383e90fde445,public_data/benchmark/gate0/temperature_panel2/models/1koyA00_rfd3_rfd3_inputs_spec-1_0_model_4_T0.05_6.pdb.gz,monomer,full_dbs,2020-05-14,ok,
1koyA00|rfd3|rfd3_inputs_spec-1_0_model_4|T0.1|2,1koyA00|rfd3|rfd3_inputs_spec-1_0_model_4,1koyA00,0.1,rfd3,0.6203343810996208,78.13983870967742,5.511790652971079,6.8231,file_order,46,62,0,0c7cd0cfd7429590437231037873b893731210e857f3e741af90383e90fde445,public_data/benchmark/gate0/temperature_panel2/models/1koyA00_rfd3_rfd3_inputs_spec-1_0_model_4_T0.1_2.pdb.gz,monomer,full_dbs,2020-05-14,ok,
1koyA00|rfd3|rfd3_inputs_spec-1_0_model_4|T0.1|1,1koyA00|rfd3|rfd3_inputs_spec-1_0_model_4,1koyA00,0.1,rfd3,0.5934062030736696,84.73354838709676,1.916349113461703,2.4747,file_order,46,62,0,0c7cd0cfd7429590437231037873b893731210e857f3e741af90383e90fde445,public_data/benchmark/gate0/temperature_panel2/models/1koyA00_rfd3_rfd3_inputs_spec-1_0_model_4_T0.1_1.pdb.gz,monomer,full_dbs,2020-05-14,ok,
1koyA00|rfd3|rfd3_inputs_spec-1_0_model_4|T0.1|3,1koyA00|rfd3|rfd3_inputs_spec-1_0_model_4,1koyA00,0.1,rfd3,0.899726876465545,79.96822580645161,1.7018464748863018,2.4182,file_order,46,62,0,0c7cd0cfd7429590437231037873b893731210e857f3e741af90383e90fde445,public_data/benchmark/gate0/temperature_panel2/models/1koyA00_rfd3_rfd3_inputs_spec-1_0_model_4_T0.1_3.pdb.gz,monomer,full_dbs,2020-05-14,ok,
1koyA00|rfd3|rfd3_inputs_spec-1_0_model_4|T0.1|4,1koyA00|rfd3|rfd3_inputs_spec-1_0_model_4,1koyA00,0.1,rfd3,0.6817738007079621,84.03612903225806,1.8052094076146323,1.9606,file_order,46,62,0,0c7cd0cfd7429590437231037873b893731210e857f3e741af90383e90fde445,public_data/benchmark/gate0/temperature_panel2/models/1koyA00_rfd3_rfd3_inputs_spec-1_0_model_4_T0.1_4.pdb.gz,monomer,full_dbs,2020-05-14,ok,
1koyA00|rfd3|rfd3_inputs_spec-1_0_model_4|T0.1|5,1koyA00|rfd3|rfd3_inputs_spec-1_0_model_4,1koyA00,0.1,rfd3,0.9202542433778383,89.12919354838711,0.7227150056617283,0.8306,file_order,46,62,0,0c7cd0cfd7429590437231037873b893731210e857f3e741af90383e90fde445,public_data/benchmark/gate0/temperature_panel2/models/1koyA00_rfd3_rfd3_inputs_spec-1_0_model_4_T0.1_5.pdb.gz,monomer,full_dbs,2020-05-14,ok,
1koyA00|rfd3|rfd3_inputs_spec-1_0_model_4|T0.1|6,1koyA00|rfd3|rfd3_inputs_spec-1_0_model_4,1koyA00,0.1,rfd3,0.7299154304825046,80.90177419354839,4.852918193276711,5.8745,file_order,46,62,0,0c7cd0cfd7429590437231037873b893731210e857f3e741af90383e90fde445,public_data/benchmark/gate0/temperature_panel2/models/1koyA00_rfd3_rfd3_inputs_spec-1_0_model_4_T0.1_6.pdb.gz,monomer,full_dbs,2020-05-14,ok,
1koyA00|rfd3|rfd3_inputs_spec-1_0_model_4|T0.1|7,1koyA00|rfd3|rfd3_inputs_spec-1_0_model_4,1koyA00,0.1,rfd3,0.624882091856932,85.20290322580645,2.865276864926207,3.007,file_order,46,62,0,0c7cd0cfd7429590437231037873b893731210e857f3e741af90383e90fde445,public_data/benchmark/gate0/temperature_panel2/models/1koyA00_rfd3_rfd3_inputs_spec-1_0_model_4_T0.1_7.pdb.gz,monomer,full_dbs,2020-05-14,ok,
1koyA00|rfd3|rfd3_inputs_spec-1_0_model_4|T0.2|0,1koyA00|rfd3|rfd3_inputs_spec-1_0_model_4,1koyA00,0.2,rfd3,0.749170571289364,82.64370967741935,6.848034644476053,7.8197,file_order,46,62,0,0c7cd0cfd7429590437231037873b893731210e857f3e741af90383e90fde445,public_data/benchmark/gate0/temperature_panel2/models/1koyA00_rfd3_rfd3_inputs_spec-1_0_model_4_T0.2_0.pdb.gz,monomer,full_dbs,2020-05-14,ok,
1koyA00|rfd3|rfd3_inputs_spec-1_0_model_4|T0.1|0,1koyA00|rfd3|rfd3_inputs_spec-1_0_model_4,1koyA00,0.1,rfd3,0.8943654552569617,84.63774193548387,2.0565267088860972,2.7143,file_order,46,62,0,0c7cd0cfd7429590437231037873b893731210e857f3e741af90383e90fde445,public_data/benchmark/gate0/temperature_panel2/models/1koyA00_rfd3_rfd3_inputs_spec-1_0_model_4_T0.1_0.pdb.gz,monomer,full_dbs,2020-05-14,ok,
1koyA00|rfd3|rfd3_inputs_spec-1_0_model_4|T0.05|7,1koyA00|rfd3|rfd3_inputs_spec-1_0_model_4,1koyA00,0.05,rfd3,0.9064985853263888,88.06645161290322,0.6798153864621065,0.8696,file_order,46,62,0,0c7cd0cfd7429590437231037873b893731210e857f3e741af90383e90fde445,public_data/benchmark/gate0/temperature_panel2/models/1koyA00_rfd3_rfd3_inputs_spec-1_0_model_4_T0.05_7.pdb.gz,monomer,full_dbs,2020-05-14,ok,
1koyA00|rfd3|rfd3_inputs_spec-1_0_model_4|T0.2|1,1koyA00|rfd3|rfd3_inputs_spec-1_0_model_4,1koyA00,0.2,rfd3,0.8176706799968859,90.35887096774194,0.618576303155744,0.6836,file_order,46,62,0,0c7cd0cfd7429590437231037873b893731210e857f3e741af90383e90fde445,public_data/benchmark/gate0/temperature_panel2/models/1koyA00_rfd3_rfd3_inputs_spec-1_0_model_4_T0.2_1.pdb.gz,monomer,full_dbs,2020-05-14,ok,
1koyA00|rfd3|rfd3_inputs_spec-1_0_model_4|T0.2|2,1koyA00|rfd3|rfd3_inputs_spec-1_0_model_4,1koyA00,0.2,rfd3,0.6119422795427525,84.94612903225806,2.1421068536096977,2.77,file_order,46,62,0,0c7cd0cfd7429590437231037873b893731210e857f3e741af90383e90fde445,public_data/benchmark/gate0/temperature_panel2/models/1koyA00_rfd3_rfd3_inputs_spec-1_0_model_4_T0.2_2.pdb.gz,monomer,full_dbs,2020-05-14,ok,
1koyA00|rfd3|rfd3_inputs_spec-1_0_model_4|T0.2|3,1koyA00|rfd3|rfd3_inputs_spec-1_0_model_4,1koyA00,0.2,rfd3,0.8681289977011789,75.42919354838709,4.884470396338378,6.5209,file_order,46,62,0,0c7cd0cfd7429590437231037873b893731210e857f3e741af90383e90fde445,public_data/benchmark/gate0/temperature_panel2/models/1koyA00_rfd3_rfd3_inputs_spec-1_0_model_4_T0.2_3.pdb.gz,monomer,full_dbs,2020-05-14,ok,
1koyA00|rfd3|rfd3_inputs_spec-1_0_model_4|T0.2|5,1koyA00|rfd3|rfd3_inputs_spec-1_0_model_4,1koyA00,0.2,rfd3,0.6065667184337671,79.06193548387097,4.4003543908857115,5.6842,file_order,46,62,0,0c7cd0cfd7429590437231037873b893731210e857f3e741af90383e90fde445,public_data/benchmark/gate0/temperature_panel2/models/1koyA00_rfd3_rfd3_inputs_spec-1_0_model_4_T0.2_5.pdb.gz,monomer,full_dbs,2020-05-14,ok,
1koyA00|rfd3|rfd3_inputs_spec-1_0_model_4|T0.2|7,1koyA00|rfd3|rfd3_inputs_spec-1_0_model_4,1koyA00,0.2,rfd3,0.6524163144133189,81.50725806451612,7.381686785081184,8.4994,file_order,46,62,0,0c7cd0cfd7429590437231037873b893731210e857f3e741af90383e90fde445,public_data/benchmark/gate0/temperature_panel2/models/1koyA00_rfd3_rfd3_inputs_spec-1_0_model_4_T0.2_7.pdb.gz,monomer,full_dbs,2020-05-14,ok,
1koyA00|rfd3|rfd3_inputs_spec-1_0_model_4|T0.3|0,1koyA00|rfd3|rfd3_inputs_spec-1_0_model_4,1koyA00,0.3,rfd3,0.8518306998494177,86.02935483870968,2.251818338585924,2.6942,file_order,46,62,0,0c7cd0cfd7429590437231037873b893731210e857f3e741af90383e90fde445,public_data/benchmark/gate0/temperature_panel2/models/1koyA00_rfd3_rfd3_inputs_spec-1_0_model_4_T0.3_0.pdb.gz,monomer,full_dbs,2020-05-14,ok,
1koyA00|rfd3|rfd3_inputs_spec-1_0_model_4|T0.2|4,1koyA00|rfd3|rfd3_inputs_spec-1_0_model_4,1koyA00,0.2,rfd3,0.8522373836090569,80.59887096774193,5.968464779532631,6.8539,file_order,46,62,0,0c7cd0cfd7429590437231037873b893731210e857f3e741af90383e90fde445,public_data/benchmark/gate0/temperature_panel2/models/1koyA00_rfd3_rfd3_inputs_spec-1_0_model_4_T0.2_4.pdb.gz,monomer,full_dbs,2020-05-14,ok,
1koyA00|rfd3|rfd3_inputs_spec-1_0_model_4|T0.2|6,1koyA00|rfd3|rfd3_inputs_spec-1_0_model_4,1koyA00,0.2,rfd3,0.9128572755336358,83.28129032258065,1.5297600611953013,1.8599,file_order,46,62,0,0c7cd0cfd7429590437231037873b893731210e857f3e741af90383e90fde445,public_data/benchmark/gate0/temperature_panel2/models/1koyA00_rfd3_rfd3_inputs_spec-1_0_model_4_T0.2_6.pdb.gz,monomer,full_dbs,2020-05-14,ok,
1koyA00|rfd3|rfd3_inputs_spec-1_0_model_4|T0.3|3,1koyA00|rfd3|rfd3_inputs_spec-1_0_model_4,1koyA00,0.3,rfd3,0.8113352439765552,88.1716129032258,2.599142308100681,2.8255,file_order,46,62,0,0c7cd0cfd7429590437231037873b893731210e857f3e741af90383e90fde445,public_data/benchmark/gate0/temperature_panel2/models/1koyA00_rfd3_rfd3_inputs_spec-1_0_model_4_T0.3_3.pdb.gz,monomer,full_dbs,2020-05-14,ok,
1koyA00|rfd3|rfd3_inputs_spec-1_0_model_4|T0.3|4,1koyA00|rfd3|rfd3_inputs_spec-1_0_model_4,1koyA00,0.3,rfd3,0.3341048367603298,77.93903225806451,22.204351326171743,23.4577,file_order,46,62,0,0c7cd0cfd7429590437231037873b893731210e857f3e741af90383e90fde445,public_data/benchmark/gate0/temperature_panel2/models/1koyA00_rfd3_rfd3_inputs_spec-1_0_model_4_T0.3_4.pdb.gz,monomer,full_dbs,2020-05-14,ok,
1koyA00|rfd3|rfd3_inputs_spec-1_0_model_4|T0.3|2,1koyA00|rfd3|rfd3_inputs_spec-1_0_model_4,1koyA00,0.3,rfd3,0.7628533521602266,86.19225806451612,12.206232214827038,13.0149,file_order,46,62,0,0c7cd0cfd7429590437231037873b893731210e857f3e741af90383e90fde445,public_data/benchmark/gate0/temperature_panel2/models/1koyA00_rfd3_rfd3_inputs_spec-1_0_model_4_T0.3_2.pdb.gz,monomer,full_dbs,2020-05-14,ok,
1koyA00|rfd3|rfd3_inputs_spec-1_0_model_4|T0.3|6,1koyA00|rfd3|rfd3_inputs_spec-1_0_model_4,1koyA00,0.3,rfd3,0.9629848245540835,85.20790322580646,17.12859020648332,19.5311,file_order,46,62,0,0c7cd0cfd7429590437231037873b893731210e857f3e741af90383e90fde445,public_data/benchmark/gate0/temperature_panel2/models/1koyA00_rfd3_rfd3_inputs_spec-1_0_model_4_T0.3_6.pdb.gz,monomer,full_dbs,2020-05-14,ok,
1koyA00|rfd3|rfd3_inputs_spec-1_0_model_4|T0.3|7,1koyA00|rfd3|rfd3_inputs_spec-1_0_model_4,1koyA00,0.3,rfd3,0.8871480887693284,83.14193548387097,5.790456528795549,6.6162,file_order,46,62,0,0c7cd0cfd7429590437231037873b893731210e857f3e741af90383e90fde445,public_data/benchmark/gate0/temperature_panel2/models/1koyA00_rfd3_rfd3_inputs_spec-1_0_model_4_T0.3_7.pdb.gz,monomer,full_dbs,2020-05-14,ok,
1koyA00|rfd3|rfd3_inputs_spec-1_0_model_4|T0.3|5,1koyA00|rfd3|rfd3_inputs_spec-1_0_model_4,1koyA00,0.3,rfd3,0.9048451332122335,76.46403225806452,9.433853267387374,10.0086,file_order,46,62,0,0c7cd0cfd7429590437231037873b893731210e857f3e741af90383e90fde445,public_data/benchmark/gate0/temperature_panel2/models/1koyA00_rfd3_rfd3_inputs_spec-1_0_model_4_T0.3_5.pdb.gz,monomer,full_dbs,2020-05-14,ok,
1koyA00|rfd3|rfd3_inputs_spec-1_0_model_1|T0.05|1,1koyA00|rfd3|rfd3_inputs_spec-1_0_model_1,1koyA00,0.05,rfd3,0.9083950081297304,88.98887096774195,1.3576659269512195,1.5891,file_order,45,62,0,14b06aa822178fc1bd8c22b555294578da735fe571efc0be7387252a9f6e011e,public_data/benchmark/gate0/temperature_panel2/models/1koyA00_rfd3_rfd3_inputs_spec-1_0_model_1_T0.05_1.pdb.gz,monomer,full_dbs,2020-05-14,ok,
1koyA00|rfd3|rfd3_inputs_spec-1_0_model_4|T0.3|1,1koyA00|rfd3|rfd3_inputs_spec-1_0_model_4,1koyA00,0.3,rfd3,0.7960740844918339,82.56693548387096,17.303990605345575,19.8591,file_order,46,62,0,0c7cd0cfd7429590437231037873b893731210e857f3e741af90383e90fde445,public_data/benchmark/gate0/temperature_panel2/models/1koyA00_rfd3_rfd3_inputs_spec-1_0_model_4_T0.3_1.pdb.gz,monomer,full_dbs,2020-05-14,ok,
1koyA00|rfd3|rfd3_inputs_spec-1_0_model_1|T0.05|3,1koyA00|rfd3|rfd3_inputs_spec-1_0_model_1,1koyA00,0.05,rfd3,0.8316573952769691,89.34983870967743,1.0938250300216477,1.2468,file_order,45,62,0,14b06aa822178fc1bd8c22b555294578da735fe571efc0be7387252a9f6e011e,public_data/benchmark/gate0/temperature_panel2/models/1koyA00_rfd3_rfd3_inputs_spec-1_0_model_1_T0.05_3.pdb.gz,monomer,full_dbs,2020-05-14,ok,
1koyA00|rfd3|rfd3_inputs_spec-1_0_model_1|T0.05|0,1koyA00|rfd3|rfd3_inputs_spec-1_0_model_1,1koyA00,0.05,rfd3,0.6524163144133188,93.26645161290324,0.9148191829777816,1.0094,file_order,45,62,0,14b06aa822178fc1bd8c22b555294578da735fe571efc0be7387252a9f6e011e,public_data/benchmark/gate0/temperature_panel2/models/1koyA00_rfd3_rfd3_inputs_spec-1_0_model_1_T0.05_0.pdb.gz,monomer,full_dbs,2020-05-14,ok,
1koyA00|rfd3|rfd3_inputs_spec-1_0_model_1|T0.05|5,1koyA00|rfd3|rfd3_inputs_spec-1_0_model_1,1koyA00,0.05,rfd3,0.9000175286094971,88.82532258064516,1.1653700075934958,1.3096,file_order,45,62,0,14b06aa822178fc1bd8c22b555294578da735fe571efc0be7387252a9f6e011e,public_data/benchmark/gate0/temperature_panel2/models/1koyA00_rfd3_rfd3_inputs_spec-1_0_model_1_T0.05_5.pdb.gz,monomer,full_dbs,2020-05-14,ok,
1koyA00|rfd3|rfd3_inputs_spec-1_0_model_1|T0.05|2,1koyA00|rfd3|rfd3_inputs_spec-1_0_model_1,1koyA00,0.05,rfd3,0.8142800592937874,88.81548387096775,1.306365111725953,1.4416,file_order,45,62,0,14b06aa822178fc1bd8c22b555294578da735fe571efc0be7387252a9f6e011e,public_data/benchmark/gate0/temperature_panel2/models/1koyA00_rfd3_rfd3_inputs_spec-1_0_model_1_T0.05_2.pdb.gz,monomer,full_dbs,2020-05-14,ok,
1koyA00|rfd3|rfd3_inputs_spec-1_0_model_1|T0.05|6,1koyA00|rfd3|rfd3_inputs_spec-1_0_model_1,1koyA00,0.05,rfd3,0.7110820654225259,91.6891935483871,0.9520242614682195,1.0291,file_order,45,62,0,14b06aa822178fc1bd8c22b555294578da735fe571efc0be7387252a9f6e011e,public_data/benchmark/gate0/temperature_panel2/models/1koyA00_rfd3_rfd3_inputs_spec-1_0_model_1_T0.05_6.pdb.gz,monomer,full_dbs,2020-05-14,ok,
1koyA00|rfd3|rfd3_inputs_spec-1_0_model_1|T0.1|0,1koyA00|rfd3|rfd3_inputs_spec-1_0_model_1,1koyA00,0.1,rfd3,0.8422198810103355,89.79161290322581,0.8379470707204921,0.9482,file_order,45,62,0,14b06aa822178fc1bd8c22b555294578da735fe571efc0be7387252a9f6e011e,public_data/benchmark/gate0/temperature_panel2/models/1koyA00_rfd3_rfd3_inputs_spec-1_0_model_1_T0.1_0.pdb.gz,monomer,full_dbs,2020-05-14,ok,
1koyA00|rfd3|rfd3_inputs_spec-1_0_model_1|T0.1|1,1koyA00|rfd3|rfd3_inputs_spec-1_0_model_1,1koyA00,0.1,rfd3,0.8770904377733656,92.41387096774193,0.8793480506001088,0.946,file_order,45,62,0,14b06aa822178fc1bd8c22b555294578da735fe571efc0be7387252a9f6e011e,public_data/benchmark/gate0/temperature_panel2/models/1koyA00_rfd3_rfd3_inputs_spec-1_0_model_1_T0.1_1.pdb.gz,monomer,full_dbs,2020-05-14,ok,
1koyA00|rfd3|rfd3_inputs_spec-1_0_model_1|T0.05|4,1koyA00|rfd3|rfd3_inputs_spec-1_0_model_1,1koyA00,0.05,rfd3,0.9000175286094971,88.40290322580644,1.1291690988483811,1.3036,file_order,45,62,0,14b06aa822178fc1bd8c22b555294578da735fe571efc0be7387252a9f6e011e,public_data/benchmark/gate0/temperature_panel2/models/1koyA00_rfd3_rfd3_inputs_spec-1_0_model_1_T0.05_4.pdb.gz,monomer,full_dbs,2020-05-14,ok,
1koyA00|rfd3|rfd3_inputs_spec-1_0_model_1|T0.05|7,1koyA00|rfd3|rfd3_inputs_spec-1_0_model_1,1koyA00,0.05,rfd3,0.8982623301057843,86.49096774193548,0.9970125155339763,1.1736,file_order,45,62,0,14b06aa822178fc1bd8c22b555294578da735fe571efc0be7387252a9f6e011e,public_data/benchmark/gate0/temperature_panel2/models/1koyA00_rfd3_rfd3_inputs_spec-1_0_model_1_T0.05_7.pdb.gz,monomer,full_dbs,2020-05-14,ok,
1koyA00|rfd3|rfd3_inputs_spec-1_0_model_1|T0.1|3,1koyA00|rfd3|rfd3_inputs_spec-1_0_model_1,1koyA00,0.1,rfd3,0.9037283416652764,88.08596774193548,0.5225583203080303,0.6379,file_order,45,62,0,14b06aa822178fc1bd8c22b555294578da735fe571efc0be7387252a9f6e011e,public_data/benchmark/gate0/temperature_panel2/models/1koyA00_rfd3_rfd3_inputs_spec-1_0_model_1_T0.1_3.pdb.gz,monomer,full_dbs,2020-05-14,ok,
1koyA00|rfd3|rfd3_inputs_spec-1_0_model_1|T0.1|5,1koyA00|rfd3|rfd3_inputs_spec-1_0_model_1,1koyA00,0.1,rfd3,0.6301599883683717,90.92354838709677,1.0327296210067134,1.1572,file_order,45,62,0,14b06aa822178fc1bd8c22b555294578da735fe571efc0be7387252a9f6e011e,public_data/benchmark/gate0/temperature_panel2/models/1koyA00_rfd3_rfd3_inputs_spec-1_0_model_1_T0.1_5.pdb.gz,monomer,full_dbs,2020-05-14,ok,
1koyA00|rfd3|rfd3_inputs_spec-1_0_model_1|T0.1|4,1koyA00|rfd3|rfd3_inputs_spec-1_0_model_1,1koyA00,0.1,rfd3,0.8447748565339304,92.69612903225806,1.1260510625534415,1.2584,file_order,45,62,0,14b06aa822178fc1bd8c22b555294578da735fe571efc0be7387252a9f6e011e,public_data/benchmark/gate0/temperature_panel2/models/1koyA00_rfd3_rfd3_inputs_spec-1_0_model_1_T0.1_4.pdb.gz,monomer,full_dbs,2020-05-14,ok,
1koyA00|rfd3|rfd3_inputs_spec-1_0_model_1|T0.1|7,1koyA00|rfd3|rfd3_inputs_spec-1_0_model_1,1koyA00,0.1,rfd3,0.7837647431074051,90.35387096774193,1.280772159504055,1.4294,file_order,45,62,0,14b06aa822178fc1bd8c22b555294578da735fe571efc0be7387252a9f6e011e,public_data/benchmark/gate0/temperature_panel2/models/1koyA00_rfd3_rfd3_inputs_spec-1_0_model_1_T0.1_7.pdb.gz,monomer,full_dbs,2020-05-14,ok,
1koyA00|rfd3|rfd3_inputs_spec-1_0_model_1|T0.1|2,1koyA00|rfd3|rfd3_inputs_spec-1_0_model_1,1koyA00,0.1,rfd3,0.8982623301057843,90.44354838709677,1.078134044825909,1.1933,file_order,45,62,0,14b06aa822178fc1bd8c22b555294578da735fe571efc0be7387252a9f6e011e,public_data/benchmark/gate0/temperature_panel2/models/1koyA00_rfd3_rfd3_inputs_spec-1_0_model_1_T0.1_2.pdb.gz,monomer,full_dbs,2020-05-14,ok,
1koyA00|rfd3|rfd3_inputs_spec-1_0_model_1|T0.1|6,1koyA00|rfd3|rfd3_inputs_spec-1_0_model_1,1koyA00,0.1,rfd3,0.9335522274288027,91.07645161290323,0.6714152987716865,0.7648,file_order,45,62,0,14b06aa822178fc1bd8c22b555294578da735fe571efc0be7387252a9f6e011e,public_data/benchmark/gate0/temperature_panel2/models/1koyA00_rfd3_rfd3_inputs_spec-1_0_model_1_T0.1_6.pdb.gz,monomer,full_dbs,2020-05-14,ok,
1koyA00|rfd3|rfd3_inputs_spec-1_0_model_1|T0.2|2,1koyA00|rfd3|rfd3_inputs_spec-1_0_model_1,1koyA00,0.2,rfd3,0.9311102934285379,88.34758064516129,1.0899890932607483,1.2517,file_order,45,62,0,14b06aa822178fc1bd8c22b555294578da735fe571efc0be7387252a9f6e011e,public_data/benchmark/gate0/temperature_panel2/models/1koyA00_rfd3_rfd3_inputs_spec-1_0_model_1_T0.2_2.pdb.gz,monomer,full_dbs,2020-05-14,ok,
1koyA00|rfd3|rfd3_inputs_spec-1_0_model_1|T0.2|0,1koyA00|rfd3|rfd3_inputs_spec-1_0_model_1,1koyA00,0.2,rfd3,0.9456014597731689,89.12032258064517,1.139044312778921,1.3086,file_order,45,62,0,14b06aa822178fc1bd8c22b555294578da735fe571efc0be7387252a9f6e011e,public_data/benchmark/gate0/temperature_panel2/models/1koyA00_rfd3_rfd3_inputs_spec-1_0_model_1_T0.2_0.pdb.gz,monomer,full_dbs,2020-05-14,ok,
1koyA00|rfd3|rfd3_inputs_spec-1_0_model_1|T0.2|4,1koyA00|rfd3|rfd3_inputs_spec-1_0_model_1,1koyA00,0.2,rfd3,0.7697848536211257,92.31403225806451,1.0202377936654672,1.142,file_order,45,62,0,14b06aa822178fc1bd8c22b555294578da735fe571efc0be7387252a9f6e011e,public_data/benchmark/gate0/temperature_panel2/models/1koyA00_rfd3_rfd3_inputs_spec-1_0_model_1_T0.2_4.pdb.gz,monomer,full_dbs,2020-05-14,ok,
1koyA00|rfd3|rfd3_inputs_spec-1_0_model_1|T0.2|3,1koyA00|rfd3|rfd3_inputs_spec-1_0_model_1,1koyA00,0.2,rfd3,0.7455160150339215,90.37306451612903,1.1743467840667976,1.3348,file_order,45,62,0,14b06aa822178fc1bd8c22b555294578da735fe571efc0be7387252a9f6e011e,public_data/benchmark/gate0/temperature_panel2/models/1koyA00_rfd3_rfd3_inputs_spec-1_0_model_1_T0.2_3.pdb.gz,monomer,full_dbs,2020-05-14,ok,
1koyA00|rfd3|rfd3_inputs_spec-1_0_model_1|T0.2|5,1koyA00|rfd3|rfd3_inputs_spec-1_0_model_1,1koyA00,0.2,rfd3,0.9246378351186454,80.84161290322581,9.176266819119013,9.8545,file_order,45,62,0,14b06aa822178fc1bd8c22b555294578da735fe571efc0be7387252a9f6e011e,public_data/benchmark/gate0/temperature_panel2/models/1koyA00_rfd3_rfd3_inputs_spec-1_0_model_1_T0.2_5.pdb.gz,monomer,full_dbs,2020-05-14,ok,
1koyA00|rfd3|rfd3_inputs_spec-1_0_model_1|T0.2|6,1koyA00|rfd3|rfd3_inputs_spec-1_0_model_1,1koyA00,0.2,rfd3,0.8205384805926733,94.49193548387096,1.2585877244391812,1.399,file_order,45,62,0,14b06aa822178fc1bd8c22b555294578da735fe571efc0be7387252a9f6e011e,public_data/benchmark/gate0/temperature_panel2/models/1koyA00_rfd3_rfd3_inputs_spec-1_0_model_1_T0.2_6.pdb.gz,monomer,full_dbs,2020-05-14,ok,
1koyA00|rfd3|rfd3_inputs_spec-1_0_model_1|T0.2|1,1koyA00|rfd3|rfd3_inputs_spec-1_0_model_1,1koyA00,0.2,rfd3,0.7703560209982538,89.88645161290323,1.0323268804020937,1.1562,file_order,45,62,0,14b06aa822178fc1bd8c22b555294578da735fe571efc0be7387252a9f6e011e,public_data/benchmark/gate0/temperature_panel2/models/1koyA00_rfd3_rfd3_inputs_spec-1_0_model_1_T0.2_1.pdb.gz,monomer,full_dbs,2020-05-14,ok,
1koyA00|rfd3|rfd3_inputs_spec-1_0_model_1|T0.3|0,1koyA00|rfd3|rfd3_inputs_spec-1_0_model_1,1koyA00,0.3,rfd3,0.7599231199319225,90.70322580645161,0.7752575888481601,0.8263,file_order,45,62,0,14b06aa822178fc1bd8c22b555294578da735fe571efc0be7387252a9f6e011e,public_data/benchmark/gate0/temperature_panel2/models/1koyA00_rfd3_rfd3_inputs_spec-1_0_model_1_T0.3_0.pdb.gz,monomer,full_dbs,2020-05-14,ok,
1koyA00|rfd3|rfd3_inputs_spec-1_0_model_1|T0.2|7,1koyA00|rfd3|rfd3_inputs_spec-1_0_model_1,1koyA00,0.2,rfd3,0.6480143835746491,90.69419354838709,1.4144103339021294,1.5018,file_order,45,62,0,14b06aa822178fc1bd8c22b555294578da735fe571efc0be7387252a9f6e011e,public_data/benchmark/gate0/temperature_panel2/models/1koyA00_rfd3_rfd3_inputs_spec-1_0_model_1_T0.2_7.pdb.gz,monomer,full_dbs,2020-05-14,ok,
1koyA00|rfd3|rfd3_inputs_spec-1_0_model_1|T0.3|2,1koyA00|rfd3|rfd3_inputs_spec-1_0_model_1,1koyA00,0.3,rfd3,0.6560648348835355,90.09096774193549,1.0310674497865533,1.197,file_order,45,62,0,14b06aa822178fc1bd8c22b555294578da735fe571efc0be7387252a9f6e011e,public_data/benchmark/gate0/temperature_panel2/models/1koyA00_rfd3_rfd3_inputs_spec-1_0_model_1_T0.3_2.pdb.gz,monomer,full_dbs,2020-05-14,ok,
1koyA00|rfd3|rfd3_inputs_spec-1_0_model_1|T0.3|3,1koyA00|rfd3|rfd3_inputs_spec-1_0_model_1,1koyA00,0.3,rfd3,0.881202906041175,90.62209677419354,0.7549739484834391,0.8985,file_order,45,62,0,14b06aa822178fc1bd8c22b555294578da735fe571efc0be7387252a9f6e011e,public_data/benchmark/gate0/temperature_panel2/models/1koyA00_rfd3_rfd3_inputs_spec-1_0_model_1_T0.3_3.pdb.gz,monomer,full_dbs,2020-05-14,ok,
1koyA00|rfd3|rfd3_inputs_spec-1_0_model_1|T0.3|4,1koyA00|rfd3|rfd3_inputs_spec-1_0_model_1,1koyA00,0.3,rfd3,0.8770904377733656,88.84887096774193,1.0956512156333995,1.2525,file_order,45,62,0,14b06aa822178fc1bd8c22b555294578da735fe571efc0be7387252a9f6e011e,public_data/benchmark/gate0/temperature_panel2/models/1koyA00_rfd3_rfd3_inputs_spec-1_0_model_1_T0.3_4.pdb.gz,monomer,full_dbs,2020-05-14,ok,
1koyA00|rfd3|rfd3_inputs_spec-1_0_model_1|T0.3|5,1koyA00|rfd3|rfd3_inputs_spec-1_0_model_1,1koyA00,0.3,rfd3,0.8422198810103355,89.69322580645161,0.8426727366300781,0.9419,file_order,45,62,0,14b06aa822178fc1bd8c22b555294578da735fe571efc0be7387252a9f6e011e,public_data/benchmark/gate0/temperature_panel2/models/1koyA00_rfd3_rfd3_inputs_spec-1_0_model_1_T0.3_5.pdb.gz,monomer,full_dbs,2020-05-14,ok,
1koyA00|rfd3|rfd3_inputs_spec-1_0_model_1|T0.3|1,1koyA00|rfd3|rfd3_inputs_spec-1_0_model_1,1koyA00,0.3,rfd3,0.9381965337364114,88.05193548387098,1.0325796252861141,1.1749,file_order,45,62,0,14b06aa822178fc1bd8c22b555294578da735fe571efc0be7387252a9f6e011e,public_data/benchmark/gate0/temperature_panel2/models/1koyA00_rfd3_rfd3_inputs_spec-1_0_model_1_T0.3_1.pdb.gz,monomer,full_dbs,2020-05-14,ok,
1koyA00|rfd3|rfd3_inputs_spec-1_0_model_1|T0.3|7,1koyA00|rfd3|rfd3_inputs_spec-1_0_model_1,1koyA00,0.3,rfd3,0.9115656563663839,88.7117741935484,1.2241334209118324,1.5174,file_order,45,62,0,14b06aa822178fc1bd8c22b555294578da735fe571efc0be7387252a9f6e011e,public_data/benchmark/gate0/temperature_panel2/models/1koyA00_rfd3_rfd3_inputs_spec-1_0_model_1_T0.3_7.pdb.gz,monomer,full_dbs,2020-05-14,ok,
1koyA00|rfd3|rfd3_inputs_spec-1_0_model_1|T0.3|6,1koyA00|rfd3|rfd3_inputs_spec-1_0_model_1,1koyA00,0.3,rfd3,0.6949206599159324,89.62467741935482,1.2614329939946503,1.393,file_order,45,62,0,14b06aa822178fc1bd8c22b555294578da735fe571efc0be7387252a9f6e011e,public_data/benchmark/gate0/temperature_panel2/models/1koyA00_rfd3_rfd3_inputs_spec-1_0_model_1_T0.3_6.pdb.gz,monomer,full_dbs,2020-05-14,ok,
1af7A01|rfd3|rfd3_inputs_spec-1_0_model_2|T0.05|1,1af7A01|rfd3|rfd3_inputs_spec-1_0_model_2,1af7A01,0.05,rfd3,0.6915959749483714,86.33091240875912,1.204346624064917,2.1169,file_order,178,274,0,703c7b3abc776a821f06312f6df1634c4618ba7ba3a80cbfd7ba27f9c6defdb2,public_data/benchmark/gate0/temperature_panel2/models/1af7A01_rfd3_rfd3_inputs_spec-1_0_model_2_T0.05_1.pdb.gz,monomer,full_dbs,2020-05-14,ok,
1af7A01|rfd3|rfd3_inputs_spec-1_0_model_2|T0.05|2,1af7A01|rfd3|rfd3_inputs_spec-1_0_model_2,1af7A01,0.05,rfd3,0.7831695630541056,93.00124087591242,1.0934040612137303,1.4979,file_order,178,274,0,703c7b3abc776a821f06312f6df1634c4618ba7ba3a80cbfd7ba27f9c6defdb2,public_data/benchmark/gate0/temperature_panel2/models/1af7A01_rfd3_rfd3_inputs_spec-1_0_model_2_T0.05_2.pdb.gz,monomer,full_dbs,2020-05-14,ok,
1af7A01|rfd3|rfd3_inputs_spec-1_0_model_2|T0.05|0,1af7A01|rfd3|rfd3_inputs_spec-1_0_model_2,1af7A01,0.05,rfd3,0.8067078992940426,92.8765693430657,1.233141765257654,2.1966,file_order,178,274,0,703c7b3abc776a821f06312f6df1634c4618ba7ba3a80cbfd7ba27f9c6defdb2,public_data/benchmark/gate0/temperature_panel2/models/1af7A01_rfd3_rfd3_inputs_spec-1_0_model_2_T0.05_0.pdb.gz,monomer,full_dbs,2020-05-14,ok,
1af7A01|rfd3|rfd3_inputs_spec-1_0_model_2|T0.05|3,1af7A01|rfd3|rfd3_inputs_spec-1_0_model_2,1af7A01,0.05,rfd3,0.8096499466118117,92.98474452554744,1.3643720790533316,2.3338,file_order,178,274,0,703c7b3abc776a821f06312f6df1634c4618ba7ba3a80cbfd7ba27f9c6defdb2,public_data/benchmark/gate0/temperature_panel2/models/1af7A01_rfd3_rfd3_inputs_spec-1_0_model_2_T0.05_3.pdb.gz,monomer,full_dbs,2020-05-14,ok,
1af7A01|rfd3|rfd3_inputs_spec-1_0_model_2|T0.05|4,1af7A01|rfd3|rfd3_inputs_spec-1_0_model_2,1af7A01,0.05,rfd3,0.7693547805454715,91.42441605839416,1.0416456511368168,2.0475,file_order,178,274,0,703c7b3abc776a821f06312f6df1634c4618ba7ba3a80cbfd7ba27f9c6defdb2,public_data/benchmark/gate0/temperature_panel2/models/1af7A01_rfd3_rfd3_inputs_spec-1_0_model_2_T0.05_4.pdb.gz,monomer,full_dbs,2020-05-14,ok,
1af7A01|rfd3|rfd3_inputs_spec-1_0_model_2|T0.05|5,1af7A01|rfd3|rfd3_inputs_spec-1_0_model_2,1af7A01,0.05,rfd3,0.7945946416452959,93.25846715328467,1.0807704773860767,1.9755,file_order,178,274,0,703c7b3abc776a821f06312f6df1634c4618ba7ba3a80cbfd7ba27f9c6defdb2,public_data/benchmark/gate0/temperature_panel2/models/1af7A01_rfd3_rfd3_inputs_spec-1_0_model_2_T0.05_5.pdb.gz,monomer,full_dbs,2020-05-14,ok,
1af7A01|rfd3|rfd3_inputs_spec-1_0_model_2|T0.05|7,1af7A01|rfd3|rfd3_inputs_spec-1_0_model_2,1af7A01,0.05,rfd3,0.760828349711386,92.04923357664234,1.4883233102032913,2.2797,file_order,178,274,0,703c7b3abc776a821f06312f6df1634c4618ba7ba3a80cbfd7ba27f9c6defdb2,public_data/benchmark/gate0/temperature_panel2/models/1af7A01_rfd3_rfd3_inputs_spec-1_0_model_2_T0.05_7.pdb.gz,monomer,full_dbs,2020-05-14,ok,
1af7A01|rfd3|rfd3_inputs_spec-1_0_model_2|T0.1|1,1af7A01|rfd3|rfd3_inputs_spec-1_0_model_2,1af7A01,0.1,rfd3,0.8077301952265961,94.00299270072992,0.9961751181029737,2.4727,file_order,178,274,0,703c7b3abc776a821f06312f6df1634c4618ba7ba3a80cbfd7ba27f9c6defdb2,public_data/benchmark/gate0/temperature_panel2/models/1af7A01_rfd3_rfd3_inputs_spec-1_0_model_2_T0.1_1.pdb.gz,monomer,full_dbs,2020-05-14,ok,
1af7A01|rfd3|rfd3_inputs_spec-1_0_model_2|T0.1|0,1af7A01|rfd3|rfd3_inputs_spec-1_0_model_2,1af7A01,0.1,rfd3,0.793041565835999,90.5714598540146,1.641803583099739,2.1377,file_order,178,274,0,703c7b3abc776a821f06312f6df1634c4618ba7ba3a80cbfd7ba27f9c6defdb2,public_data/benchmark/gate0/temperature_panel2/models/1af7A01_rfd3_rfd3_inputs_spec-1_0_model_2_T0.1_0.pdb.gz,monomer,full_dbs,2020-05-14,ok,
1af7A01|rfd3|rfd3_inputs_spec-1_0_model_2|T0.1|2,1af7A01|rfd3|rfd3_inputs_spec-1_0_model_2,1af7A01,0.1,rfd3,0.6705140510075521,91.72857664233577,1.1525706330917767,1.5609,file_order,178,274,0,703c7b3abc776a821f06312f6df1634c4618ba7ba3a80cbfd7ba27f9c6defdb2,public_data/benchmark/gate0/temperature_panel2/models/1af7A01_rfd3_rfd3_inputs_spec-1_0_model_2_T0.1_2.pdb.gz,monomer,full_dbs,2020-05-14,ok,
1af7A01|rfd3|rfd3_inputs_spec-1_0_model_2|T0.1|3,1af7A01|rfd3|rfd3_inputs_spec-1_0_model_2,1af7A01,0.1,rfd3,0.7527681385726482,91.52627737226278,1.2844225836049294,2.095,file_order,178,274,0,703c7b3abc776a821f06312f6df1634c4618ba7ba3a80cbfd7ba27f9c6defdb2,public_data/benchmark/gate0/temperature_panel2/models/1af7A01_rfd3_rfd3_inputs_spec-1_0_model_2_T0.1_3.pdb.gz,monomer,full_dbs,2020-05-14,ok,
1af7A01|rfd3|rfd3_inputs_spec-1_0_model_2|T0.1|4,1af7A01|rfd3|rfd3_inputs_spec-1_0_model_2,1af7A01,0.1,rfd3,0.8022302158277829,93.24598540145986,0.9937836197068979,2.7956,file_order,178,274,0,703c7b3abc776a821f06312f6df1634c4618ba7ba3a80cbfd7ba27f9c6defdb2,public_data/benchmark/gate0/temperature_panel2/models/1af7A01_rfd3_rfd3_inputs_spec-1_0_model_2_T0.1_4.pdb.gz,monomer,full_dbs,2020-05-14,ok,
1af7A01|rfd3|rfd3_inputs_spec-1_0_model_2|T0.1|5,1af7A01|rfd3|rfd3_inputs_spec-1_0_model_2,1af7A01,0.1,rfd3,0.787354326395954,91.18660583941606,1.4028898482788874,2.629,file_order,178,274,0,703c7b3abc776a821f06312f6df1634c4618ba7ba3a80cbfd7ba27f9c6defdb2,public_data/benchmark/gate0/temperature_panel2/models/1af7A01_rfd3_rfd3_inputs_spec-1_0_model_2_T0.1_5.pdb.gz,monomer,full_dbs,2020-05-14,ok,
1af7A01|rfd3|rfd3_inputs_spec-1_0_model_2|T0.1|6,1af7A01|rfd3|rfd3_inputs_spec-1_0_model_2,1af7A01,0.1,rfd3,0.7914798287739294,91.80284671532847,1.170266503696968,2.0001,file_order,178,274,0,703c7b3abc776a821f06312f6df1634c4618ba7ba3a80cbfd7ba27f9c6defdb2,public_data/benchmark/gate0/temperature_panel2/models/1af7A01_rfd3_rfd3_inputs_spec-1_0_model_2_T0.1_6.pdb.gz,monomer,full_dbs,2020-05-14,ok,
1af7A01|rfd3|rfd3_inputs_spec-1_0_model_2|T0.1|7,1af7A01|rfd3|rfd3_inputs_spec-1_0_model_2,1af7A01,0.1,rfd3,0.7349725994665188,90.44635036496351,1.3172064592679467,3.262,file_order,178,274,0,703c7b3abc776a821f06312f6df1634c4618ba7ba3a80cbfd7ba27f9c6defdb2,public_data/benchmark/gate0/temperature_panel2/models/1af7A01_rfd3_rfd3_inputs_spec-1_0_model_2_T0.1_7.pdb.gz,monomer,full_dbs,2020-05-14,ok,
1af7A01|rfd3|rfd3_inputs_spec-1_0_model_2|T0.2|0,1af7A01|rfd3|rfd3_inputs_spec-1_0_model_2,1af7A01,0.2,rfd3,0.7509979150562927,90.77543795620439,1.2913004335229785,2.8436,file_order,178,274,0,703c7b3abc776a821f06312f6df1634c4618ba7ba3a80cbfd7ba27f9c6defdb2,public_data/benchmark/gate0/temperature_panel2/models/1af7A01_rfd3_rfd3_inputs_spec-1_0_model_2_T0.2_0.pdb.gz,monomer,full_dbs,2020-05-14,ok,
1af7A01|rfd3|rfd3_inputs_spec-1_0_model_2|T0.2|1,1af7A01|rfd3|rfd3_inputs_spec-1_0_model_2,1af7A01,0.2,rfd3,0.6801163540891597,91.4528102189781,1.5193856190965604,2.6948,file_order,178,274,0,703c7b3abc776a821f06312f6df1634c4618ba7ba3a80cbfd7ba27f9c6defdb2,public_data/benchmark/gate0/temperature_panel2/models/1af7A01_rfd3_rfd3_inputs_spec-1_0_model_2_T0.2_1.pdb.gz,monomer,full_dbs,2020-05-14,ok,
1af7A01|rfd3|rfd3_inputs_spec-1_0_model_2|T0.2|2,1af7A01|rfd3|rfd3_inputs_spec-1_0_model_2,1af7A01,0.2,rfd3,0.7385118488975507,90.24890510948906,1.2344118911297406,2.3937,file_order,178,274,0,703c7b3abc776a821f06312f6df1634c4618ba7ba3a80cbfd7ba27f9c6defdb2,public_data/benchmark/gate0/temperature_panel2/models/1af7A01_rfd3_rfd3_inputs_spec-1_0_model_2_T0.2_2.pdb.gz,monomer,full_dbs,2020-05-14,ok,
1af7A01|rfd3|rfd3_inputs_spec-1_0_model_2|T0.2|3,1af7A01|rfd3|rfd3_inputs_spec-1_0_model_2,1af7A01,0.2,rfd3,0.8113316397503255,93.19054744525548,1.1994853277419233,1.829,file_order,178,274,0,703c7b3abc776a821f06312f6df1634c4618ba7ba3a80cbfd7ba27f9c6defdb2,public_data/benchmark/gate0/temperature_panel2/models/1af7A01_rfd3_rfd3_inputs_spec-1_0_model_2_T0.2_3.pdb.gz,monomer,full_dbs,2020-05-14,ok,
1af7A01|rfd3|rfd3_inputs_spec-1_0_model_2|T0.2|4,1af7A01|rfd3|rfd3_inputs_spec-1_0_model_2,1af7A01,0.2,rfd3,0.6711587659523319,91.68591240875912,1.0736151075166893,1.9125,file_order,178,274,0,703c7b3abc776a821f06312f6df1634c4618ba7ba3a80cbfd7ba27f9c6defdb2,public_data/benchmark/gate0/temperature_panel2/models/1af7A01_rfd3_rfd3_inputs_spec-1_0_model_2_T0.2_4.pdb.gz,monomer,full_dbs,2020-05-14,ok,
1af7A01|rfd3|rfd3_inputs_spec-1_0_model_2|T0.2|5,1af7A01|rfd3|rfd3_inputs_spec-1_0_model_2,1af7A01,0.2,rfd3,0.7394973498994242,90.8471897810219,1.4034842409194324,2.2583,file_order,178,274,0,703c7b3abc776a821f06312f6df1634c4618ba7ba3a80cbfd7ba27f9c6defdb2,public_data/benchmark/gate0/temperature_panel2/models/1af7A01_rfd3_rfd3_inputs_spec-1_0_model_2_T0.2_5.pdb.gz,monomer,full_dbs,2020-05-14,ok,
1af7A01|rfd3|rfd3_inputs_spec-1_0_model_2|T0.2|7,1af7A01|rfd3|rfd3_inputs_spec-1_0_model_2,1af7A01,0.2,rfd3,0.7144468217329437,91.59693430656935,1.3227136937395547,1.9954,file_order,178,274,0,703c7b3abc776a821f06312f6df1634c4618ba7ba3a80cbfd7ba27f9c6defdb2,public_data/benchmark/gate0/temperature_panel2/models/1af7A01_rfd3_rfd3_inputs_spec-1_0_model_2_T0.2_7.pdb.gz,monomer,full_dbs,2020-05-14,ok,
1af7A01|rfd3|rfd3_inputs_spec-1_0_model_2|T0.2|6,1af7A01|rfd3|rfd3_inputs_spec-1_0_model_2,1af7A01,0.2,rfd3,0.7128059481771285,90.81919708029197,1.0926344670053967,1.5519,file_order,178,274,0,703c7b3abc776a821f06312f6df1634c4618ba7ba3a80cbfd7ba27f9c6defdb2,public_data/benchmark/gate0/temperature_panel2/models/1af7A01_rfd3_rfd3_inputs_spec-1_0_model_2_T0.2_6.pdb.gz,monomer,full_dbs,2020-05-14,ok,
1af7A01|rfd3|rfd3_inputs_spec-1_0_model_2|T0.3|0,1af7A01|rfd3|rfd3_inputs_spec-1_0_model_2,1af7A01,0.3,rfd3,0.785392407006525,92.25868613138687,0.9754489867258183,1.8567,file_order,178,274,0,703c7b3abc776a821f06312f6df1634c4618ba7ba3a80cbfd7ba27f9c6defdb2,public_data/benchmark/gate0/temperature_panel2/models/1af7A01_rfd3_rfd3_inputs_spec-1_0_model_2_T0.3_0.pdb.gz,monomer,full_dbs,2020-05-14,ok,
1af7A01|rfd3|rfd3_inputs_spec-1_0_model_2|T0.3|1,1af7A01|rfd3|rfd3_inputs_spec-1_0_model_2,1af7A01,0.3,rfd3,0.7543946723969924,90.48189781021898,1.1330892068711773,3.2016,file_order,178,274,0,703c7b3abc776a821f06312f6df1634c4618ba7ba3a80cbfd7ba27f9c6defdb2,public_data/benchmark/gate0/temperature_panel2/models/1af7A01_rfd3_rfd3_inputs_spec-1_0_model_2_T0.3_1.pdb.gz,monomer,full_dbs,2020-05-14,ok,
1af7A01|rfd3|rfd3_inputs_spec-1_0_model_2|T0.3|2,1af7A01|rfd3|rfd3_inputs_spec-1_0_model_2,1af7A01,0.3,rfd3,0.7850230861861163,91.81105839416058,0.927693861196187,1.5316,file_order,178,274,0,703c7b3abc776a821f06312f6df1634c4618ba7ba3a80cbfd7ba27f9c6defdb2,public_data/benchmark/gate0/temperature_panel2/models/1af7A01_rfd3_rfd3_inputs_spec-1_0_model_2_T0.3_2.pdb.gz,monomer,full_dbs,2020-05-14,ok,
1af7A01|rfd3|rfd3_inputs_spec-1_0_model_2|T0.3|3,1af7A01|rfd3|rfd3_inputs_spec-1_0_model_2,1af7A01,0.3,rfd3,0.758295576709395,93.11678832116789,0.99572879999941,1.9103,file_order,178,274,0,703c7b3abc776a821f06312f6df1634c4618ba7ba3a80cbfd7ba27f9c6defdb2,public_data/benchmark/gate0/temperature_panel2/models/1af7A01_rfd3_rfd3_inputs_spec-1_0_model_2_T0.3_3.pdb.gz,monomer,full_dbs,2020-05-14,ok,
1af7A01|rfd3|rfd3_inputs_spec-1_0_model_2|T0.3|6,1af7A01|rfd3|rfd3_inputs_spec-1_0_model_2,1af7A01,0.3,rfd3,0.7174157599730161,92.50492700729926,1.2365292964877501,1.6662,file_order,178,274,0,703c7b3abc776a821f06312f6df1634c4618ba7ba3a80cbfd7ba27f9c6defdb2,public_data/benchmark/gate0/temperature_panel2/models/1af7A01_rfd3_rfd3_inputs_spec-1_0_model_2_T0.3_6.pdb.gz,monomer,full_dbs,2020-05-14,ok,
1af7A01|rfd3|rfd3_inputs_spec-1_0_model_2|T0.3|5,1af7A01|rfd3|rfd3_inputs_spec-1_0_model_2,1af7A01,0.3,rfd3,0.7416010208086876,91.1566788321168,1.0746153784279682,1.835,file_order,178,274,0,703c7b3abc776a821f06312f6df1634c4618ba7ba3a80cbfd7ba27f9c6defdb2,public_data/benchmark/gate0/temperature_panel2/models/1af7A01_rfd3_rfd3_inputs_spec-1_0_model_2_T0.3_5.pdb.gz,monomer,full_dbs,2020-05-14,ok,
2jneA00|rfd3|rfd3_inputs_spec-1_0_model_1|T0.05|0,2jneA00|rfd3|rfd3_inputs_spec-1_0_model_1,2jneA00,0.05,rfd3,0.6800067487229701,90.16211267605634,0.619965219644736,0.8568,file_order,39,71,0,fbb8696dadbaf5a586438fc8e5228512acccbea09485fb8c484195d42d5f6d0f,public_data/benchmark/gate0/temperature_panel2/models/2jneA00_rfd3_rfd3_inputs_spec-1_0_model_1_T0.05_0.pdb.gz,monomer,full_dbs,2020-05-14,ok,
1af7A01|rfd3|rfd3_inputs_spec-1_0_model_2|T0.3|7,1af7A01|rfd3|rfd3_inputs_spec-1_0_model_2,1af7A01,0.3,rfd3,0.7900305362974526,92.0079197080292,1.6918993975279588,3.0373,file_order,178,274,0,703c7b3abc776a821f06312f6df1634c4618ba7ba3a80cbfd7ba27f9c6defdb2,public_data/benchmark/gate0/temperature_panel2/models/1af7A01_rfd3_rfd3_inputs_spec-1_0_model_2_T0.3_7.pdb.gz,monomer,full_dbs,2020-05-14,ok,
2jneA00|rfd3|rfd3_inputs_spec-1_0_model_1|T0.05|1,2jneA00|rfd3|rfd3_inputs_spec-1_0_model_1,2jneA00,0.05,rfd3,0.6975151325784923,89.72521126760563,1.985438703761478,2.4076,file_order,39,71,0,fbb8696dadbaf5a586438fc8e5228512acccbea09485fb8c484195d42d5f6d0f,public_data/benchmark/gate0/temperature_panel2/models/2jneA00_rfd3_rfd3_inputs_spec-1_0_model_1_T0.05_1.pdb.gz,monomer,full_dbs,2020-05-14,ok,
2jneA00|rfd3|rfd3_inputs_spec-1_0_model_1|T0.05|2,2jneA00|rfd3|rfd3_inputs_spec-1_0_model_1,2jneA00,0.05,rfd3,0.6231872349320107,91.39098591549296,1.5281232553703872,1.9143,file_order,39,71,0,fbb8696dadbaf5a586438fc8e5228512acccbea09485fb8c484195d42d5f6d0f,public_data/benchmark/gate0/temperature_panel2/models/2jneA00_rfd3_rfd3_inputs_spec-1_0_model_1_T0.05_2.pdb.gz,monomer,full_dbs,2020-05-14,ok,
2jneA00|rfd3|rfd3_inputs_spec-1_0_model_1|T0.05|3,2jneA00|rfd3|rfd3_inputs_spec-1_0_model_1,2jneA00,0.05,rfd3,0.7230089928282406,92.53014084507042,1.3321970571611217,1.9366,file_order,39,71,0,fbb8696dadbaf5a586438fc8e5228512acccbea09485fb8c484195d42d5f6d0f,public_data/benchmark/gate0/temperature_panel2/models/2jneA00_rfd3_rfd3_inputs_spec-1_0_model_1_T0.05_3.pdb.gz,monomer,full_dbs,2020-05-14,ok,
2jneA00|rfd3|rfd3_inputs_spec-1_0_model_1|T0.05|4,2jneA00|rfd3|rfd3_inputs_spec-1_0_model_1,2jneA00,0.05,rfd3,0.6830637023872259,91.74521126760563,1.0378723142699913,1.4966,file_order,39,71,0,fbb8696dadbaf5a586438fc8e5228512acccbea09485fb8c484195d42d5f6d0f,public_data/benchmark/gate0/temperature_panel2/models/2jneA00_rfd3_rfd3_inputs_spec-1_0_model_1_T0.05_4.pdb.gz,monomer,full_dbs,2020-05-14,ok,
2jneA00|rfd3|rfd3_inputs_spec-1_0_model_1|T0.05|5,2jneA00|rfd3|rfd3_inputs_spec-1_0_model_1,2jneA00,0.05,rfd3,0.6185457607315735,91.18957746478873,1.4645976026556302,1.8149,file_order,39,71,0,fbb8696dadbaf5a586438fc8e5228512acccbea09485fb8c484195d42d5f6d0f,public_data/benchmark/gate0/temperature_panel2/models/2jneA00_rfd3_rfd3_inputs_spec-1_0_model_1_T0.05_5.pdb.gz,monomer,full_dbs,2020-05-14,ok,
2jneA00|rfd3|rfd3_inputs_spec-1_0_model_1|T0.05|6,2jneA00|rfd3|rfd3_inputs_spec-1_0_model_1,2jneA00,0.05,rfd3,0.7487263513654737,89.54985915492958,1.2326469972936343,1.8782,file_order,39,71,0,fbb8696dadbaf5a586438fc8e5228512acccbea09485fb8c484195d42d5f6d0f,public_data/benchmark/gate0/temperature_panel2/models/2jneA00_rfd3_rfd3_inputs_spec-1_0_model_1_T0.05_6.pdb.gz,monomer,full_dbs,2020-05-14,ok,
2jneA00|rfd3|rfd3_inputs_spec-1_0_model_1|T0.05|7,2jneA00|rfd3|rfd3_inputs_spec-1_0_model_1,2jneA00,0.05,rfd3,0.7324961142425067,90.43394366197184,0.8368213165715744,1.236,file_order,39,71,0,fbb8696dadbaf5a586438fc8e5228512acccbea09485fb8c484195d42d5f6d0f,public_data/benchmark/gate0/temperature_panel2/models/2jneA00_rfd3_rfd3_inputs_spec-1_0_model_1_T0.05_7.pdb.gz,monomer,full_dbs,2020-05-14,ok,
2jneA00|rfd3|rfd3_inputs_spec-1_0_model_1|T0.1|0,2jneA00|rfd3|rfd3_inputs_spec-1_0_model_1,2jneA00,0.1,rfd3,0.5854900264388382,94.28225352112676,2.0101934331168434,2.4425,file_order,39,71,0,fbb8696dadbaf5a586438fc8e5228512acccbea09485fb8c484195d42d5f6d0f,public_data/benchmark/gate0/temperature_panel2/models/2jneA00_rfd3_rfd3_inputs_spec-1_0_model_1_T0.1_0.pdb.gz,monomer,full_dbs,2020-05-14,ok,
2jneA00|rfd3|rfd3_inputs_spec-1_0_model_1|T0.1|1,2jneA00|rfd3|rfd3_inputs_spec-1_0_model_1,2jneA00,0.1,rfd3,0.6492569492817576,94.18098591549297,1.6020091487255117,2.1688,file_order,39,71,0,fbb8696dadbaf5a586438fc8e5228512acccbea09485fb8c484195d42d5f6d0f,public_data/benchmark/gate0/temperature_panel2/models/2jneA00_rfd3_rfd3_inputs_spec-1_0_model_1_T0.1_1.pdb.gz,monomer,full_dbs,2020-05-14,ok,
2jneA00|rfd3|rfd3_inputs_spec-1_0_model_1|T0.1|3,2jneA00|rfd3|rfd3_inputs_spec-1_0_model_1,2jneA00,0.1,rfd3,0.5861734992975061,90.67577464788732,1.0889149812499452,1.7177,file_order,39,71,0,fbb8696dadbaf5a586438fc8e5228512acccbea09485fb8c484195d42d5f6d0f,public_data/benchmark/gate0/temperature_panel2/models/2jneA00_rfd3_rfd3_inputs_spec-1_0_model_1_T0.1_3.pdb.gz,monomer,full_dbs,2020-05-14,ok,
2jneA00|rfd3|rfd3_inputs_spec-1_0_model_1|T0.1|4,2jneA00|rfd3|rfd3_inputs_spec-1_0_model_1,2jneA00,0.1,rfd3,0.6873169826549892,91.9781690140845,1.4076806052864437,1.7615,file_order,39,71,0,fbb8696dadbaf5a586438fc8e5228512acccbea09485fb8c484195d42d5f6d0f,public_data/benchmark/gate0/temperature_panel2/models/2jneA00_rfd3_rfd3_inputs_spec-1_0_model_1_T0.1_4.pdb.gz,monomer,full_dbs,2020-05-14,ok,
2jneA00|rfd3|rfd3_inputs_spec-1_0_model_1|T0.1|2,2jneA00|rfd3|rfd3_inputs_spec-1_0_model_1,2jneA00,0.1,rfd3,0.6498981507150097,90.43971830985916,1.7248356288245437,2.073,file_order,39,71,0,fbb8696dadbaf5a586438fc8e5228512acccbea09485fb8c484195d42d5f6d0f,public_data/benchmark/gate0/temperature_panel2/models/2jneA00_rfd3_rfd3_inputs_spec-1_0_model_1_T0.1_2.pdb.gz,monomer,full_dbs,2020-05-14,ok,
2jneA00|rfd3|rfd3_inputs_spec-1_0_model_1|T0.1|5,2jneA00|rfd3|rfd3_inputs_spec-1_0_model_1,2jneA00,0.1,rfd3,0.6569152390133428,91.2049295774648,1.6832259211582217,1.9807,file_order,39,71,0,fbb8696dadbaf5a586438fc8e5228512acccbea09485fb8c484195d42d5f6d0f,public_data/benchmark/gate0/temperature_panel2/models/2jneA00_rfd3_rfd3_inputs_spec-1_0_model_1_T0.1_5.pdb.gz,monomer,full_dbs,2020-05-14,ok,
2jneA00|rfd3|rfd3_inputs_spec-1_0_model_1|T0.1|6,2jneA00|rfd3|rfd3_inputs_spec-1_0_model_1,2jneA00,0.1,rfd3,0.7086866723241474,87.45211267605634,1.4762389302143542,1.7984,file_order,39,71,0,fbb8696dadbaf5a586438fc8e5228512acccbea09485fb8c484195d42d5f6d0f,public_data/benchmark/gate0/temperature_panel2/models/2jneA00_rfd3_rfd3_inputs_spec-1_0_model_1_T0.1_6.pdb.gz,monomer,full_dbs,2020-05-14,ok,
2jneA00|rfd3|rfd3_inputs_spec-1_0_model_1|T0.2|0,2jneA00|rfd3|rfd3_inputs_spec-1_0_model_1,2jneA00,0.2,rfd3,0.622525527146738,89.9038028169014,1.724946247112602,2.1967,file_order,39,71,0,fbb8696dadbaf5a586438fc8e5228512acccbea09485fb8c484195d42d5f6d0f,public_data/benchmark/gate0/temperature_panel2/models/2jneA00_rfd3_rfd3_inputs_spec-1_0_model_1_T0.2_0.pdb.gz,monomer,full_dbs,2020-05-14,ok,
2jneA00|rfd3|rfd3_inputs_spec-1_0_model_1|T0.2|1,2jneA00|rfd3|rfd3_inputs_spec-1_0_model_1,2jneA00,0.2,rfd3,0.6613454534351411,92.74915492957746,0.9756531498809561,1.4285,file_order,39,71,0,fbb8696dadbaf5a586438fc8e5228512acccbea09485fb8c484195d42d5f6d0f,public_data/benchmark/gate0/temperature_panel2/models/2jneA00_rfd3_rfd3_inputs_spec-1_0_model_1_T0.2_1.pdb.gz,monomer,full_dbs,2020-05-14,ok,
2jneA00|rfd3|rfd3_inputs_spec-1_0_model_1|T0.1|7,2jneA00|rfd3|rfd3_inputs_spec-1_0_model_1,2jneA00,0.1,rfd3,0.5779506410005207,90.02197183098592,1.1316881474783438,1.3547,file_order,39,71,0,fbb8696dadbaf5a586438fc8e5228512acccbea09485fb8c484195d42d5f6d0f,public_data/benchmark/gate0/temperature_panel2/models/2jneA00_rfd3_rfd3_inputs_spec-1_0_model_1_T0.1_7.pdb.gz,monomer,full_dbs,2020-05-14,ok,
2jneA00|rfd3|rfd3_inputs_spec-1_0_model_1|T0.2|3,2jneA00|rfd3|rfd3_inputs_spec-1_0_model_1,2jneA00,0.2,rfd3,0.6607142722106,91.46887323943662,1.6548943098298006,2.2124,file_order,39,71,0,fbb8696dadbaf5a586438fc8e5228512acccbea09485fb8c484195d42d5f6d0f,public_data/benchmark/gate0/temperature_panel2/models/2jneA00_rfd3_rfd3_inputs_spec-1_0_model_1_T0.2_3.pdb.gz,monomer,full_dbs,2020-05-14,ok,
2jneA00|rfd3|rfd3_inputs_spec-1_0_model_1|T0.2|2,2jneA00|rfd3|rfd3_inputs_spec-1_0_model_1,2jneA00,0.2,rfd3,0.7057704042080284,88.77338028169014,1.446230013568787,1.7636,file_order,39,71,0,fbb8696dadbaf5a586438fc8e5228512acccbea09485fb8c484195d42d5f6d0f,public_data/benchmark/gate0/temperature_panel2/models/2jneA00_rfd3_rfd3_inputs_spec-1_0_model_1_T0.2_2.pdb.gz,monomer,full_dbs,2020-05-14,ok,
2jneA00|rfd3|rfd3_inputs_spec-1_0_model_1|T0.2|5,2jneA00|rfd3|rfd3_inputs_spec-1_0_model_1,2jneA00,0.2,rfd3,0.690937754760599,88.47718309859155,1.0535863658822722,1.5582,file_order,39,71,0,fbb8696dadbaf5a586438fc8e5228512acccbea09485fb8c484195d42d5f6d0f,public_data/benchmark/gate0/temperature_panel2/models/2jneA00_rfd3_rfd3_inputs_spec-1_0_model_1_T0.2_5.pdb.gz,monomer,full_dbs,2020-05-14,ok,
2jneA00|rfd3|rfd3_inputs_spec-1_0_model_1|T0.2|4,2jneA00|rfd3|rfd3_inputs_spec-1_0_model_1,2jneA00,0.2,rfd3,0.6185457607315735,92.74112676056338,1.650402841535241,2.0591,file_order,39,71,0,fbb8696dadbaf5a586438fc8e5228512acccbea09485fb8c484195d42d5f6d0f,public_data/benchmark/gate0/temperature_panel2/models/2jneA00_rfd3_rfd3_inputs_spec-1_0_model_1_T0.2_4.pdb.gz,monomer,full_dbs,2020-05-14,ok,
2jneA00|rfd3|rfd3_inputs_spec-1_0_model_1|T0.2|7,2jneA00|rfd3|rfd3_inputs_spec-1_0_model_1,2jneA00,0.2,rfd3,0.5481600882606846,91.47478873239437,1.0649641499014075,1.502,file_order,39,71,0,fbb8696dadbaf5a586438fc8e5228512acccbea09485fb8c484195d42d5f6d0f,public_data/benchmark/gate0/temperature_panel2/models/2jneA00_rfd3_rfd3_inputs_spec-1_0_model_1_T0.2_7.pdb.gz,monomer,full_dbs,2020-05-14,ok,
2jneA00|rfd3|rfd3_inputs_spec-1_0_model_1|T0.2|6,2jneA00|rfd3|rfd3_inputs_spec-1_0_model_1,2jneA00,0.2,rfd3,0.6530960019697807,93.72084507042254,1.3842501288022873,1.828,file_order,39,71,0,fbb8696dadbaf5a586438fc8e5228512acccbea09485fb8c484195d42d5f6d0f,public_data/benchmark/gate0/temperature_panel2/models/2jneA00_rfd3_rfd3_inputs_spec-1_0_model_1_T0.2_6.pdb.gz,monomer,full_dbs,2020-05-14,ok,
2jneA00|rfd3|rfd3_inputs_spec-1_0_model_1|T0.3|0,2jneA00|rfd3|rfd3_inputs_spec-1_0_model_1,2jneA00,0.3,rfd3,0.614550015037915,92.91169014084507,1.4031501085469875,1.7379,file_order,39,71,0,fbb8696dadbaf5a586438fc8e5228512acccbea09485fb8c484195d42d5f6d0f,public_data/benchmark/gate0/temperature_panel2/models/2jneA00_rfd3_rfd3_inputs_spec-1_0_model_1_T0.3_0.pdb.gz,monomer,full_dbs,2020-05-14,ok,
2jneA00|rfd3|rfd3_inputs_spec-1_0_model_1|T0.3|1,2jneA00|rfd3|rfd3_inputs_spec-1_0_model_1,2jneA00,0.3,rfd3,0.6607142722106,93.9018309859155,1.3740061450650058,2.0062,file_order,39,71,0,fbb8696dadbaf5a586438fc8e5228512acccbea09485fb8c484195d42d5f6d0f,public_data/benchmark/gate0/temperature_panel2/models/2jneA00_rfd3_rfd3_inputs_spec-1_0_model_1_T0.3_1.pdb.gz,monomer,full_dbs,2020-05-14,ok,
2jneA00|rfd3|rfd3_inputs_spec-1_0_model_1|T0.3|2,2jneA00|rfd3|rfd3_inputs_spec-1_0_model_1,2jneA00,0.3,rfd3,0.6945352332815291,92.04197183098591,1.2478660221921405,1.8759,file_order,39,71,0,fbb8696dadbaf5a586438fc8e5228512acccbea09485fb8c484195d42d5f6d0f,public_data/benchmark/gate0/temperature_panel2/models/2jneA00_rfd3_rfd3_inputs_spec-1_0_model_1_T0.3_2.pdb.gz,monomer,full_dbs,2020-05-14,ok,
2jneA00|rfd3|rfd3_inputs_spec-1_0_model_1|T0.3|3,2jneA00|rfd3|rfd3_inputs_spec-1_0_model_1,2jneA00,0.3,rfd3,0.5745113768634783,90.45098591549296,0.8877375813883254,1.3679,file_order,39,71,0,fbb8696dadbaf5a586438fc8e5228512acccbea09485fb8c484195d42d5f6d0f,public_data/benchmark/gate0/temperature_panel2/models/2jneA00_rfd3_rfd3_inputs_spec-1_0_model_1_T0.3_3.pdb.gz,monomer,full_dbs,2020-05-14,ok,
2jneA00|rfd3|rfd3_inputs_spec-1_0_model_1|T0.3|4,2jneA00|rfd3|rfd3_inputs_spec-1_0_model_1,2jneA00,0.3,rfd3,0.622525527146738,90.65422535211268,0.8620528415035019,1.4421,file_order,39,71,0,fbb8696dadbaf5a586438fc8e5228512acccbea09485fb8c484195d42d5f6d0f,public_data/benchmark/gate0/temperature_panel2/models/2jneA00_rfd3_rfd3_inputs_spec-1_0_model_1_T0.3_4.pdb.gz,monomer,full_dbs,2020-05-14,ok,
2jneA00|rfd3|rfd3_inputs_spec-1_0_model_1|T0.3|5,2jneA00|rfd3|rfd3_inputs_spec-1_0_model_1,2jneA00,0.3,rfd3,0.7455332542573405,91.8243661971831,0.737832293651949,1.2199,file_order,39,71,0,fbb8696dadbaf5a586438fc8e5228512acccbea09485fb8c484195d42d5f6d0f,public_data/benchmark/gate0/temperature_panel2/models/2jneA00_rfd3_rfd3_inputs_spec-1_0_model_1_T0.3_5.pdb.gz,monomer,full_dbs,2020-05-14,ok,
2jneA00|rfd3|rfd3_inputs_spec-1_0_model_1|T0.3|7,2jneA00|rfd3|rfd3_inputs_spec-1_0_model_1,2jneA00,0.3,rfd3,0.6793934872647804,91.40915492957747,1.3854711391491694,2.0636,file_order,39,71,0,fbb8696dadbaf5a586438fc8e5228512acccbea09485fb8c484195d42d5f6d0f,public_data/benchmark/gate0/temperature_panel2/models/2jneA00_rfd3_rfd3_inputs_spec-1_0_model_1_T0.3_7.pdb.gz,monomer,full_dbs,2020-05-14,ok,
1b5aA00|rfd3|rfd3_inputs_spec-1_0_model_0_retry_1_1|T0.05|0,1b5aA00|rfd3|rfd3_inputs_spec-1_0_model_0_retry_1_1,1b5aA00,0.05,rfd3,0.7667791150911495,84.96031914893618,0.6650084902292497,1.3928,file_order,57,94,0,235f307adc8b859dcba63519f9aac8d315ec7616eb8614818d06935382c0f628,public_data/benchmark/gate0/temperature_panel2/models/1b5aA00_rfd3_rfd3_inputs_spec-1_0_model_0_retry_1_1_T0.05_0.pdb.gz,monomer,full_dbs,2020-05-14,ok,
1b5aA00|rfd3|rfd3_inputs_spec-1_0_model_0_retry_1_1|T0.05|1,1b5aA00|rfd3|rfd3_inputs_spec-1_0_model_0_retry_1_1,1b5aA00,0.05,rfd3,0.6964898776344859,86.27063829787234,1.0937271311659746,6.4618,file_order,57,94,0,235f307adc8b859dcba63519f9aac8d315ec7616eb8614818d06935382c0f628,public_data/benchmark/gate0/temperature_panel2/models/1b5aA00_rfd3_rfd3_inputs_spec-1_0_model_0_retry_1_1_T0.05_1.pdb.gz,monomer,full_dbs,2020-05-14,ok,
1b5aA00|rfd3|rfd3_inputs_spec-1_0_model_0_retry_1_1|T0.05|2,1b5aA00|rfd3|rfd3_inputs_spec-1_0_model_0_retry_1_1,1b5aA00,0.05,rfd3,0.7431781611045439,84.27319148936171,0.5787475099100018,1.7436,file_order,57,94,0,235f307adc8b859dcba63519f9aac8d315ec7616eb8614818d06935382c0f628,public_data/benchmark/gate0/temperature_panel2/models/1b5aA00_rfd3_rfd3_inputs_spec-1_0_model_0_retry_1_1_T0.05_2.pdb.gz,monomer,full_dbs,2020-05-14,ok,
1b5aA00|rfd3|rfd3_inputs_spec-1_0_model_0_retry_1_1|T0.05|4,1b5aA00|rfd3|rfd3_inputs_spec-1_0_model_0_retry_1_1,1b5aA00,0.05,rfd3,0.8167479608037788,83.155,0.9401627234787723,4.2661,file_order,57,94,0,235f307adc8b859dcba63519f9aac8d315ec7616eb8614818d06935382c0f628,public_data/benchmark/gate0/temperature_panel2/models/1b5aA00_rfd3_rfd3_inputs_spec-1_0_model_0_retry_1_1_T0.05_4.pdb.gz,monomer,full_dbs,2020-05-14,ok,
1b5aA00|rfd3|rfd3_inputs_spec-1_0_model_0_retry_1_1|T0.05|5,1b5aA00|rfd3|rfd3_inputs_spec-1_0_model_0_retry_1_1,1b5aA00,0.05,rfd3,0.8029929442332723,82.94414893617021,0.8101004219690531,2.8416,file_order,57,94,0,235f307adc8b859dcba63519f9aac8d315ec7616eb8614818d06935382c0f628,public_data/benchmark/gate0/temperature_panel2/models/1b5aA00_rfd3_rfd3_inputs_spec-1_0_model_0_retry_1_1_T0.05_5.pdb.gz,monomer,full_dbs,2020-05-14,ok,
1b5aA00|rfd3|rfd3_inputs_spec-1_0_model_0_retry_1_1|T0.05|6,1b5aA00|rfd3|rfd3_inputs_spec-1_0_model_0_retry_1_1,1b5aA00,0.05,rfd3,0.8267194141192915,82.69074468085107,0.9227818377266727,5.5588,file_order,57,94,0,235f307adc8b859dcba63519f9aac8d315ec7616eb8614818d06935382c0f628,public_data/benchmark/gate0/temperature_panel2/models/1b5aA00_rfd3_rfd3_inputs_spec-1_0_model_0_retry_1_1_T0.05_6.pdb.gz,monomer,full_dbs,2020-05-14,ok,
1b5aA00|rfd3|rfd3_inputs_spec-1_0_model_0_retry_1_1|T0.05|7,1b5aA00|rfd3|rfd3_inputs_spec-1_0_model_0_retry_1_1,1b5aA00,0.05,rfd3,0.7694319347944386,82.3859574468085,0.9023295558550005,2.6888,file_order,57,94,0,235f307adc8b859dcba63519f9aac8d315ec7616eb8614818d06935382c0f628,public_data/benchmark/gate0/temperature_panel2/models/1b5aA00_rfd3_rfd3_inputs_spec-1_0_model_0_retry_1_1_T0.05_7.pdb.gz,monomer,full_dbs,2020-05-14,ok,
1b5aA00|rfd3|rfd3_inputs_spec-1_0_model_0_retry_1_1|T0.1|0,1b5aA00|rfd3|rfd3_inputs_spec-1_0_model_0_retry_1_1,1b5aA00,0.1,rfd3,0.8368389128962334,82.55297872340425,0.5926232037466812,2.41,file_order,57,94,0,235f307adc8b859dcba63519f9aac8d315ec7616eb8614818d06935382c0f628,public_data/benchmark/gate0/temperature_panel2/models/1b5aA00_rfd3_rfd3_inputs_spec-1_0_model_0_retry_1_1_T0.1_0.pdb.gz,monomer,full_dbs,2020-05-14,ok,
1b5aA00|rfd3|rfd3_inputs_spec-1_0_model_0_retry_1_1|T0.1|1,1b5aA00|rfd3|rfd3_inputs_spec-1_0_model_0_retry_1_1,1b5aA00,0.1,rfd3,0.8569533602664751,84.6359574468085,1.0174676188780991,2.456,file_order,57,94,0,235f307adc8b859dcba63519f9aac8d315ec7616eb8614818d06935382c0f628,public_data/benchmark/gate0/temperature_panel2/models/1b5aA00_rfd3_rfd3_inputs_spec-1_0_model_0_retry_1_1_T0.1_1.pdb.gz,monomer,full_dbs,2020-05-14,ok,
1b5aA00|rfd3|rfd3_inputs_spec-1_0_model_0_retry_1_1|T0.1|2,1b5aA00|rfd3|rfd3_inputs_spec-1_0_model_0_retry_1_1,1b5aA00,0.1,rfd3,0.5636946133167883,88.51404255319149,1.0639618682236287,6.2111,file_order,57,94,0,235f307adc8b859dcba63519f9aac8d315ec7616eb8614818d06935382c0f628,public_data/benchmark/gate0/temperature_panel2/models/1b5aA00_rfd3_rfd3_inputs_spec-1_0_model_0_retry_1_1_T0.1_2.pdb.gz,monomer,full_dbs,2020-05-14,ok,
1b5aA00|rfd3|rfd3_inputs_spec-1_0_model_0_retry_1_1|T0.1|3,1b5aA00|rfd3|rfd3_inputs_spec-1_0_model_0_retry_1_1,1b5aA00,0.1,rfd3,0.8405804409746891,84.6245744680851,0.7758164054357202,2.5708,file_order,57,94,0,235f307adc8b859dcba63519f9aac8d315ec7616eb8614818d06935382c0f628,public_data/benchmark/gate0/temperature_panel2/models/1b5aA00_rfd3_rfd3_inputs_spec-1_0_model_0_retry_1_1_T0.1_3.pdb.gz,monomer,full_dbs,2020-05-14,ok,
1b5aA00|rfd3|rfd3_inputs_spec-1_0_model_0_retry_1_1|T0.1|4,1b5aA00|rfd3|rfd3_inputs_spec-1_0_model_0_retry_1_1,1b5aA00,0.1,rfd3,0.8535291411115273,81.24755319148936,0.8999170368270794,6.4406,file_order,57,94,0,235f307adc8b859dcba63519f9aac8d315ec7616eb8614818d06935382c0f628,public_data/benchmark/gate0/temperature_panel2/models/1b5aA00_rfd3_rfd3_inputs_spec-1_0_model_0_retry_1_1_T0.1_4.pdb.gz,monomer,full_dbs,2020-05-14,ok,
1b5aA00|rfd3|rfd3_inputs_spec-1_0_model_0_retry_1_1|T0.1|5,1b5aA00|rfd3|rfd3_inputs_spec-1_0_model_0_retry_1_1,1b5aA00,0.1,rfd3,0.8016431288889703,83.15755319148937,1.04350039313096,5.8039,file_order,57,94,0,235f307adc8b859dcba63519f9aac8d315ec7616eb8614818d06935382c0f628,public_data/benchmark/gate0/temperature_panel2/models/1b5aA00_rfd3_rfd3_inputs_spec-1_0_model_0_retry_1_1_T0.1_5.pdb.gz,monomer,full_dbs,2020-05-14,ok,
1b5aA00|rfd3|rfd3_inputs_spec-1_0_model_0_retry_1_1|T0.1|6,1b5aA00|rfd3|rfd3_inputs_spec-1_0_model_0_retry_1_1,1b5aA00,0.1,rfd3,0.7863358704761287,85.86053191489363,0.6839108198601218,6.56,file_order,57,94,0,235f307adc8b859dcba63519f9aac8d315ec7616eb8614818d06935382c0f628,public_data/benchmark/gate0/temperature_panel2/models/1b5aA00_rfd3_rfd3_inputs_spec-1_0_model_0_retry_1_1_T0.1_6.pdb.gz,monomer,full_dbs,2020-05-14,ok,
1b5aA00|rfd3|rfd3_inputs_spec-1_0_model_0_retry_1_1|T0.1|7,1b5aA00|rfd3|rfd3_inputs_spec-1_0_model_0_retry_1_1,1b5aA00,0.1,rfd3,0.5917160121821771,87.22904255319149,0.8765196158296007,6.2395,file_order,57,94,0,235f307adc8b859dcba63519f9aac8d315ec7616eb8614818d06935382c0f628,public_data/benchmark/gate0/temperature_panel2/models/1b5aA00_rfd3_rfd3_inputs_spec-1_0_model_0_retry_1_1_T0.1_7.pdb.gz,monomer,full_dbs,2020-05-14,ok,
1b5aA00|rfd3|rfd3_inputs_spec-1_0_model_0_retry_1_1|T0.2|1,1b5aA00|rfd3|rfd3_inputs_spec-1_0_model_0_retry_1_1,1b5aA00,0.2,rfd3,0.8535291411115276,85.81744680851064,0.9483661447632947,3.9106,file_order,57,94,0,235f307adc8b859dcba63519f9aac8d315ec7616eb8614818d06935382c0f628,public_data/benchmark/gate0/temperature_panel2/models/1b5aA00_rfd3_rfd3_inputs_spec-1_0_model_0_retry_1_1_T0.2_1.pdb.gz,monomer,full_dbs,2020-05-14,ok,
1b5aA00|rfd3|rfd3_inputs_spec-1_0_model_0_retry_1_1|T0.2|2,1b5aA00|rfd3|rfd3_inputs_spec-1_0_model_0_retry_1_1,1b5aA00,0.2,rfd3,0.7236327052735279,83.88521276595745,0.8562557735039096,6.3799,file_order,57,94,0,235f307adc8b859dcba63519f9aac8d315ec7616eb8614818d06935382c0f628,public_data/benchmark/gate0/temperature_panel2/models/1b5aA00_rfd3_rfd3_inputs_spec-1_0_model_0_retry_1_1_T0.2_2.pdb.gz,monomer,full_dbs,2020-05-14,ok,
1b5aA00|rfd3|rfd3_inputs_spec-1_0_model_0_retry_1_1|T0.2|3,1b5aA00|rfd3|rfd3_inputs_spec-1_0_model_0_retry_1_1,1b5aA00,0.2,rfd3,0.7232069956134117,82.69478723404255,0.7445967413660324,3.0775,file_order,57,94,0,235f307adc8b859dcba63519f9aac8d315ec7616eb8614818d06935382c0f628,public_data/benchmark/gate0/temperature_panel2/models/1b5aA00_rfd3_rfd3_inputs_spec-1_0_model_0_retry_1_1_T0.2_3.pdb.gz,monomer,full_dbs,2020-05-14,ok,
1b5aA00|rfd3|rfd3_inputs_spec-1_0_model_0_retry_1_1|T0.2|4,1b5aA00|rfd3|rfd3_inputs_spec-1_0_model_0_retry_1_1,1b5aA00,0.2,rfd3,0.5442456647084406,85.56478723404256,1.0810343765419217,5.6565,file_order,57,94,0,235f307adc8b859dcba63519f9aac8d315ec7616eb8614818d06935382c0f628,public_data/benchmark/gate0/temperature_panel2/models/1b5aA00_rfd3_rfd3_inputs_spec-1_0_model_0_retry_1_1_T0.2_4.pdb.gz,monomer,full_dbs,2020-05-14,ok,
1b5aA00|rfd3|rfd3_inputs_spec-1_0_model_0_retry_1_1|T0.2|5,1b5aA00|rfd3|rfd3_inputs_spec-1_0_model_0_retry_1_1,1b5aA00,0.2,rfd3,0.7951365518717316,84.05255319148935,0.9186471886953147,5.4316,file_order,57,94,0,235f307adc8b859dcba63519f9aac8d315ec7616eb8614818d06935382c0f628,public_data/benchmark/gate0/temperature_panel2/models/1b5aA00_rfd3_rfd3_inputs_spec-1_0_model_0_retry_1_1_T0.2_5.pdb.gz,monomer,full_dbs,2020-05-14,ok,
1b5aA00|rfd3|rfd3_inputs_spec-1_0_model_0_retry_1_1|T0.2|6,1b5aA00|rfd3|rfd3_inputs_spec-1_0_model_0_retry_1_1,1b5aA00,0.2,rfd3,0.7124338290116411,84.88138297872341,1.0084423713375508,2.9029,file_order,57,94,0,235f307adc8b859dcba63519f9aac8d315ec7616eb8614818d06935382c0f628,public_data/benchmark/gate0/temperature_panel2/models/1b5aA00_rfd3_rfd3_inputs_spec-1_0_model_0_retry_1_1_T0.2_6.pdb.gz,monomer,full_dbs,2020-05-14,ok,
1b5aA00|rfd3|rfd3_inputs_spec-1_0_model_0_retry_1_1|T0.2|7,1b5aA00|rfd3|rfd3_inputs_spec-1_0_model_0_retry_1_1,1b5aA00,0.2,rfd3,0.8227211808864157,84.26925531914894,0.794402354009285,6.4174,file_order,57,94,0,235f307adc8b859dcba63519f9aac8d315ec7616eb8614818d06935382c0f628,public_data/benchmark/gate0/temperature_panel2/models/1b5aA00_rfd3_rfd3_inputs_spec-1_0_model_0_retry_1_1_T0.2_7.pdb.gz,monomer,full_dbs,2020-05-14,ok,
1b5aA00|rfd3|rfd3_inputs_spec-1_0_model_0_retry_1_1|T0.3|0,1b5aA00|rfd3|rfd3_inputs_spec-1_0_model_0_retry_1_1,1b5aA00,0.3,rfd3,0.817383999271411,87.63106382978724,0.9361194635391054,6.3342,file_order,57,94,0,235f307adc8b859dcba63519f9aac8d315ec7616eb8614818d06935382c0f628,public_data/benchmark/gate0/temperature_panel2/models/1b5aA00_rfd3_rfd3_inputs_spec-1_0_model_0_retry_1_1_T0.3_0.pdb.gz,monomer,full_dbs,2020-05-14,ok,
1b5aA00|rfd3|rfd3_inputs_spec-1_0_model_0_retry_1_1|T0.3|1,1b5aA00|rfd3|rfd3_inputs_spec-1_0_model_0_retry_1_1,1b5aA00,0.3,rfd3,0.8036652477826662,85.63191489361702,0.45582761858021503,3.2782,file_order,57,94,0,235f307adc8b859dcba63519f9aac8d315ec7616eb8614818d06935382c0f628,public_data/benchmark/gate0/temperature_panel2/models/1b5aA00_rfd3_rfd3_inputs_spec-1_0_model_0_retry_1_1_T0.3_1.pdb.gz,monomer,full_dbs,2020-05-14,ok,
1b5aA00|rfd3|rfd3_inputs_spec-1_0_model_0_retry_1_1|T0.3|2,1b5aA00|rfd3|rfd3_inputs_spec-1_0_model_0_retry_1_1,1b5aA00,0.3,rfd3,0.6251555506674616,88.85808510638297,0.9631892213691549,5.6238,file_order,57,94,0,235f307adc8b859dcba63519f9aac8d315ec7616eb8614818d06935382c0f628,public_data/benchmark/gate0/temperature_panel2/models/1b5aA00_rfd3_rfd3_inputs_spec-1_0_model_0_retry_1_1_T0.3_2.pdb.gz,monomer,full_dbs,2020-05-14,ok,
1b5aA00|rfd3|rfd3_inputs_spec-1_0_model_0_retry_1_1|T0.3|7,1b5aA00|rfd3|rfd3_inputs_spec-1_0_model_0_retry_1_1,1b5aA00,0.3,rfd3,0.7512156647504793,82.73382978723404,0.8127045778884003,6.6639,file_order,57,94,0,235f307adc8b859dcba63519f9aac8d315ec7616eb8614818d06935382c0f628,public_data/benchmark/gate0/temperature_panel2/models/1b5aA00_rfd3_rfd3_inputs_spec-1_0_model_0_retry_1_1_T0.3_7.pdb.gz,monomer,full_dbs,2020-05-14,ok,
2jneA00|rfd3|rfd3_inputs_spec-1_0_model_1_retry_1_2|T0.05|1,2jneA00|rfd3|rfd3_inputs_spec-1_0_model_1_retry_1_2,2jneA00,0.05,rfd3,0.5909483829456419,88.96323943661972,1.2770861341656012,1.7489,file_order,41,71,0,17aaa386eb81463f52d99590d4d7df9716b6cfc9a7c561f0c84e01eee476f531,public_data/benchmark/gate0/temperature_panel2/models/2jneA00_rfd3_rfd3_inputs_spec-1_0_model_1_retry_1_2_T0.05_1.pdb.gz,monomer,full_dbs,2020-05-14,ok,
2jneA00|rfd3|rfd3_inputs_spec-1_0_model_1_retry_1_2|T0.05|3,2jneA00|rfd3|rfd3_inputs_spec-1_0_model_1_retry_1_2,2jneA00,0.05,rfd3,0.48634142715376144,90.42718309859154,2.1649798373688616,2.7767,file_order,41,71,0,17aaa386eb81463f52d99590d4d7df9716b6cfc9a7c561f0c84e01eee476f531,public_data/benchmark/gate0/temperature_panel2/models/2jneA00_rfd3_rfd3_inputs_spec-1_0_model_1_retry_1_2_T0.05_3.pdb.gz,monomer,full_dbs,2020-05-14,ok,
2jneA00|rfd3|rfd3_inputs_spec-1_0_model_1_retry_1_2|T0.05|4,2jneA00|rfd3|rfd3_inputs_spec-1_0_model_1_retry_1_2,2jneA00,0.05,rfd3,0.6873169826549892,89.92169014084506,2.6724365496087663,3.6155,file_order,41,71,0,17aaa386eb81463f52d99590d4d7df9716b6cfc9a7c561f0c84e01eee476f531,public_data/benchmark/gate0/temperature_panel2/models/2jneA00_rfd3_rfd3_inputs_spec-1_0_model_1_retry_1_2_T0.05_4.pdb.gz,monomer,full_dbs,2020-05-14,ok,
2jneA00|rfd3|rfd3_inputs_spec-1_0_model_1_retry_1_2|T0.05|5,2jneA00|rfd3|rfd3_inputs_spec-1_0_model_1_retry_1_2,2jneA00,0.05,rfd3,0.702837183531685,86.78774647887325,1.0979323328211243,1.7559,file_order,41,71,0,17aaa386eb81463f52d99590d4d7df9716b6cfc9a7c561f0c84e01eee476f531,public_data/benchmark/gate0/temperature_panel2/models/2jneA00_rfd3_rfd3_inputs_spec-1_0_model_1_retry_1_2_T0.05_5.pdb.gz,monomer,full_dbs,2020-05-14,ok,
2jneA00|rfd3|rfd3_inputs_spec-1_0_model_1_retry_1_2|T0.05|6,2jneA00|rfd3|rfd3_inputs_spec-1_0_model_1_retry_1_2,2jneA00,0.05,rfd3,0.528560426102966,89.90633802816902,1.3032256415587937,1.8735,file_order,41,71,0,17aaa386eb81463f52d99590d4d7df9716b6cfc9a7c561f0c84e01eee476f531,public_data/benchmark/gate0/temperature_panel2/models/2jneA00_rfd3_rfd3_inputs_spec-1_0_model_1_retry_1_2_T0.05_6.pdb.gz,monomer,full_dbs,2020-05-14,ok,
2jneA00|rfd3|rfd3_inputs_spec-1_0_model_1_retry_1_2|T0.05|7,2jneA00|rfd3|rfd3_inputs_spec-1_0_model_1_retry_1_2,2jneA00,0.05,rfd3,0.48634142715376144,91.52197183098592,2.785410607944518,3.2259,file_order,41,71,0,17aaa386eb81463f52d99590d4d7df9716b6cfc9a7c561f0c84e01eee476f531,public_data/benchmark/gate0/temperature_panel2/models/2jneA00_rfd3_rfd3_inputs_spec-1_0_model_1_retry_1_2_T0.05_7.pdb.gz,monomer,full_dbs,2020-05-14,ok,
2jneA00|rfd3|rfd3_inputs_spec-1_0_model_1_retry_1_2|T0.1|0,2jneA00|rfd3|rfd3_inputs_spec-1_0_model_1_retry_1_2,2jneA00,0.1,rfd3,0.5278584424797904,91.83154929577465,2.159602468246896,2.9857,file_order,41,71,0,17aaa386eb81463f52d99590d4d7df9716b6cfc9a7c561f0c84e01eee476f531,public_data/benchmark/gate0/temperature_panel2/models/2jneA00_rfd3_rfd3_inputs_spec-1_0_model_1_retry_1_2_T0.1_0.pdb.gz,monomer,full_dbs,2020-05-14,ok,
2jneA00|rfd3|rfd3_inputs_spec-1_0_model_1_retry_1_2|T0.1|1,2jneA00|rfd3|rfd3_inputs_spec-1_0_model_1_retry_1_2,2jneA00,0.1,rfd3,0.7767385954971494,89.48380281690142,1.795497117941945,2.5607,file_order,41,71,0,17aaa386eb81463f52d99590d4d7df9716b6cfc9a7c561f0c84e01eee476f531,public_data/benchmark/gate0/temperature_panel2/models/2jneA00_rfd3_rfd3_inputs_spec-1_0_model_1_retry_1_2_T0.1_1.pdb.gz,monomer,full_dbs,2020-05-14,ok,
2jneA00|rfd3|rfd3_inputs_spec-1_0_model_1_retry_1_2|T0.1|2,2jneA00|rfd3|rfd3_inputs_spec-1_0_model_1_retry_1_2,2jneA00,0.1,rfd3,0.5032393912944998,90.90422535211268,1.6930689740512057,2.3095,file_order,41,71,0,17aaa386eb81463f52d99590d4d7df9716b6cfc9a7c561f0c84e01eee476f531,public_data/benchmark/gate0/temperature_panel2/models/2jneA00_rfd3_rfd3_inputs_spec-1_0_model_1_retry_1_2_T0.1_2.pdb.gz,monomer,full_dbs,2020-05-14,ok,
2jneA00|rfd3|rfd3_inputs_spec-1_0_model_1_retry_1_2|T0.1|3,2jneA00|rfd3|rfd3_inputs_spec-1_0_model_1_retry_1_2,2jneA00,0.1,rfd3,0.5909483829456418,91.82352112676057,2.6692370951083673,3.4156,file_order,41,71,0,17aaa386eb81463f52d99590d4d7df9716b6cfc9a7c561f0c84e01eee476f531,public_data/benchmark/gate0/temperature_panel2/models/2jneA00_rfd3_rfd3_inputs_spec-1_0_model_1_retry_1_2_T0.1_3.pdb.gz,monomer,full_dbs,2020-05-14,ok,
2jneA00|rfd3|rfd3_inputs_spec-1_0_model_1_retry_1_2|T0.05|0,2jneA00|rfd3|rfd3_inputs_spec-1_0_model_1_retry_1_2,2jneA00,0.05,rfd3,0.5592970986837943,90.39971830985915,2.0785376621489804,2.6478,file_order,41,71,0,17aaa386eb81463f52d99590d4d7df9716b6cfc9a7c561f0c84e01eee476f531,public_data/benchmark/gate0/temperature_panel2/models/2jneA00_rfd3_rfd3_inputs_spec-1_0_model_1_retry_1_2_T0.05_0.pdb.gz,monomer,full_dbs,2020-05-14,ok,
2jneA00|rfd3|rfd3_inputs_spec-1_0_model_1_retry_1_2|T0.1|4,2jneA00|rfd3|rfd3_inputs_spec-1_0_model_1_retry_1_2,2jneA00,0.1,rfd3,0.5786375987118334,93.36774647887323,1.4454292794409465,2.118,file_order,41,71,0,17aaa386eb81463f52d99590d4d7df9716b6cfc9a7c561f0c84e01eee476f531,public_data/benchmark/gate0/temperature_panel2/models/2jneA00_rfd3_rfd3_inputs_spec-1_0_model_1_retry_1_2_T0.1_4.pdb.gz,monomer,full_dbs,2020-05-14,ok,
2jneA00|rfd3|rfd3_inputs_spec-1_0_model_1_retry_1_2|T0.1|6,2jneA00|rfd3|rfd3_inputs_spec-1_0_model_1_retry_1_2,2jneA00,0.1,rfd3,0.542572725981272,90.78422535211268,1.725207326693132,2.3333,file_order,41,71,0,17aaa386eb81463f52d99590d4d7df9716b6cfc9a7c561f0c84e01eee476f531,public_data/benchmark/gate0/temperature_panel2/models/2jneA00_rfd3_rfd3_inputs_spec-1_0_model_1_retry_1_2_T0.1_6.pdb.gz,monomer,full_dbs,2020-05-14,ok,
2jneA00|rfd3|rfd3_inputs_spec-1_0_model_1_retry_1_2|T0.1|7,2jneA00|rfd3|rfd3_inputs_spec-1_0_model_1_retry_1_2,2jneA00,0.1,rfd3,0.7057704042080284,86.63901408450704,1.9005859560964722,2.4739,file_order,41,71,0,17aaa386eb81463f52d99590d4d7df9716b6cfc9a7c561f0c84e01eee476f531,public_data/benchmark/gate0/temperature_panel2/models/2jneA00_rfd3_rfd3_inputs_spec-1_0_model_1_retry_1_2_T0.1_7.pdb.gz,monomer,full_dbs,2020-05-14,ok,
2jneA00|rfd3|rfd3_inputs_spec-1_0_model_1_retry_1_2|T0.2|1,2jneA00|rfd3|rfd3_inputs_spec-1_0_model_1_retry_1_2,2jneA00,0.2,rfd3,0.533470994824596,91.61380281690141,1.701291116076544,2.4014,file_order,41,71,0,17aaa386eb81463f52d99590d4d7df9716b6cfc9a7c561f0c84e01eee476f531,public_data/benchmark/gate0/temperature_panel2/models/2jneA00_rfd3_rfd3_inputs_spec-1_0_model_1_retry_1_2_T0.2_1.pdb.gz,monomer,full_dbs,2020-05-14,ok,
2jneA00|rfd3|rfd3_inputs_spec-1_0_model_1_retry_1_2|T0.2|0,2jneA00|rfd3|rfd3_inputs_spec-1_0_model_1_retry_1_2,2jneA00,0.2,rfd3,0.507464234167236,91.83816901408451,1.7695572652801335,2.4228,file_order,41,71,0,17aaa386eb81463f52d99590d4d7df9716b6cfc9a7c561f0c84e01eee476f531,public_data/benchmark/gate0/temperature_panel2/models/2jneA00_rfd3_rfd3_inputs_spec-1_0_model_1_retry_1_2_T0.2_0.pdb.gz,monomer,full_dbs,2020-05-14,ok,
2jneA00|rfd3|rfd3_inputs_spec-1_0_model_1_retry_1_2|T0.2|2,2jneA00|rfd3|rfd3_inputs_spec-1_0_model_1_retry_1_2,2jneA00,0.2,rfd3,0.767822485155081,89.80591549295775,1.2040950717518697,1.8097,file_order,41,71,0,17aaa386eb81463f52d99590d4d7df9716b6cfc9a7c561f0c84e01eee476f531,public_data/benchmark/gate0/temperature_panel2/models/2jneA00_rfd3_rfd3_inputs_spec-1_0_model_1_retry_1_2_T0.2_2.pdb.gz,monomer,full_dbs,2020-05-14,ok,
2jneA00|rfd3|rfd3_inputs_spec-1_0_model_1_retry_1_2|T0.2|3,2jneA00|rfd3|rfd3_inputs_spec-1_0_model_1_retry_1_2,2jneA00,0.2,rfd3,0.4786046223210005,92.16295774647887,1.747438913966804,2.463,file_order,41,71,0,17aaa386eb81463f52d99590d4d7df9716b6cfc9a7c561f0c84e01eee476f531,public_data/benchmark/gate0/temperature_panel2/models/2jneA00_rfd3_rfd3_inputs_spec-1_0_model_1_retry_1_2_T0.2_3.pdb.gz,monomer,full_dbs,2020-05-14,ok,
2jneA00|rfd3|rfd3_inputs_spec-1_0_model_1_retry_1_2|T0.2|4,2jneA00|rfd3|rfd3_inputs_spec-1_0_model_1_retry_1_2,2jneA00,0.2,rfd3,0.6848903390376865,88.78845070422534,1.2614064069400832,1.8893,file_order,41,71,0,17aaa386eb81463f52d99590d4d7df9716b6cfc9a7c561f0c84e01eee476f531,public_data/benchmark/gate0/temperature_panel2/models/2jneA00_rfd3_rfd3_inputs_spec-1_0_model_1_retry_1_2_T0.2_4.pdb.gz,monomer,full_dbs,2020-05-14,ok,
2jneA00|rfd3|rfd3_inputs_spec-1_0_model_1_retry_1_2|T0.2|5,2jneA00|rfd3|rfd3_inputs_spec-1_0_model_1_retry_1_2,2jneA00,0.2,rfd3,0.5201299585267423,91.82352112676057,1.602499008485599,2.1787,file_order,41,71,0,17aaa386eb81463f52d99590d4d7df9716b6cfc9a7c561f0c84e01eee476f531,public_data/benchmark/gate0/temperature_panel2/models/2jneA00_rfd3_rfd3_inputs_spec-1_0_model_1_retry_1_2_T0.2_5.pdb.gz,monomer,full_dbs,2020-05-14,ok,
2jneA00|rfd3|rfd3_inputs_spec-1_0_model_1_retry_1_2|T0.2|6,2jneA00|rfd3|rfd3_inputs_spec-1_0_model_1_retry_1_2,2jneA00,0.2,rfd3,0.42700420747639783,89.21760563380282,2.043521652890304,2.8601,file_order,41,71,0,17aaa386eb81463f52d99590d4d7df9716b6cfc9a7c561f0c84e01eee476f531,public_data/benchmark/gate0/temperature_panel2/models/2jneA00_rfd3_rfd3_inputs_spec-1_0_model_1_retry_1_2_T0.2_6.pdb.gz,monomer,full_dbs,2020-05-14,ok,
2jneA00|rfd3|rfd3_inputs_spec-1_0_model_1_retry_1_2|T0.2|7,2jneA00|rfd3|rfd3_inputs_spec-1_0_model_1_retry_1_2,2jneA00,0.2,rfd3,0.6395752591473665,91.87661971830985,3.1435200769886564,3.7253,file_order,41,71,0,17aaa386eb81463f52d99590d4d7df9716b6cfc9a7c561f0c84e01eee476f531,public_data/benchmark/gate0/temperature_panel2/models/2jneA00_rfd3_rfd3_inputs_spec-1_0_model_1_retry_1_2_T0.2_7.pdb.gz,monomer,full_dbs,2020-05-14,ok,
2jneA00|rfd3|rfd3_inputs_spec-1_0_model_1_retry_1_2|T0.3|0,2jneA00|rfd3|rfd3_inputs_spec-1_0_model_1_retry_1_2,2jneA00,0.3,rfd3,0.6071845703577864,90.78521126760563,2.8819825705671187,3.7142,file_order,41,71,0,17aaa386eb81463f52d99590d4d7df9716b6cfc9a7c561f0c84e01eee476f531,public_data/benchmark/gate0/temperature_panel2/models/2jneA00_rfd3_rfd3_inputs_spec-1_0_model_1_retry_1_2_T0.3_0.pdb.gz,monomer,full_dbs,2020-05-14,ok,
2jneA00|rfd3|rfd3_inputs_spec-1_0_model_1_retry_1_2|T0.3|1,2jneA00|rfd3|rfd3_inputs_spec-1_0_model_1_retry_1_2,2jneA00,0.3,rfd3,0.49197252081813425,91.87859154929578,1.646330269459246,2.3866,file_order,41,71,0,17aaa386eb81463f52d99590d4d7df9716b6cfc9a7c561f0c84e01eee476f531,public_data/benchmark/gate0/temperature_panel2/models/2jneA00_rfd3_rfd3_inputs_spec-1_0_model_1_retry_1_2_T0.3_1.pdb.gz,monomer,full_dbs,2020-05-14,ok,
2jneA00|rfd3|rfd3_inputs_spec-1_0_model_1_retry_1_2|T0.3|2,2jneA00|rfd3|rfd3_inputs_spec-1_0_model_1_retry_1_2,2jneA00,0.3,rfd3,0.5710648865494853,90.20887323943661,1.4013303158918593,2.046,file_order,41,71,0,17aaa386eb81463f52d99590d4d7df9716b6cfc9a7c561f0c84e01eee476f531,public_data/benchmark/gate0/temperature_panel2/models/2jneA00_rfd3_rfd3_inputs_spec-1_0_model_1_retry_1_2_T0.3_2.pdb.gz,monomer,full_dbs,2020-05-14,ok,
2jneA00|rfd3|rfd3_inputs_spec-1_0_model_1_retry_1_2|T0.3|3,2jneA00|rfd3|rfd3_inputs_spec-1_0_model_1_retry_1_2,2jneA00,0.3,rfd3,0.4519794538912645,89.30056338028169,2.892535271069065,3.8035,file_order,41,71,0,17aaa386eb81463f52d99590d4d7df9716b6cfc9a7c561f0c84e01eee476f531,public_data/benchmark/gate0/temperature_panel2/models/2jneA00_rfd3_rfd3_inputs_spec-1_0_model_1_retry_1_2_T0.3_3.pdb.gz,monomer,full_dbs,2020-05-14,ok,
2jneA00|rfd3|rfd3_inputs_spec-1_0_model_1_retry_1_2|T0.3|4,2jneA00|rfd3|rfd3_inputs_spec-1_0_model_1_retry_1_2,2jneA00,0.3,rfd3,0.5957061717448197,93.2974647887324,2.8397912790323883,3.4679,file_order,41,71,0,17aaa386eb81463f52d99590d4d7df9716b6cfc9a7c561f0c84e01eee476f531,public_data/benchmark/gate0/temperature_panel2/models/2jneA00_rfd3_rfd3_inputs_spec-1_0_model_1_retry_1_2_T0.3_4.pdb.gz,monomer,full_dbs,2020-05-14,ok,
2jneA00|rfd3|rfd3_inputs_spec-1_0_model_1_retry_1_2|T0.3|5,2jneA00|rfd3|rfd3_inputs_spec-1_0_model_1_retry_1_2,2jneA00,0.3,rfd3,0.48774893141904346,88.8774647887324,2.11748464578991,2.897,file_order,41,71,0,17aaa386eb81463f52d99590d4d7df9716b6cfc9a7c561f0c84e01eee476f531,public_data/benchmark/gate0/temperature_panel2/models/2jneA00_rfd3_rfd3_inputs_spec-1_0_model_1_retry_1_2_T0.3_5.pdb.gz,monomer,full_dbs,2020-05-14,ok,
2jneA00|rfd3|rfd3_inputs_spec-1_0_model_1_retry_1_2|T0.3|6,2jneA00|rfd3|rfd3_inputs_spec-1_0_model_1_retry_1_2,2jneA00,0.3,rfd3,0.4187547584028657,93.48267605633802,1.3380151457997118,1.7791,file_order,41,71,0,17aaa386eb81463f52d99590d4d7df9716b6cfc9a7c561f0c84e01eee476f531,public_data/benchmark/gate0/temperature_panel2/models/2jneA00_rfd3_rfd3_inputs_spec-1_0_model_1_retry_1_2_T0.3_6.pdb.gz,monomer,full_dbs,2020-05-14,ok,
2jneA00|rfd3|rfd3_inputs_spec-1_0_model_1_retry_1_2|T0.3|7,2jneA00|rfd3|rfd3_inputs_spec-1_0_model_1_retry_1_2,2jneA00,0.3,rfd3,0.6992951461496765,91.1038028169014,1.5193820428920126,2.1382,file_order,41,71,0,17aaa386eb81463f52d99590d4d7df9716b6cfc9a7c561f0c84e01eee476f531,public_data/benchmark/gate0/temperature_panel2/models/2jneA00_rfd3_rfd3_inputs_spec-1_0_model_1_retry_1_2_T0.3_7.pdb.gz,monomer,full_dbs,2020-05-14,ok,
2jneA00|rfd3|rfd3_inputs_spec-1_0_model_1_retry_1_2|T0.1|5,2jneA00|rfd3|rfd3_inputs_spec-1_0_model_1_retry_1_2,2jneA00,0.1,rfd3,0.661976061184247,91.63605633802817,1.9712128236046447,2.6264,file_order,41,71,0,17aaa386eb81463f52d99590d4d7df9716b6cfc9a7c561f0c84e01eee476f531,public_data/benchmark/gate0/temperature_panel2/models/2jneA00_rfd3_rfd3_inputs_spec-1_0_model_1_retry_1_2_T0.1_5.pdb.gz,monomer,full_dbs,2020-05-14,ok,
2jneA00|rfd3|rfd3_inputs_spec-1_0_model_1_retry_1_2|T0.05|2,2jneA00|rfd3|rfd3_inputs_spec-1_0_model_1_retry_1_2,2jneA00,0.05,rfd3,0.5868566404214381,88.93225352112675,1.1330283878223968,1.822,file_order,41,71,0,17aaa386eb81463f52d99590d4d7df9716b6cfc9a7c561f0c84e01eee476f531,public_data/benchmark/gate0/temperature_panel2/models/2jneA00_rfd3_rfd3_inputs_spec-1_0_model_1_retry_1_2_T0.05_2.pdb.gz,monomer,full_dbs,2020-05-14,ok,
1hufA00|rfd3|rfd3_inputs_spec-1_0_model_1_retry_1_2|T0.2|1,1hufA00|rfd3|rfd3_inputs_spec-1_0_model_1_retry_1_2,1hufA00,0.2,rfd3,0.8205384805926733,78.53837398373983,7.788381662870368,8.7018,file_order,81,123,0,2c52dfeb81faaad3953f73787733525de8bb081075fafabe8d1d23edbf9c4729,public_data/benchmark/gate0/temperature_panel2/models/1hufA00_rfd3_rfd3_inputs_spec-1_0_model_1_retry_1_2_T0.2_1.pdb.gz,monomer,full_dbs,2020-05-14,ok,
1b8xA03|target|target|T0.05|6,1b8xA03|target|target,1b8xA03,0.05,target,0.8599187605985776,86.57919230769231,5.242864512297868,16.9225,file_order,105,260,0,7cb72e9672e5694260aefcc55b5e4c0ee963d2ff476fec0865c8358ea7e76aed,public_data/benchmark/gate0/temperature_panel2/models/1b8xA03_target_target_T0.05_6.pdb.gz,monomer,full_dbs,2020-05-14,ok,
1af7A01|target|target|T0.1|7,1af7A01|target|target,1af7A01,0.1,target,0.7119085572090639,94.31313868613138,1.3446321107866794,2.2629,file_order,167,274,0,7378aac13ebc5cb120bacdc442106289c994838616a8b81ca70d344e43d2900b,public_data/benchmark/gate0/temperature_panel2/models/1af7A01_target_target_T0.1_7.pdb.gz,monomer,full_dbs,2020-05-14,ok,
1af7A01|rfd3|rfd3_inputs_spec-1_0_model_2|T0.05|6,1af7A01|rfd3|rfd3_inputs_spec-1_0_model_2,1af7A01,0.05,rfd3,0.7474321305984476,92.05332116788321,1.3168856459825458,2.308,file_order,178,274,0,703c7b3abc776a821f06312f6df1634c4618ba7ba3a80cbfd7ba27f9c6defdb2,public_data/benchmark/gate0/temperature_panel2/models/1af7A01_rfd3_rfd3_inputs_spec-1_0_model_2_T0.05_6.pdb.gz,monomer,full_dbs,2020-05-14,ok,
2jneA00|rfd3|rfd3_inputs_spec-1_0_model_1|T0.3|6,2jneA00|rfd3|rfd3_inputs_spec-1_0_model_1,2jneA00,0.3,rfd3,0.5827528671700993,90.10971830985916,0.8786998654611111,1.1425,file_order,39,71,0,fbb8696dadbaf5a586438fc8e5228512acccbea09485fb8c484195d42d5f6d0f,public_data/benchmark/gate0/temperature_panel2/models/2jneA00_rfd3_rfd3_inputs_spec-1_0_model_1_T0.3_6.pdb.gz,monomer,full_dbs,2020-05-14,ok,
1af7A01|rfd3|rfd3_inputs_spec-1_0_model_2|T0.3|4,1af7A01|rfd3|rfd3_inputs_spec-1_0_model_2,1af7A01,0.3,rfd3,0.7328344059246353,91.74959854014598,1.1152747428834968,1.4834,file_order,178,274,0,703c7b3abc776a821f06312f6df1634c4618ba7ba3a80cbfd7ba27f9c6defdb2,public_data/benchmark/gate0/temperature_panel2/models/1af7A01_rfd3_rfd3_inputs_spec-1_0_model_2_T0.3_4.pdb.gz,monomer,full_dbs,2020-05-14,ok,
1b5aA00|rfd3|rfd3_inputs_spec-1_0_model_0_retry_1_1|T0.05|3,1b5aA00|rfd3|rfd3_inputs_spec-1_0_model_0_retry_1_1,1b5aA00,0.05,rfd3,0.8321372994332995,84.08553191489362,0.828419708955366,4.6468,file_order,57,94,0,235f307adc8b859dcba63519f9aac8d315ec7616eb8614818d06935382c0f628,public_data/benchmark/gate0/temperature_panel2/models/1b5aA00_rfd3_rfd3_inputs_spec-1_0_model_0_retry_1_1_T0.05_3.pdb.gz,monomer,full_dbs,2020-05-14,ok,
1jygA00|bioemu|bioemu_003|T0.2|7,1jygA00|bioemu|bioemu_003,1jygA00,0.2,bioemu,0.922892972015897,78.68811594202899,0.9995571669059528,3.4379,file_order,42,69,0,33a28967aceb872d59a4803ef9a6a932e2021ea6b86b96505da64e1a8aab64f9,public_data/benchmark/gate0/temperature_panel2/models/1jygA00_bioemu_bioemu_003_T0.2_7.pdb.gz,monomer,full_dbs,2020-05-14,ok,
1b5aA00|rfd3|rfd3_inputs_spec-1_0_model_0_retry_1_1|T0.2|0,1b5aA00|rfd3|rfd3_inputs_spec-1_0_model_0_retry_1_1,1b5aA00,0.2,rfd3,0.776525456054961,86.36074468085106,0.6889043624288884,2.0602,file_order,57,94,0,235f307adc8b859dcba63519f9aac8d315ec7616eb8614818d06935382c0f628,public_data/benchmark/gate0/temperature_panel2/models/1b5aA00_rfd3_rfd3_inputs_spec-1_0_model_0_retry_1_1_T0.2_0.pdb.gz,monomer,full_dbs,2020-05-14,ok,
1b5aA00|rfd3|rfd3_inputs_spec-1_0_model_0_retry_1_1|T0.3|3,1b5aA00|rfd3|rfd3_inputs_spec-1_0_model_0_retry_1_1,1b5aA00,0.3,rfd3,0.7739302717998273,84.89212765957447,0.7958292216057848,6.9592,file_order,57,94,0,235f307adc8b859dcba63519f9aac8d315ec7616eb8614818d06935382c0f628,public_data/benchmark/gate0/temperature_panel2/models/1b5aA00_rfd3_rfd3_inputs_spec-1_0_model_0_retry_1_1_T0.3_3.pdb.gz,monomer,full_dbs,2020-05-14,ok,
1b5aA00|rfd3|rfd3_inputs_spec-1_0_model_0_retry_1_1|T0.3|4,1b5aA00|rfd3|rfd3_inputs_spec-1_0_model_0_retry_1_1,1b5aA00,0.3,rfd3,0.7757861460633882,83.13297872340425,0.9229620373911385,2.4804,file_order,57,94,0,235f307adc8b859dcba63519f9aac8d315ec7616eb8614818d06935382c0f628,public_data/benchmark/gate0/temperature_panel2/models/1b5aA00_rfd3_rfd3_inputs_spec-1_0_model_0_retry_1_1_T0.3_4.pdb.gz,monomer,full_dbs,2020-05-14,ok,
1b5aA00|rfd3|rfd3_inputs_spec-1_0_model_0_retry_1_1|T0.3|5,1b5aA00|rfd3|rfd3_inputs_spec-1_0_model_0_retry_1_1,1b5aA00,0.3,rfd3,0.7590831690631861,84.4336170212766,0.8844046752448199,6.2782,file_order,57,94,0,235f307adc8b859dcba63519f9aac8d315ec7616eb8614818d06935382c0f628,public_data/benchmark/gate0/temperature_panel2/models/1b5aA00_rfd3_rfd3_inputs_spec-1_0_model_0_retry_1_1_T0.3_5.pdb.gz,monomer,full_dbs,2020-05-14,ok,
1b5aA00|rfd3|rfd3_inputs_spec-1_0_model_0_retry_1_1|T0.3|6,1b5aA00|rfd3|rfd3_inputs_spec-1_0_model_0_retry_1_1,1b5aA00,0.3,rfd3,0.7823773327708048,83.90180851063829,0.6404765126959638,6.5051,file_order,57,94,0,235f307adc8b859dcba63519f9aac8d315ec7616eb8614818d06935382c0f628,public_data/benchmark/gate0/temperature_panel2/models/1b5aA00_rfd3_rfd3_inputs_spec-1_0_model_0_retry_1_1_T0.3_6.pdb.gz,monomer,full_dbs,2020-05-14,ok,
