sequence_id,backbone_key,target_id,temperature,backbone_source,soluprot,global_score,plddt,rmsd,rmsd_all_ca,rmsd_all_positions,rmsd_method,rmsd_n_positions,status,error
1hufA00|rfd3|rfd3_inputs_spec-1_0_model_1_retry_1_2|T0.05|2,1hufA00|rfd3|rfd3_inputs_spec-1_0_model_1_retry_1_2,1hufA00,0.05,rfd3,0.8100109459433987,0.8209,62.10926829268293,5.156,7.428,7.428,ca_rmsd_dssp_non_loop,81,ok,
1hufA00|rfd3|rfd3_inputs_spec-1_0_model_1_retry_1_2|T0.05|1,1hufA00|rfd3|rfd3_inputs_spec-1_0_model_1_retry_1_2,1hufA00,0.05,rfd3,0.7913377794531602,0.8625,66.68951219512195,7.1919,8.7018,8.7018,ca_rmsd_dssp_non_loop,81,ok,
1hufA00|rfd3|rfd3_inputs_spec-1_0_model_1_retry_1_2|T0.05|3,1hufA00|rfd3|rfd3_inputs_spec-1_0_model_1_retry_1_2,1hufA00,0.05,rfd3,0.685013889199947,0.8415,69.86146341463414,6.4804,7.286,7.286,ca_rmsd_dssp_non_loop,81,ok,
1hufA00|rfd3|rfd3_inputs_spec-1_0_model_1_retry_1_2|T0.05|0,1hufA00|rfd3|rfd3_inputs_spec-1_0_model_1_retry_1_2,1hufA00,0.05,rfd3,0.7033057206061241,0.9131,63.63723577235773,3.2244,4.2259,4.2259,ca_rmsd_dssp_non_loop,81,ok,
1hufA00|rfd3|rfd3_inputs_spec-1_0_model_1_retry_1_2|T0.05|4,1hufA00|rfd3|rfd3_inputs_spec-1_0_model_1_retry_1_2,1hufA00,0.05,rfd3,0.794806677610986,0.8457,80.75650406504064,0.8117,1.6779,1.6779,ca_rmsd_dssp_non_loop,81,ok,
1hufA00|rfd3|rfd3_inputs_spec-1_0_model_1_retry_1_2|T0.05|6,1hufA00|rfd3|rfd3_inputs_spec-1_0_model_1_retry_1_2,1hufA00,0.05,rfd3,0.6414788633601878,0.887,68.99276422764228,7.0659,7.9676,7.9676,ca_rmsd_dssp_non_loop,81,ok,
1hufA00|rfd3|rfd3_inputs_spec-1_0_model_1_retry_1_2|T0.05|5,1hufA00|rfd3|rfd3_inputs_spec-1_0_model_1_retry_1_2,1hufA00,0.05,rfd3,0.5621965116856681,0.8819,77.41699186991869,1.3745,2.1224,2.1224,ca_rmsd_dssp_non_loop,81,ok,
1hufA00|rfd3|rfd3_inputs_spec-1_0_model_1_retry_1_2|T0.05|7,1hufA00|rfd3|rfd3_inputs_spec-1_0_model_1_retry_1_2,1hufA00,0.05,rfd3,0.7834445510455897,0.8663,65.84365853658537,2.4466,3.9805,3.9805,ca_rmsd_dssp_non_loop,81,ok,
1hufA00|rfd3|rfd3_inputs_spec-1_0_model_1_retry_1_2|T0.1|1,1hufA00|rfd3|rfd3_inputs_spec-1_0_model_1_retry_1_2,1hufA00,0.1,rfd3,0.4917893560294638,0.877,70.87146341463415,2.1361,2.9486,2.9486,ca_rmsd_dssp_non_loop,81,ok,
1hufA00|rfd3|rfd3_inputs_spec-1_0_model_1_retry_1_2|T0.1|2,1hufA00|rfd3|rfd3_inputs_spec-1_0_model_1_retry_1_2,1hufA00,0.1,rfd3,0.7404781611106664,0.9187,62.78162601626016,6.7792,7.5631,7.5631,ca_rmsd_dssp_non_loop,81,ok,
1hufA00|rfd3|rfd3_inputs_spec-1_0_model_1_retry_1_2|T0.1|0,1hufA00|rfd3|rfd3_inputs_spec-1_0_model_1_retry_1_2,1hufA00,0.1,rfd3,0.800838733670949,0.8912,70.68853658536585,5.9263,7.4804,7.6985,ca_rmsd_dssp_non_loop,81,ok,
1hufA00|rfd3|rfd3_inputs_spec-1_0_model_1_retry_1_2|T0.1|3,1hufA00|rfd3|rfd3_inputs_spec-1_0_model_1_retry_1_2,1hufA00,0.1,rfd3,0.7643918612492764,0.8609,64.72536585365854,8.4184,9.5617,9.5617,ca_rmsd_dssp_non_loop,81,ok,
1hufA00|rfd3|rfd3_inputs_spec-1_0_model_1_retry_1_2|T0.1|4,1hufA00|rfd3|rfd3_inputs_spec-1_0_model_1_retry_1_2,1hufA00,0.1,rfd3,0.794806677610986,0.8292,69.35065040650406,2.5832,4.4211,4.4211,ca_rmsd_dssp_non_loop,81,ok,
1hufA00|rfd3|rfd3_inputs_spec-1_0_model_1_retry_1_2|T0.1|5,1hufA00|rfd3|rfd3_inputs_spec-1_0_model_1_retry_1_2,1hufA00,0.1,rfd3,0.7133826535011346,0.8923,80.24341463414635,0.9494,2.3058,2.3058,ca_rmsd_dssp_non_loop,81,ok,
1hufA00|rfd3|rfd3_inputs_spec-1_0_model_1_retry_1_2|T0.1|6,1hufA00|rfd3|rfd3_inputs_spec-1_0_model_1_retry_1_2,1hufA00,0.1,rfd3,0.7212949952056049,0.8804,72.85439024390244,1.1106,2.0632,2.0632,ca_rmsd_dssp_non_loop,81,ok,
1hufA00|rfd3|rfd3_inputs_spec-1_0_model_1_retry_1_2|T0.1|7,1hufA00|rfd3|rfd3_inputs_spec-1_0_model_1_retry_1_2,1hufA00,0.1,rfd3,0.5141425680697755,0.8893,48.621707317073174,11.6978,13.3162,13.3162,ca_rmsd_dssp_non_loop,81,ok,
1hufA00|rfd3|rfd3_inputs_spec-1_0_model_1_retry_1_2|T0.2|0,1hufA00|rfd3|rfd3_inputs_spec-1_0_model_1_retry_1_2,1hufA00,0.2,rfd3,0.6614121301671961,0.9412,68.2080487804878,2.3391,2.9488,2.9488,ca_rmsd_dssp_non_loop,81,ok,
1hufA00|rfd3|rfd3_inputs_spec-1_0_model_1_retry_1_2|T0.2|1,1hufA00|rfd3|rfd3_inputs_spec-1_0_model_1_retry_1_2,1hufA00,0.2,rfd3,0.8205384805926733,0.8918,78.50544715447154,7.7898,8.7097,8.7097,ca_rmsd_dssp_non_loop,81,ok,
1hufA00|rfd3|rfd3_inputs_spec-1_0_model_1_retry_1_2|T0.2|2,1hufA00|rfd3|rfd3_inputs_spec-1_0_model_1_retry_1_2,1hufA00,0.2,rfd3,0.7036449039883794,0.949,67.7889430894309,7.0445,7.9755,7.9755,ca_rmsd_dssp_non_loop,81,ok,
1hufA00|rfd3|rfd3_inputs_spec-1_0_model_1_retry_1_2|T0.2|3,1hufA00|rfd3|rfd3_inputs_spec-1_0_model_1_retry_1_2,1hufA00,0.2,rfd3,0.7212949952056049,0.8979,72.86585365853658,6.1258,6.8582,6.8582,ca_rmsd_dssp_non_loop,81,ok,
1hufA00|rfd3|rfd3_inputs_spec-1_0_model_1_retry_1_2|T0.2|4,1hufA00|rfd3|rfd3_inputs_spec-1_0_model_1_retry_1_2,1hufA00,0.2,rfd3,0.7373412446327904,0.8605,61.18113821138211,5.7481,6.4059,6.4059,ca_rmsd_dssp_non_loop,81,ok,
1hufA00|rfd3|rfd3_inputs_spec-1_0_model_1_retry_1_2|T0.2|5,1hufA00|rfd3|rfd3_inputs_spec-1_0_model_1_retry_1_2,1hufA00,0.2,rfd3,0.7733486543871971,0.8965,65.34585365853658,6.1935,7.7752,7.7752,ca_rmsd_dssp_non_loop,81,ok,
1hufA00|rfd3|rfd3_inputs_spec-1_0_model_1_retry_1_2|T0.2|6,1hufA00|rfd3|rfd3_inputs_spec-1_0_model_1_retry_1_2,1hufA00,0.2,rfd3,0.6718904957666735,0.9716,52.36317073170732,5.4352,8.1022,8.1022,ca_rmsd_dssp_non_loop,81,ok,
1hufA00|rfd3|rfd3_inputs_spec-1_0_model_1_retry_1_2|T0.2|7,1hufA00|rfd3|rfd3_inputs_spec-1_0_model_1_retry_1_2,1hufA00,0.2,rfd3,0.836914478557437,0.9121,70.77243902439025,0.9813,2.2097,2.2097,ca_rmsd_dssp_non_loop,81,ok,
1hufA00|rfd3|rfd3_inputs_spec-1_0_model_1_retry_1_2|T0.3|1,1hufA00|rfd3|rfd3_inputs_spec-1_0_model_1_retry_1_2,1hufA00,0.3,rfd3,0.7448287641394562,0.9557,73.75731707317073,7.6239,9.2842,9.2842,ca_rmsd_dssp_non_loop,81,ok,
1hufA00|rfd3|rfd3_inputs_spec-1_0_model_1_retry_1_2|T0.3|3,1hufA00|rfd3|rfd3_inputs_spec-1_0_model_1_retry_1_2,1hufA00,0.3,rfd3,0.7123842120992313,1.0416,56.00195121951219,6.1262,6.7901,6.7901,ca_rmsd_dssp_non_loop,81,ok,
1hufA00|rfd3|rfd3_inputs_spec-1_0_model_1_retry_1_2|T0.3|4,1hufA00|rfd3|rfd3_inputs_spec-1_0_model_1_retry_1_2,1hufA00,0.3,rfd3,0.5954800102837483,1.017,64.08585365853659,7.0281,7.7852,7.7852,ca_rmsd_dssp_non_loop,81,ok,
1hufA00|rfd3|rfd3_inputs_spec-1_0_model_1_retry_1_2|T0.3|2,1hufA00|rfd3|rfd3_inputs_spec-1_0_model_1_retry_1_2,1hufA00,0.3,rfd3,0.654459350883983,0.991,62.877073170731705,7.2593,8.2409,8.2409,ca_rmsd_dssp_non_loop,81,ok,
1hufA00|rfd3|rfd3_inputs_spec-1_0_model_1_retry_1_2|T0.3|0,1hufA00|rfd3|rfd3_inputs_spec-1_0_model_1_retry_1_2,1hufA00,0.3,rfd3,0.7500467783225431,0.8997,75.65284552845527,6.1616,7.7926,7.7926,ca_rmsd_dssp_non_loop,81,ok,
1hufA00|rfd3|rfd3_inputs_spec-1_0_model_1_retry_1_2|T0.3|7,1hufA00|rfd3|rfd3_inputs_spec-1_0_model_1_retry_1_2,1hufA00,0.3,rfd3,0.695443056356975,0.9912,52.17422764227643,22.1468,11.7382,11.817,ca_rmsd_dssp_non_loop,81,ok,
1hufA00|rfd3|rfd3_inputs_spec-1_0_model_1_retry_1_2|T0.3|5,1hufA00|rfd3|rfd3_inputs_spec-1_0_model_1_retry_1_2,1hufA00,0.3,rfd3,0.7176851711619318,0.9848,76.88552845528456,0.8042,1.4713,1.4713,ca_rmsd_dssp_non_loop,81,ok,
1jygA00|rfd3|rfd3_inputs_spec-1_0_model_0|T0.05|1,1jygA00|rfd3|rfd3_inputs_spec-1_0_model_0,1jygA00,0.05,rfd3,0.8955739383086047,0.9303,80.63840579710146,2.364,3.5263,3.5263,ca_rmsd_dssp_non_loop,46,ok,
1jygA00|rfd3|rfd3_inputs_spec-1_0_model_0|T0.05|0,1jygA00|rfd3|rfd3_inputs_spec-1_0_model_0,1jygA00,0.05,rfd3,0.7318556756810548,1.0001,76.60666666666665,2.389,3.5662,3.5662,ca_rmsd_dssp_non_loop,46,ok,
1jygA00|rfd3|rfd3_inputs_spec-1_0_model_0|T0.05|2,1jygA00|rfd3|rfd3_inputs_spec-1_0_model_0,1jygA00,0.05,rfd3,0.7335586918343197,0.9882,76.03739130434782,1.864,2.5404,2.5404,ca_rmsd_dssp_non_loop,46,ok,
1jygA00|rfd3|rfd3_inputs_spec-1_0_model_0|T0.05|3,1jygA00|rfd3|rfd3_inputs_spec-1_0_model_0,1jygA00,0.05,rfd3,0.8357920707374401,0.9611,76.92652173913044,1.8386,2.5847,2.5847,ca_rmsd_dssp_non_loop,46,ok,
1jygA00|rfd3|rfd3_inputs_spec-1_0_model_0|T0.05|5,1jygA00|rfd3|rfd3_inputs_spec-1_0_model_0,1jygA00,0.05,rfd3,0.8488740336108779,0.9475,74.52173913043478,2.8142,3.9257,3.9257,ca_rmsd_dssp_non_loop,46,ok,
1hufA00|rfd3|rfd3_inputs_spec-1_0_model_1_retry_1_2|T0.3|6,1hufA00|rfd3|rfd3_inputs_spec-1_0_model_1_retry_1_2,1hufA00,0.3,rfd3,0.6999015864387881,0.965,77.32691056910568,3.6701,5.4367,5.4367,ca_rmsd_dssp_non_loop,81,ok,
1jygA00|rfd3|rfd3_inputs_spec-1_0_model_0|T0.05|4,1jygA00|rfd3|rfd3_inputs_spec-1_0_model_0,1jygA00,0.05,rfd3,0.8373771131619434,0.9653,72.49304347826086,2.6554,4.268,4.268,ca_rmsd_dssp_non_loop,46,ok,
1jygA00|rfd3|rfd3_inputs_spec-1_0_model_0|T0.05|6,1jygA00|rfd3|rfd3_inputs_spec-1_0_model_0,1jygA00,0.05,rfd3,0.8451178518667501,0.9861,79.17362318840578,2.7071,3.8507,3.8507,ca_rmsd_dssp_non_loop,46,ok,
1jygA00|rfd3|rfd3_inputs_spec-1_0_model_0|T0.05|7,1jygA00|rfd3|rfd3_inputs_spec-1_0_model_0,1jygA00,0.05,rfd3,0.8529190038684134,0.962,80.13260869565217,3.0531,4.2582,4.2582,ca_rmsd_dssp_non_loop,46,ok,
1jygA00|rfd3|rfd3_inputs_spec-1_0_model_0|T0.1|2,1jygA00|rfd3|rfd3_inputs_spec-1_0_model_0,1jygA00,0.1,rfd3,0.8634962751238788,0.9692,77.52724637681159,2.2875,3.5732,3.5732,ca_rmsd_dssp_non_loop,46,ok,
1jygA00|rfd3|rfd3_inputs_spec-1_0_model_0|T0.1|3,1jygA00|rfd3|rfd3_inputs_spec-1_0_model_0,1jygA00,0.1,rfd3,0.7587954579574099,0.9658,71.98869565217392,2.3084,3.1856,3.1856,ca_rmsd_dssp_non_loop,46,ok,
1jygA00|rfd3|rfd3_inputs_spec-1_0_model_0|T0.1|1,1jygA00|rfd3|rfd3_inputs_spec-1_0_model_0,1jygA00,0.1,rfd3,0.8337933398782196,0.9626,77.46,2.2858,3.1867,3.1867,ca_rmsd_dssp_non_loop,46,ok,
1jygA00|rfd3|rfd3_inputs_spec-1_0_model_0|T0.1|4,1jygA00|rfd3|rfd3_inputs_spec-1_0_model_0,1jygA00,0.1,rfd3,0.8911564717697218,0.9358,77.74521739130435,1.8344,2.7924,2.7924,ca_rmsd_dssp_non_loop,46,ok,
1jygA00|rfd3|rfd3_inputs_spec-1_0_model_0|T0.1|0,1jygA00|rfd3|rfd3_inputs_spec-1_0_model_0,1jygA00,0.1,rfd3,0.8055655165267512,0.9564,78.01768115942029,2.0199,2.9738,2.9738,ca_rmsd_dssp_non_loop,46,ok,
1jygA00|rfd3|rfd3_inputs_spec-1_0_model_0|T0.1|6,1jygA00|rfd3|rfd3_inputs_spec-1_0_model_0,1jygA00,0.1,rfd3,0.8614333650650314,0.9514,77.16072463768116,2.379,3.4331,3.4331,ca_rmsd_dssp_non_loop,46,ok,
1jygA00|rfd3|rfd3_inputs_spec-1_0_model_0|T0.1|5,1jygA00|rfd3|rfd3_inputs_spec-1_0_model_0,1jygA00,0.1,rfd3,0.786760384517171,0.9678,79.55739130434783,1.5026,2.0391,2.0391,ca_rmsd_dssp_non_loop,46,ok,
1jygA00|rfd3|rfd3_inputs_spec-1_0_model_0|T0.2|0,1jygA00|rfd3|rfd3_inputs_spec-1_0_model_0,1jygA00,0.2,rfd3,0.6544913250614078,1.0355,77.84014492753623,1.6667,2.1517,2.1517,ca_rmsd_dssp_non_loop,46,ok,
1jygA00|rfd3|rfd3_inputs_spec-1_0_model_0|T0.2|2,1jygA00|rfd3|rfd3_inputs_spec-1_0_model_0,1jygA00,0.2,rfd3,0.8473806251796682,0.9858,74.96260869565218,2.2926,3.4342,3.4342,ca_rmsd_dssp_non_loop,46,ok,
1jygA00|rfd3|rfd3_inputs_spec-1_0_model_0|T0.1|7,1jygA00|rfd3|rfd3_inputs_spec-1_0_model_0,1jygA00,0.1,rfd3,0.863154261512189,0.9668,73.76608695652173,2.5725,4.0841,4.0841,ca_rmsd_dssp_non_loop,46,ok,
1jygA00|rfd3|rfd3_inputs_spec-1_0_model_0|T0.2|3,1jygA00|rfd3|rfd3_inputs_spec-1_0_model_0,1jygA00,0.2,rfd3,0.8668769541947279,1.0331,79.02478260869566,2.1198,2.8459,2.8459,ca_rmsd_dssp_non_loop,46,ok,
1jygA00|rfd3|rfd3_inputs_spec-1_0_model_0|T0.2|1,1jygA00|rfd3|rfd3_inputs_spec-1_0_model_0,1jygA00,0.2,rfd3,0.8333912641700261,1.0002,74.06884057971014,1.911,3.0774,3.0774,ca_rmsd_dssp_non_loop,46,ok,
1jygA00|rfd3|rfd3_inputs_spec-1_0_model_0|T0.2|6,1jygA00|rfd3|rfd3_inputs_spec-1_0_model_0,1jygA00,0.2,rfd3,0.7179858782005596,1.0212,81.1895652173913,1.9776,3.021,3.021,ca_rmsd_dssp_non_loop,46,ok,
1jygA00|rfd3|rfd3_inputs_spec-1_0_model_0|T0.2|4,1jygA00|rfd3|rfd3_inputs_spec-1_0_model_0,1jygA00,0.2,rfd3,0.8536447528278659,0.9859,75.9936231884058,1.8455,2.9055,2.9055,ca_rmsd_dssp_non_loop,46,ok,
1jygA00|rfd3|rfd3_inputs_spec-1_0_model_0|T0.2|5,1jygA00|rfd3|rfd3_inputs_spec-1_0_model_0,1jygA00,0.2,rfd3,0.769759997683086,1.007,80.33739130434782,2.4773,3.401,3.401,ca_rmsd_dssp_non_loop,46,ok,
1jygA00|rfd3|rfd3_inputs_spec-1_0_model_0|T0.3|0,1jygA00|rfd3|rfd3_inputs_spec-1_0_model_0,1jygA00,0.3,rfd3,0.5551371765339014,1.052,72.29057971014493,1.6783,2.5919,2.5919,ca_rmsd_dssp_non_loop,46,ok,
1jygA00|rfd3|rfd3_inputs_spec-1_0_model_0|T0.3|1,1jygA00|rfd3|rfd3_inputs_spec-1_0_model_0,1jygA00,0.3,rfd3,0.8109556746253441,1.0395,76.51855072463768,3.1566,4.5462,4.5462,ca_rmsd_dssp_non_loop,46,ok,
1jygA00|rfd3|rfd3_inputs_spec-1_0_model_0|T0.2|7,1jygA00|rfd3|rfd3_inputs_spec-1_0_model_0,1jygA00,0.2,rfd3,0.8568739626301253,1.0065,77.27826086956522,1.6539,2.1866,2.1866,ca_rmsd_dssp_non_loop,46,ok,
1jygA00|rfd3|rfd3_inputs_spec-1_0_model_0|T0.3|2,1jygA00|rfd3|rfd3_inputs_spec-1_0_model_0,1jygA00,0.3,rfd3,0.789181706522253,1.0635,77.41710144927536,2.4471,3.5086,3.5086,ca_rmsd_dssp_non_loop,46,ok,
1jygA00|rfd3|rfd3_inputs_spec-1_0_model_0|T0.3|4,1jygA00|rfd3|rfd3_inputs_spec-1_0_model_0,1jygA00,0.3,rfd3,0.7833365829965677,1.1009,72.80927536231884,1.8854,2.8723,2.8723,ca_rmsd_dssp_non_loop,46,ok,
1jygA00|rfd3|rfd3_inputs_spec-1_0_model_0|T0.3|5,1jygA00|rfd3|rfd3_inputs_spec-1_0_model_0,1jygA00,0.3,rfd3,0.8665421018201833,0.9944,78.05420289855073,2.5923,3.9113,3.9113,ca_rmsd_dssp_non_loop,46,ok,
1jygA00|rfd3|rfd3_inputs_spec-1_0_model_0|T0.3|6,1jygA00|rfd3|rfd3_inputs_spec-1_0_model_0,1jygA00,0.3,rfd3,0.8260203626107319,1.0189,75.61768115942029,2.5892,3.7501,3.7501,ca_rmsd_dssp_non_loop,46,ok,
1jygA00|rfd3|rfd3_inputs_spec-1_0_model_0|T0.3|7,1jygA00|rfd3|rfd3_inputs_spec-1_0_model_0,1jygA00,0.3,rfd3,0.8192544306848817,1.0686,69.37101449275363,1.9681,2.7919,2.7919,ca_rmsd_dssp_non_loop,46,ok,
1jygA00|bioemu|bioemu_002|T0.05|1,1jygA00|bioemu|bioemu_002,1jygA00,0.05,bioemu,0.9550508135002852,1.0603,89.12724637681158,8.6169,10.9645,10.9645,ca_rmsd_dssp_non_loop,51,ok,
1jygA00|bioemu|bioemu_002|T0.05|0,1jygA00|bioemu|bioemu_002,1jygA00,0.05,bioemu,0.9592103162845156,1.0996,87.14782608695651,1.1502,1.534,1.534,ca_rmsd_dssp_non_loop,51,ok,
1jygA00|bioemu|bioemu_002|T0.05|2,1jygA00|bioemu|bioemu_002,1jygA00,0.05,bioemu,0.9698432194626506,1.1378,79.8231884057971,3.2876,3.9776,3.9776,ca_rmsd_dssp_non_loop,51,ok,
1jygA00|bioemu|bioemu_002|T0.05|4,1jygA00|bioemu|bioemu_002,1jygA00,0.05,bioemu,0.926721871198208,1.1069,90.40478260869565,8.1914,10.6507,10.6509,ca_rmsd_dssp_non_loop,51,ok,
1jygA00|bioemu|bioemu_002|T0.05|3,1jygA00|bioemu|bioemu_002,1jygA00,0.05,bioemu,0.9442832275498125,1.1212,82.47797101449275,3.2312,3.9553,3.9553,ca_rmsd_dssp_non_loop,51,ok,
1jygA00|bioemu|bioemu_002|T0.05|5,1jygA00|bioemu|bioemu_002,1jygA00,0.05,bioemu,0.9493863344862511,1.1614,89.55101449275362,0.8331,1.0396,1.0396,ca_rmsd_dssp_non_loop,51,ok,
1jygA00|bioemu|bioemu_002|T0.05|7,1jygA00|bioemu|bioemu_002,1jygA00,0.05,bioemu,0.9414737455570941,1.1393,87.84942028985506,8.0152,10.1166,10.1166,ca_rmsd_dssp_non_loop,51,ok,
1jygA00|rfd3|rfd3_inputs_spec-1_0_model_0|T0.3|3,1jygA00|rfd3|rfd3_inputs_spec-1_0_model_0,1jygA00,0.3,rfd3,0.5849648163213435,1.0488,80.66420289855073,1.6516,2.4054,2.4054,ca_rmsd_dssp_non_loop,46,ok,
1jygA00|bioemu|bioemu_002|T0.1|0,1jygA00|bioemu|bioemu_002,1jygA00,0.1,bioemu,0.9177946753129541,1.205,85.74000000000001,1.5383,1.7598,1.7598,ca_rmsd_dssp_non_loop,51,ok,
1jygA00|bioemu|bioemu_002|T0.1|1,1jygA00|bioemu|bioemu_002,1jygA00,0.1,bioemu,0.9433611275338292,1.1093,82.57913043478261,2.1422,2.4736,2.4736,ca_rmsd_dssp_non_loop,51,ok,
1jygA00|bioemu|bioemu_002|T0.1|3,1jygA00|bioemu|bioemu_002,1jygA00,0.1,bioemu,0.9703477338157034,1.1137,86.99927536231884,1.6853,2.0277,2.0277,ca_rmsd_dssp_non_loop,51,ok,
1jygA00|bioemu|bioemu_002|T0.1|2,1jygA00|bioemu|bioemu_002,1jygA00,0.1,bioemu,0.9301869879884043,1.1261,86.93869565217392,2.871,3.7291,3.7291,ca_rmsd_dssp_non_loop,51,ok,
1jygA00|bioemu|bioemu_002|T0.1|5,1jygA00|bioemu|bioemu_002,1jygA00,0.1,bioemu,0.9086126321234173,1.1335,89.8127536231884,1.2491,1.4491,1.4491,ca_rmsd_dssp_non_loop,51,ok,
1jygA00|bioemu|bioemu_002|T0.1|6,1jygA00|bioemu|bioemu_002,1jygA00,0.1,bioemu,0.9557915200141762,1.1744,84.36144927536232,2.1605,2.468,2.468,ca_rmsd_dssp_non_loop,51,ok,
1jygA00|bioemu|bioemu_002|T0.05|6,1jygA00|bioemu|bioemu_002,1jygA00,0.05,bioemu,0.9345715148384195,1.0746,82.53579710144928,8.1207,10.4759,10.4759,ca_rmsd_dssp_non_loop,51,ok,
1jygA00|bioemu|bioemu_002|T0.1|7,1jygA00|bioemu|bioemu_002,1jygA00,0.1,bioemu,0.946965440942501,1.1051,87.76115942028986,1.9879,2.1298,2.1298,ca_rmsd_dssp_non_loop,51,ok,
1jygA00|bioemu|bioemu_002|T0.2|0,1jygA00|bioemu|bioemu_002,1jygA00,0.2,bioemu,0.9137714936509167,1.2278,90.86159420289854,0.6002,0.7886,0.7886,ca_rmsd_dssp_non_loop,51,ok,
1jygA00|bioemu|bioemu_002|T0.2|1,1jygA00|bioemu|bioemu_002,1jygA00,0.2,bioemu,0.9342161417262748,1.1474,86.75521739130434,2.2907,2.4362,2.4362,ca_rmsd_dssp_non_loop,51,ok,
1jygA00|bioemu|bioemu_002|T0.1|4,1jygA00|bioemu|bioemu_002,1jygA00,0.1,bioemu,0.9026697017369867,1.1328,94.19565217391305,0.7082,0.9668,0.9668,ca_rmsd_dssp_non_loop,51,ok,
1jygA00|bioemu|bioemu_002|T0.2|3,1jygA00|bioemu|bioemu_002,1jygA00,0.2,bioemu,0.9435158008587321,1.171,87.41333333333334,1.3926,1.8052,1.8052,ca_rmsd_dssp_non_loop,51,ok,
1jygA00|bioemu|bioemu_002|T0.2|2,1jygA00|bioemu|bioemu_002,1jygA00,0.2,bioemu,0.8685405621927588,1.2693,91.10246376811594,7.7891,9.8301,9.8302,ca_rmsd_dssp_non_loop,51,ok,
1jygA00|bioemu|bioemu_002|T0.2|6,1jygA00|bioemu|bioemu_002,1jygA00,0.2,bioemu,0.9201684294154182,1.2314,84.37695652173913,1.1171,1.2033,1.2033,ca_rmsd_dssp_non_loop,51,ok,
1jygA00|bioemu|bioemu_002|T0.2|5,1jygA00|bioemu|bioemu_002,1jygA00,0.2,bioemu,0.8931089561318458,1.2199,89.22985507246376,8.5178,10.4868,10.4868,ca_rmsd_dssp_non_loop,51,ok,
1jygA00|bioemu|bioemu_002|T0.3|0,1jygA00|bioemu|bioemu_002,1jygA00,0.3,bioemu,0.9049376740134477,1.2618,87.51362318840579,1.2811,1.5066,1.5066,ca_rmsd_dssp_non_loop,51,ok,
1jygA00|bioemu|bioemu_002|T0.2|7,1jygA00|bioemu|bioemu_002,1jygA00,0.2,bioemu,0.9527571160812883,1.2734,85.83072463768116,1.4748,1.7236,1.7236,ca_rmsd_dssp_non_loop,51,ok,
1jygA00|bioemu|bioemu_002|T0.3|1,1jygA00|bioemu|bioemu_002,1jygA00,0.3,bioemu,0.9180130993712504,1.2545,91.1027536231884,1.0134,1.2327,1.2327,ca_rmsd_dssp_non_loop,51,ok,
1jygA00|bioemu|bioemu_002|T0.3|2,1jygA00|bioemu|bioemu_002,1jygA00,0.3,bioemu,0.895844703775754,1.32,90.15579710144928,0.7391,0.9648,0.9648,ca_rmsd_dssp_non_loop,51,ok,
1jygA00|bioemu|bioemu_002|T0.2|4,1jygA00|bioemu|bioemu_002,1jygA00,0.2,bioemu,0.9585244055254559,1.2074,88.00608695652174,7.9804,9.881,9.881,ca_rmsd_dssp_non_loop,51,ok,
1jygA00|bioemu|bioemu_002|T0.3|4,1jygA00|bioemu|bioemu_002,1jygA00,0.3,bioemu,0.8925542713073954,1.3209,86.1955072463768,0.8806,1.2459,1.2464,ca_rmsd_dssp_non_loop,51,ok,
1jygA00|bioemu|bioemu_002|T0.3|5,1jygA00|bioemu|bioemu_002,1jygA00,0.3,bioemu,0.9100465058604598,1.3156,85.00347826086956,1.5903,1.9176,1.9176,ca_rmsd_dssp_non_loop,51,ok,
1jygA00|bioemu|bioemu_002|T0.3|3,1jygA00|bioemu|bioemu_002,1jygA00,0.3,bioemu,0.8518247990904327,1.2962,78.39942028985507,1.9648,2.1842,2.1842,ca_rmsd_dssp_non_loop,51,ok,
1jygA00|bioemu|bioemu_002|T0.3|6,1jygA00|bioemu|bioemu_002,1jygA00,0.3,bioemu,0.8333912641700261,1.3755,83.07579710144927,8.2297,10.372,10.3882,ca_rmsd_dssp_non_loop,51,ok,
1af7A01|target|target|T0.05|0,1af7A01|target|target,1af7A01,0.05,target,0.7803051041269133,0.8678,91.58627737226277,31.7366,1.67,18.4153,ca_rmsd_dssp_non_loop,167,ok,
1jygA00|bioemu|bioemu_002|T0.3|7,1jygA00|bioemu|bioemu_002,1jygA00,0.3,bioemu,0.9424246974441923,1.1884,89.87014492753623,0.7239,0.956,0.956,ca_rmsd_dssp_non_loop,51,ok,
1af7A01|target|target|T0.05|1,1af7A01|target|target,1af7A01,0.05,target,0.8198926622435126,0.8572,92.31441605839417,33.2576,1.4269,19.7937,ca_rmsd_dssp_non_loop,167,ok,
1af7A01|target|target|T0.05|2,1af7A01|target|target,1af7A01,0.05,target,0.7954273265842032,0.8434,93.79992700729927,31.3738,3.0996,18.8698,ca_rmsd_dssp_non_loop,167,ok,
1af7A01|target|target|T0.05|3,1af7A01|target|target,1af7A01,0.05,target,0.7923218404894522,0.8732,93.83014598540146,16.6954,1.8765,16.8111,ca_rmsd_dssp_non_loop,167,ok,
1af7A01|target|target|T0.05|5,1af7A01|target|target,1af7A01,0.05,target,0.795308525281552,0.8779,94.52609489051095,17.1172,2.2166,16.8554,ca_rmsd_dssp_non_loop,167,ok,
1af7A01|target|target|T0.05|4,1af7A01|target|target,1af7A01,0.05,target,0.6843886914934061,0.8651,94.10299270072993,17.4952,2.6335,16.9501,ca_rmsd_dssp_non_loop,167,ok,
1af7A01|target|target|T0.05|6,1af7A01|target|target,1af7A01,0.05,target,0.7417408712833009,0.8666,93.32642335766423,27.6764,1.5883,18.2794,ca_rmsd_dssp_non_loop,167,ok,
1af7A01|target|target|T0.05|7,1af7A01|target|target,1af7A01,0.05,target,0.7894244856518802,0.8859,93.58262773722628,18.4732,1.4516,16.8761,ca_rmsd_dssp_non_loop,167,ok,
1af7A01|target|target|T0.1|0,1af7A01|target|target,1af7A01,0.1,target,0.7690956305104768,0.8717,91.96642335766423,33.6185,2.1468,20.4929,ca_rmsd_dssp_non_loop,167,ok,
1af7A01|target|target|T0.1|1,1af7A01|target|target,1af7A01,0.1,target,0.7872320909152528,0.884,93.17992700729927,21.7071,1.8491,16.8727,ca_rmsd_dssp_non_loop,167,ok,
1af7A01|target|target|T0.1|2,1af7A01|target|target,1af7A01,0.1,target,0.8193530960982869,0.8412,93.57313868613139,18.6547,1.7047,16.8031,ca_rmsd_dssp_non_loop,167,ok,
1af7A01|target|target|T0.1|3,1af7A01|target|target,1af7A01,0.1,target,0.729102339533317,0.8643,93.65832116788322,15.8448,1.7892,16.8393,ca_rmsd_dssp_non_loop,167,ok,
1af7A01|target|target|T0.1|4,1af7A01|target|target,1af7A01,0.1,target,0.8321611609921656,0.8646,92.65043795620439,35.8347,1.3587,35.7904,ca_rmsd_dssp_non_loop,167,ok,
1af7A01|target|target|T0.1|5,1af7A01|target|target,1af7A01,0.1,target,0.7683169584168504,0.8852,92.97372262773722,18.3715,1.6294,16.8971,ca_rmsd_dssp_non_loop,167,ok,
1af7A01|target|target|T0.1|6,1af7A01|target|target,1af7A01,0.1,target,0.7737291337493539,0.8745,93.84310218978102,29.4208,1.4961,17.9699,ca_rmsd_dssp_non_loop,167,ok,
1af7A01|target|target|T0.1|7,1af7A01|target|target,1af7A01,0.1,target,0.7119085572090639,0.8983,94.30992700729927,30.175,2.256,17.1479,ca_rmsd_dssp_non_loop,167,ok,
1af7A01|target|target|T0.2|0,1af7A01|target|target,1af7A01,0.2,target,0.7793024202256463,0.8812,93.3459489051095,17.0488,1.8256,16.6806,ca_rmsd_dssp_non_loop,167,ok,
1af7A01|target|target|T0.2|1,1af7A01|target|target,1af7A01,0.2,target,0.739216023823488,0.9175,93.05149635036497,29.0423,3.2077,17.0298,ca_rmsd_dssp_non_loop,167,ok,
1af7A01|target|target|T0.2|2,1af7A01|target|target,1af7A01,0.2,target,0.7932810642718526,0.9212,92.36189781021898,17.5661,1.5982,16.8713,ca_rmsd_dssp_non_loop,167,ok,
1af7A01|target|target|T0.2|3,1af7A01|target|target,1af7A01,0.2,target,0.8009532363943287,0.9125,93.91729927007299,17.0933,1.9137,16.77,ca_rmsd_dssp_non_loop,167,ok,
1af7A01|target|target|T0.2|4,1af7A01|target|target,1af7A01,0.2,target,0.7624185917349632,0.8954,92.04291970802919,28.3811,1.9576,18.7449,ca_rmsd_dssp_non_loop,167,ok,
1af7A01|target|target|T0.2|5,1af7A01|target|target,1af7A01,0.2,target,0.7844065263810022,0.8978,93.97350364963505,31.5186,1.9147,18.6709,ca_rmsd_dssp_non_loop,167,ok,
1af7A01|target|target|T0.2|6,1af7A01|target|target,1af7A01,0.2,target,0.7443886421710614,0.927,93.19514598540147,16.0049,2.0209,16.7775,ca_rmsd_dssp_non_loop,167,ok,
1af7A01|target|target|T0.2|7,1af7A01|target|target,1af7A01,0.2,target,0.7618893209483063,0.8844,94.00423357664233,15.8729,1.3357,16.8444,ca_rmsd_dssp_non_loop,167,ok,
1af7A01|target|target|T0.3|0,1af7A01|target|target,1af7A01,0.3,target,0.7712919096669079,0.9238,94.09722627737226,32.1302,3.0824,19.882,ca_rmsd_dssp_non_loop,167,ok,
1af7A01|target|target|T0.3|1,1af7A01|target|target,1af7A01,0.3,target,0.775386088075992,0.9619,93.94598540145985,30.5489,1.4376,18.0843,ca_rmsd_dssp_non_loop,167,ok,
1af7A01|target|target|T0.3|2,1af7A01|target|target,1af7A01,0.3,target,0.6905051014636403,0.9701,91.23587591240876,16.5811,2.2542,16.6361,ca_rmsd_dssp_non_loop,167,ok,
1af7A01|target|target|T0.3|3,1af7A01|target|target,1af7A01,0.3,target,0.8038465211816221,0.9392,93.17043795620438,30.5887,1.9142,18.6348,ca_rmsd_dssp_non_loop,167,ok,
1af7A01|target|target|T0.3|4,1af7A01|target|target,1af7A01,0.3,target,0.7751317340364082,0.9627,92.22941605839416,16.5357,1.5832,16.8634,ca_rmsd_dssp_non_loop,167,ok,
1af7A01|target|target|T0.3|5,1af7A01|target|target,1af7A01,0.3,target,0.7612265934180995,0.9135,93.48372262773722,15.7056,1.7921,16.7204,ca_rmsd_dssp_non_loop,167,ok,
1af7A01|target|target|T0.3|6,1af7A01|target|target,1af7A01,0.3,target,0.7240269795756521,0.963,92.78467153284672,36.1631,2.0765,30.5543,ca_rmsd_dssp_non_loop,167,ok,
1jygA00|target|target|T0.05|0,1jygA00|target|target,1jygA00,0.05,target,0.8721384336809187,1.0628,78.38956521739131,1.0105,4.9428,4.9428,ca_rmsd_dssp_non_loop,44,ok,
1af7A01|target|target|T0.3|7,1af7A01|target|target,1af7A01,0.3,target,0.7604296508255378,0.9212,92.33164233576642,29.1937,1.4938,20.0851,ca_rmsd_dssp_non_loop,167,ok,
1jygA00|target|target|T0.05|1,1jygA00|target|target,1jygA00,0.05,target,0.8955739383086047,1.0709,84.53304347826086,0.717,4.7496,4.7496,ca_rmsd_dssp_non_loop,44,ok,
1jygA00|target|target|T0.05|4,1jygA00|target|target,1jygA00,0.05,target,0.8000595622341912,1.0558,79.79507246376811,0.5932,5.2681,5.2682,ca_rmsd_dssp_non_loop,44,ok,
1jygA00|target|target|T0.05|2,1jygA00|target|target,1jygA00,0.05,target,0.6988313704999992,1.0126,75.19434782608695,0.9469,4.0012,4.0012,ca_rmsd_dssp_non_loop,44,ok,
1jygA00|target|target|T0.05|3,1jygA00|target|target,1jygA00,0.05,target,0.8919970561649221,1.1006,75.86028985507247,2.2413,4.4984,4.4984,ca_rmsd_dssp_non_loop,44,ok,
1jygA00|target|target|T0.05|5,1jygA00|target|target,1jygA00,0.05,target,0.8903101496332224,1.102,75.1336231884058,1.6313,3.1796,3.1796,ca_rmsd_dssp_non_loop,44,ok,
1jygA00|target|target|T0.05|6,1jygA00|target|target,1jygA00,0.05,target,0.8888867899258862,1.055,80.29347826086956,1.028,5.1374,5.1374,ca_rmsd_dssp_non_loop,44,ok,
1jygA00|target|target|T0.05|7,1jygA00|target|target,1jygA00,0.05,target,0.9083716636555211,1.076,77.88710144927536,2.2503,5.5206,5.5206,ca_rmsd_dssp_non_loop,44,ok,
1jygA00|target|target|T0.1|1,1jygA00|target|target,1jygA00,0.1,target,0.7963244247212288,1.0904,70.64333333333335,3.6203,5.1168,5.1168,ca_rmsd_dssp_non_loop,44,ok,
1jygA00|target|target|T0.1|2,1jygA00|target|target,1jygA00,0.1,target,0.8851102387920347,1.1339,82.24536231884058,0.7771,4.5013,4.5013,ca_rmsd_dssp_non_loop,44,ok,
1jygA00|target|target|T0.1|3,1jygA00|target|target,1jygA00,0.1,target,0.8235068576678861,1.0379,81.81405797101449,0.8793,5.127,5.127,ca_rmsd_dssp_non_loop,44,ok,
1jygA00|target|target|T0.1|0,1jygA00|target|target,1jygA00,0.1,target,0.8985183892302171,1.1144,76.29608695652175,0.8606,4.0464,4.0464,ca_rmsd_dssp_non_loop,44,ok,
1jygA00|target|target|T0.1|4,1jygA00|target|target,1jygA00,0.1,target,0.9275053305424384,1.0965,82.92101449275363,0.7441,5.2657,5.2657,ca_rmsd_dssp_non_loop,44,ok,
1jygA00|target|target|T0.1|5,1jygA00|target|target,1jygA00,0.1,target,0.8473806251796682,1.1051,79.20333333333333,0.723,4.5957,4.5957,ca_rmsd_dssp_non_loop,44,ok,
1jygA00|target|target|T0.1|7,1jygA00|target|target,1jygA00,0.1,target,0.7763702380195795,1.0633,77.96913043478261,7.9858,9.9811,9.9863,ca_rmsd_dssp_non_loop,44,ok,
1jygA00|target|target|T0.2|0,1jygA00|target|target,1jygA00,0.2,target,0.9006133266035713,1.0263,80.39550724637681,0.7385,3.5003,3.5003,ca_rmsd_dssp_non_loop,44,ok,
1jygA00|target|target|T0.2|1,1jygA00|target|target,1jygA00,0.2,target,0.8260203626107319,1.1212,83.70739130434784,0.7334,5.5107,5.5107,ca_rmsd_dssp_non_loop,44,ok,
1jygA00|target|target|T0.2|2,1jygA00|target|target,1jygA00,0.2,target,0.8565181136966128,1.1478,78.93971014492755,0.6441,5.1031,5.1031,ca_rmsd_dssp_non_loop,44,ok,
1jygA00|target|target|T0.1|6,1jygA00|target|target,1jygA00,0.1,target,0.9257315838661873,1.052,78.59652173913044,0.6567,3.8133,3.8133,ca_rmsd_dssp_non_loop,44,ok,
1jygA00|target|target|T0.2|3,1jygA00|target|target,1jygA00,0.2,target,0.7272807230088585,1.1426,79.42753623188406,2.7628,7.2821,7.3836,ca_rmsd_dssp_non_loop,44,ok,
1jygA00|target|target|T0.2|4,1jygA00|target|target,1jygA00,0.2,target,0.779375188587483,1.0883,84.71666666666667,0.7294,5.1508,5.1508,ca_rmsd_dssp_non_loop,44,ok,
1jygA00|target|target|T0.2|5,1jygA00|target|target,1jygA00,0.2,target,0.8600436040696724,1.1349,79.11739130434783,0.63,4.426,4.426,ca_rmsd_dssp_non_loop,44,ok,
1jygA00|target|target|T0.2|6,1jygA00|target|target,1jygA00,0.2,target,0.863154261512189,1.1749,79.41246376811594,1.2357,3.9873,3.9873,ca_rmsd_dssp_non_loop,44,ok,
1jygA00|target|target|T0.3|0,1jygA00|target|target,1jygA00,0.3,target,0.7587954579574099,1.2719,86.5831884057971,0.8802,4.9054,4.9054,ca_rmsd_dssp_non_loop,44,ok,
1jygA00|target|target|T0.3|1,1jygA00|target|target,1jygA00,0.3,target,0.8230851775879314,1.1693,80.03811594202898,21.3468,10.9031,10.9031,ca_rmsd_dssp_non_loop,44,ok,
1jygA00|target|target|T0.3|2,1jygA00|target|target,1jygA00,0.3,target,0.7609111141269828,1.3002,71.98492753623188,0.818,3.534,3.534,ca_rmsd_dssp_non_loop,44,ok,
1jygA00|target|target|T0.3|4,1jygA00|target|target,1jygA00,0.3,target,0.8877364909193736,1.2496,75.76710144927537,3.568,5.5505,5.5505,ca_rmsd_dssp_non_loop,44,ok,
1jygA00|target|target|T0.2|7,1jygA00|target|target,1jygA00,0.2,target,0.9066688357049747,1.162,81.67057971014493,0.9327,4.7502,4.7502,ca_rmsd_dssp_non_loop,44,ok,
1jygA00|target|target|T0.3|3,1jygA00|target|target,1jygA00,0.3,target,0.8586421916787398,1.1706,71.99710144927536,6.5148,11.9827,20.4645,ca_rmsd_dssp_non_loop,44,ok,
1jygA00|target|target|T0.3|6,1jygA00|target|target,1jygA00,0.3,target,0.8507238787072133,1.1487,81.0036231884058,1.5748,3.7655,3.7655,ca_rmsd_dssp_non_loop,44,ok,
2jneA00|rfd3|rfd3_inputs_spec-1_0_model_0_retry_1_1|T0.05|0,2jneA00|rfd3|rfd3_inputs_spec-1_0_model_0_retry_1_1,2jneA00,0.05,rfd3,0.6939372833520154,0.9183,87.29450704225351,1.3755,1.793,1.7931,ca_rmsd_dssp_non_loop,41,ok,
1jygA00|target|target|T0.3|7,1jygA00|target|target,1jygA00,0.3,target,0.767181417578786,1.2238,71.73188405797102,17.2456,9.5591,9.5591,ca_rmsd_dssp_non_loop,44,ok,
1jygA00|target|target|T0.3|5,1jygA00|target|target,1jygA00,0.3,target,0.7828442358610126,1.2612,77.37391304347827,0.9533,4.5431,4.5431,ca_rmsd_dssp_non_loop,44,ok,
2jneA00|rfd3|rfd3_inputs_spec-1_0_model_0_retry_1_1|T0.05|2,2jneA00|rfd3|rfd3_inputs_spec-1_0_model_0_retry_1_1,2jneA00,0.05,rfd3,0.5446693189011693,0.8661,88.62549295774647,1.6671,2.1324,2.1333,ca_rmsd_dssp_non_loop,41,ok,
2jneA00|rfd3|rfd3_inputs_spec-1_0_model_0_retry_1_1|T0.05|1,2jneA00|rfd3|rfd3_inputs_spec-1_0_model_0_retry_1_1,2jneA00,0.05,rfd3,0.5236443235396975,0.9091,92.0912676056338,2.7091,3.2991,3.3014,ca_rmsd_dssp_non_loop,41,ok,
2jneA00|rfd3|rfd3_inputs_spec-1_0_model_0_retry_1_1|T0.05|3,2jneA00|rfd3|rfd3_inputs_spec-1_0_model_0_retry_1_1,2jneA00,0.05,rfd3,0.4898605451694097,0.9229,91.60169014084508,1.7615,2.2513,2.2535,ca_rmsd_dssp_non_loop,41,ok,
2jneA00|rfd3|rfd3_inputs_spec-1_0_model_0_retry_1_1|T0.05|4,2jneA00|rfd3|rfd3_inputs_spec-1_0_model_0_retry_1_1,2jneA00,0.05,rfd3,0.6757009487856601,0.9172,90.77619718309859,1.2353,1.7596,1.7612,ca_rmsd_dssp_non_loop,41,ok,
2jneA00|rfd3|rfd3_inputs_spec-1_0_model_0_retry_1_1|T0.05|6,2jneA00|rfd3|rfd3_inputs_spec-1_0_model_0_retry_1_1,2jneA00,0.05,rfd3,0.5565179883989855,0.8955,93.28859154929577,2.1031,2.5862,2.5878,ca_rmsd_dssp_non_loop,41,ok,
2jneA00|rfd3|rfd3_inputs_spec-1_0_model_0_retry_1_1|T0.05|5,2jneA00|rfd3|rfd3_inputs_spec-1_0_model_0_retry_1_1,2jneA00,0.05,rfd3,0.6757009487856602,0.9507,91.32901408450704,1.1526,1.6618,1.6656,ca_rmsd_dssp_non_loop,41,ok,
2jneA00|rfd3|rfd3_inputs_spec-1_0_model_0_retry_1_1|T0.05|7,2jneA00|rfd3|rfd3_inputs_spec-1_0_model_0_retry_1_1,2jneA00,0.05,rfd3,0.6607142722106,0.9104,91.75619718309859,1.4008,1.8303,1.8322,ca_rmsd_dssp_non_loop,41,ok,
2jneA00|rfd3|rfd3_inputs_spec-1_0_model_0_retry_1_1|T0.1|0,2jneA00|rfd3|rfd3_inputs_spec-1_0_model_0_retry_1_1,2jneA00,0.1,rfd3,0.5984169137015797,0.899,93.35000000000001,2.468,2.93,2.9435,ca_rmsd_dssp_non_loop,41,ok,
2jneA00|rfd3|rfd3_inputs_spec-1_0_model_0_retry_1_1|T0.1|2,2jneA00|rfd3|rfd3_inputs_spec-1_0_model_0_retry_1_1,2jneA00,0.1,rfd3,0.6145500150379148,0.9196,89.9574647887324,1.3291,1.9459,1.9498,ca_rmsd_dssp_non_loop,41,ok,
2jneA00|rfd3|rfd3_inputs_spec-1_0_model_0_retry_1_1|T0.1|3,2jneA00|rfd3|rfd3_inputs_spec-1_0_model_0_retry_1_1,2jneA00,0.1,rfd3,0.6830637023872259,0.9479,94.24816901408451,1.3165,1.7389,1.93,ca_rmsd_dssp_non_loop,41,ok,
2jneA00|rfd3|rfd3_inputs_spec-1_0_model_0_retry_1_1|T0.1|1,2jneA00|rfd3|rfd3_inputs_spec-1_0_model_0_retry_1_1,2jneA00,0.1,rfd3,0.5895858383080133,0.8925,87.52732394366197,2.4877,2.8073,2.8085,ca_rmsd_dssp_non_loop,41,ok,
2jneA00|rfd3|rfd3_inputs_spec-1_0_model_0_retry_1_1|T0.1|5,2jneA00|rfd3|rfd3_inputs_spec-1_0_model_0_retry_1_1,2jneA00,0.1,rfd3,0.5738226466908652,0.8795,93.02535211267606,2.4787,2.9233,2.9411,ca_rmsd_dssp_non_loop,41,ok,
2jneA00|rfd3|rfd3_inputs_spec-1_0_model_0_retry_1_1|T0.1|6,2jneA00|rfd3|rfd3_inputs_spec-1_0_model_0_retry_1_1,2jneA00,0.1,rfd3,0.5606852726988455,0.9424,93.61112676056338,1.5873,1.9547,1.9576,ca_rmsd_dssp_non_loop,41,ok,
2jneA00|rfd3|rfd3_inputs_spec-1_0_model_0_retry_1_1|T0.1|7,2jneA00|rfd3|rfd3_inputs_spec-1_0_model_0_retry_1_1,2jneA00,0.1,rfd3,0.5984169137015797,0.9404,89.52549295774648,1.7974,2.2451,2.247,ca_rmsd_dssp_non_loop,41,ok,
2jneA00|rfd3|rfd3_inputs_spec-1_0_model_0_retry_1_1|T0.1|4,2jneA00|rfd3|rfd3_inputs_spec-1_0_model_0_retry_1_1,2jneA00,0.1,rfd3,0.642168547633158,0.9512,93.03450704225352,2.1065,2.5848,2.5848,ca_rmsd_dssp_non_loop,41,ok,
2jneA00|rfd3|rfd3_inputs_spec-1_0_model_0_retry_1_1|T0.2|1,2jneA00|rfd3|rfd3_inputs_spec-1_0_model_0_retry_1_1,2jneA00,0.2,rfd3,0.6178808999908293,0.9553,90.20859154929578,2.0271,2.4284,2.4309,ca_rmsd_dssp_non_loop,41,ok,
2jneA00|rfd3|rfd3_inputs_spec-1_0_model_0_retry_1_1|T0.2|2,2jneA00|rfd3|rfd3_inputs_spec-1_0_model_0_retry_1_1,2jneA00,0.2,rfd3,0.5745113768634783,0.9876,93.49816901408451,3.0015,3.496,3.4966,ca_rmsd_dssp_non_loop,41,ok,
2jneA00|rfd3|rfd3_inputs_spec-1_0_model_0_retry_1_1|T0.2|0,2jneA00|rfd3|rfd3_inputs_spec-1_0_model_0_retry_1_1,2jneA00,0.2,rfd3,0.6024717194255064,1.0146,89.7256338028169,1.3882,1.8389,1.8396,ca_rmsd_dssp_non_loop,41,ok,
2jneA00|rfd3|rfd3_inputs_spec-1_0_model_0_retry_1_1|T0.2|4,2jneA00|rfd3|rfd3_inputs_spec-1_0_model_0_retry_1_1,2jneA00,0.2,rfd3,0.5613790051931662,0.9851,93.9481690140845,2.8888,3.4601,3.4691,ca_rmsd_dssp_non_loop,41,ok,
2jneA00|rfd3|rfd3_inputs_spec-1_0_model_0_retry_1_1|T0.2|3,2jneA00|rfd3|rfd3_inputs_spec-1_0_model_0_retry_1_1,2jneA00,0.2,rfd3,0.6726070170677605,0.942,90.23140845070422,2.3874,2.8986,2.9007,ca_rmsd_dssp_non_loop,41,ok,
2jneA00|rfd3|rfd3_inputs_spec-1_0_model_0_retry_1_1|T0.2|5,2jneA00|rfd3|rfd3_inputs_spec-1_0_model_0_retry_1_1,2jneA00,0.2,rfd3,0.7016591809026156,0.98,91.41211267605634,1.2992,1.844,1.8447,ca_rmsd_dssp_non_loop,41,ok,
2jneA00|rfd3|rfd3_inputs_spec-1_0_model_0_retry_1_1|T0.2|6,2jneA00|rfd3|rfd3_inputs_spec-1_0_model_0_retry_1_1,2jneA00,0.2,rfd3,0.6732270160985662,0.9117,90.58056338028169,1.7388,2.1706,2.1728,ca_rmsd_dssp_non_loop,41,ok,
2jneA00|rfd3|rfd3_inputs_spec-1_0_model_0_retry_1_1|T0.2|7,2jneA00|rfd3|rfd3_inputs_spec-1_0_model_0_retry_1_1,2jneA00,0.2,rfd3,0.622525527146738,0.9548,92.75887323943662,1.9636,2.4794,2.4833,ca_rmsd_dssp_non_loop,41,ok,
2jneA00|rfd3|rfd3_inputs_spec-1_0_model_0_retry_1_1|T0.3|1,2jneA00|rfd3|rfd3_inputs_spec-1_0_model_0_retry_1_1,2jneA00,0.3,rfd3,0.7156157209311229,1.0079,90.48070422535211,1.2707,1.7416,1.7432,ca_rmsd_dssp_non_loop,41,ok,
2jneA00|rfd3|rfd3_inputs_spec-1_0_model_0_retry_1_1|T0.3|2,2jneA00|rfd3|rfd3_inputs_spec-1_0_model_0_retry_1_1,2jneA00,0.3,rfd3,0.41191454939812333,1.0942,94.36661971830985,3.1133,3.7829,3.7833,ca_rmsd_dssp_non_loop,41,ok,
2jneA00|rfd3|rfd3_inputs_spec-1_0_model_0_retry_1_1|T0.3|3,2jneA00|rfd3|rfd3_inputs_spec-1_0_model_0_retry_1_1,2jneA00,0.3,rfd3,0.6915389599434476,1.0915,89.43140845070423,3.2352,3.846,3.8525,ca_rmsd_dssp_non_loop,41,ok,
2jneA00|rfd3|rfd3_inputs_spec-1_0_model_0_retry_1_1|T0.3|0,2jneA00|rfd3|rfd3_inputs_spec-1_0_model_0_retry_1_1,2jneA00,0.3,rfd3,0.5236443235396976,1.0106,92.51366197183098,2.1657,2.6544,2.655,ca_rmsd_dssp_non_loop,41,ok,
2jneA00|rfd3|rfd3_inputs_spec-1_0_model_0_retry_1_1|T0.3|4,2jneA00|rfd3|rfd3_inputs_spec-1_0_model_0_retry_1_1,2jneA00,0.3,rfd3,0.5187236349562668,1.0407,89.61056338028169,1.1785,1.6399,1.6405,ca_rmsd_dssp_non_loop,41,ok,
2jneA00|rfd3|rfd3_inputs_spec-1_0_model_0_retry_1_1|T0.3|6,2jneA00|rfd3|rfd3_inputs_spec-1_0_model_0_retry_1_1,2jneA00,0.3,rfd3,0.5523427352166534,1.0838,90.49492957746479,2.1682,2.6815,2.6819,ca_rmsd_dssp_non_loop,41,ok,
2jneA00|rfd3|rfd3_inputs_spec-1_0_model_0_retry_1_1|T0.3|7,2jneA00|rfd3|rfd3_inputs_spec-1_0_model_0_retry_1_1,2jneA00,0.3,rfd3,0.5530391397881317,1.0172,92.1469014084507,1.7921,2.2403,2.2409,ca_rmsd_dssp_non_loop,41,ok,
1jygA00|bioemu|bioemu_003|T0.05|0,1jygA00|bioemu|bioemu_003,1jygA00,0.05,bioemu,0.869201049835978,1.1126,88.33420289855073,0.7187,3.3325,3.3325,ca_rmsd_dssp_non_loop,42,ok,
2jneA00|rfd3|rfd3_inputs_spec-1_0_model_0_retry_1_1|T0.3|5,2jneA00|rfd3|rfd3_inputs_spec-1_0_model_0_retry_1_1,2jneA00,0.3,rfd3,0.522941626650107,1.0155,90.88760563380282,2.485,2.9193,2.9212,ca_rmsd_dssp_non_loop,41,ok,
1jygA00|bioemu|bioemu_003|T0.05|1,1jygA00|bioemu|bioemu_003,1jygA00,0.05,bioemu,0.8806143594777198,1.1161,84.71014492753623,0.856,3.9851,3.9851,ca_rmsd_dssp_non_loop,42,ok,
1jygA00|bioemu|bioemu_003|T0.05|2,1jygA00|bioemu|bioemu_003,1jygA00,0.05,bioemu,0.9265247915018193,1.0676,81.6068115942029,0.9123,2.9213,2.9213,ca_rmsd_dssp_non_loop,42,ok,
1jygA00|bioemu|bioemu_003|T0.05|3,1jygA00|bioemu|bioemu_003,1jygA00,0.05,bioemu,0.9322293258424498,1.0766,85.48217391304348,0.7296,3.6204,3.6204,ca_rmsd_dssp_non_loop,42,ok,
1jygA00|bioemu|bioemu_003|T0.05|6,1jygA00|bioemu|bioemu_003,1jygA00,0.05,bioemu,0.9542982899703919,1.1179,79.9968115942029,0.8928,4.3938,4.3938,ca_rmsd_dssp_non_loop,42,ok,
1jygA00|bioemu|bioemu_003|T0.05|5,1jygA00|bioemu|bioemu_003,1jygA00,0.05,bioemu,0.9253320329855588,1.0608,86.08434782608695,0.7492,3.6877,3.6877,ca_rmsd_dssp_non_loop,42,ok,
1jygA00|bioemu|bioemu_003|T0.05|7,1jygA00|bioemu|bioemu_003,1jygA00,0.05,bioemu,0.9432060561548248,1.1012,83.10652173913044,0.6132,3.6913,3.6913,ca_rmsd_dssp_non_loop,42,ok,
1jygA00|bioemu|bioemu_003|T0.05|4,1jygA00|bioemu|bioemu_003,1jygA00,0.05,bioemu,0.9109911274439514,1.0976,79.1944927536232,1.6521,2.8314,2.8314,ca_rmsd_dssp_non_loop,42,ok,
1jygA00|bioemu|bioemu_003|T0.1|0,1jygA00|bioemu|bioemu_003,1jygA00,0.1,bioemu,0.9177946753129541,1.0799,84.78159420289856,0.7122,4.6264,4.6264,ca_rmsd_dssp_non_loop,42,ok,
1jygA00|bioemu|bioemu_003|T0.1|3,1jygA00|bioemu|bioemu_003,1jygA00,0.1,bioemu,0.9093321208479364,1.103,80.35449275362319,0.9009,3.6377,3.6377,ca_rmsd_dssp_non_loop,42,ok,
1jygA00|bioemu|bioemu_003|T0.1|1,1jygA00|bioemu|bioemu_003,1jygA00,0.1,bioemu,0.8908750032339408,1.1112,75.32405797101448,1.5869,2.9338,2.9338,ca_rmsd_dssp_non_loop,42,ok,
1jygA00|bioemu|bioemu_003|T0.1|2,1jygA00|bioemu|bioemu_003,1jygA00,0.1,bioemu,0.9424246974441923,1.0682,85.78855072463767,1.7076,2.6126,2.6126,ca_rmsd_dssp_non_loop,42,ok,
1jygA00|bioemu|bioemu_003|T0.1|4,1jygA00|bioemu|bioemu_003,1jygA00,0.1,bioemu,0.9230989846627305,1.0979,85.10347826086957,0.7723,3.6863,3.6863,ca_rmsd_dssp_non_loop,42,ok,
1jygA00|bioemu|bioemu_003|T0.1|5,1jygA00|bioemu|bioemu_003,1jygA00,0.1,bioemu,0.9375208324618871,1.0909,82.06898550724638,0.8764,3.1576,3.1576,ca_rmsd_dssp_non_loop,42,ok,
1jygA00|bioemu|bioemu_003|T0.1|7,1jygA00|bioemu|bioemu_003,1jygA00,0.1,bioemu,0.9218553038481149,1.0737,79.68927536231885,0.7698,3.0409,3.0409,ca_rmsd_dssp_non_loop,42,ok,
1jygA00|bioemu|bioemu_003|T0.1|6,1jygA00|bioemu|bioemu_003,1jygA00,0.1,bioemu,0.922892972015897,1.1205,84.21811594202899,0.8466,4.1192,4.1192,ca_rmsd_dssp_non_loop,42,ok,
1jygA00|bioemu|bioemu_003|T0.2|2,1jygA00|bioemu|bioemu_003,1jygA00,0.2,bioemu,0.9433611275338292,1.1523,84.84,0.6895,4.5943,4.5943,ca_rmsd_dssp_non_loop,42,ok,
1jygA00|bioemu|bioemu_003|T0.2|1,1jygA00|bioemu|bioemu_003,1jygA00,0.2,bioemu,0.9093321208479364,1.1236,83.22014492753623,0.8039,4.7946,4.7946,ca_rmsd_dssp_non_loop,42,ok,
1jygA00|bioemu|bioemu_003|T0.2|3,1jygA00|bioemu|bioemu_003,1jygA00,0.2,bioemu,0.8874472953384017,1.1584,82.9663768115942,0.7934,2.9035,2.9035,ca_rmsd_dssp_non_loop,42,ok,
1jygA00|bioemu|bioemu_003|T0.2|4,1jygA00|bioemu|bioemu_003,1jygA00,0.2,bioemu,0.9024147460481439,1.2307,86.59420289855072,0.7717,3.616,3.616,ca_rmsd_dssp_non_loop,42,ok,
1jygA00|bioemu|bioemu_003|T0.2|5,1jygA00|bioemu|bioemu_003,1jygA00,0.2,bioemu,0.8589936399375317,1.1554,87.45753623188405,0.6452,3.008,3.008,ca_rmsd_dssp_non_loop,42,ok,
1jygA00|bioemu|bioemu_003|T0.2|0,1jygA00|bioemu|bioemu_003,1jygA00,0.2,bioemu,0.9083716636555211,1.147,81.71014492753623,0.8589,2.6267,2.6267,ca_rmsd_dssp_non_loop,42,ok,
1jygA00|bioemu|bioemu_003|T0.2|7,1jygA00|bioemu|bioemu_003,1jygA00,0.2,bioemu,0.922892972015897,1.0607,78.65333333333334,1.0004,3.4189,3.4189,ca_rmsd_dssp_non_loop,42,ok,
1jygA00|bioemu|bioemu_003|T0.3|1,1jygA00|bioemu|bioemu_003,1jygA00,0.3,bioemu,0.9324122206633169,1.1617,85.18971014492755,0.8178,3.3085,3.3085,ca_rmsd_dssp_non_loop,42,ok,
1jygA00|bioemu|bioemu_003|T0.3|2,1jygA00|bioemu|bioemu_003,1jygA00,0.3,bioemu,0.758264553092278,1.1691,84.93550724637682,0.8876,3.388,3.388,ca_rmsd_dssp_non_loop,42,ok,
1jygA00|bioemu|bioemu_003|T0.2|6,1jygA00|bioemu|bioemu_003,1jygA00,0.2,bioemu,0.8046559094528867,1.0823,86.37130434782608,0.7017,3.9053,3.9053,ca_rmsd_dssp_non_loop,42,ok,
1jygA00|bioemu|bioemu_003|T0.3|0,1jygA00|bioemu|bioemu_003,1jygA00,0.3,bioemu,0.8603921345995111,1.2615,79.71695652173914,0.8599,2.8137,2.8137,ca_rmsd_dssp_non_loop,42,ok,
1jygA00|bioemu|bioemu_003|T0.3|3,1jygA00|bioemu|bioemu_003,1jygA00,0.3,bioemu,0.8499861910015478,1.1711,80.94130434782609,9.4401,9.8027,9.8027,ca_rmsd_dssp_non_loop,42,ok,
1jygA00|bioemu|bioemu_003|T0.3|6,1jygA00|bioemu|bioemu_003,1jygA00,0.3,bioemu,0.8289169721843821,1.269,78.07391304347827,1.1717,2.7023,2.7023,ca_rmsd_dssp_non_loop,42,ok,
1jygA00|bioemu|bioemu_003|T0.3|5,1jygA00|bioemu|bioemu_003,1jygA00,0.3,bioemu,0.7733362624536241,1.1482,80.11376811594204,0.8793,4.1338,4.1338,ca_rmsd_dssp_non_loop,42,ok,
1jygA00|bioemu|bioemu_003|T0.3|4,1jygA00|bioemu|bioemu_003,1jygA00,0.3,bioemu,0.8784647048433132,1.3537,83.46565217391304,1.1038,4.6546,4.6546,ca_rmsd_dssp_non_loop,42,ok,
1jygA00|bioemu|bioemu_003|T0.3|7,1jygA00|bioemu|bioemu_003,1jygA00,0.3,bioemu,0.79158281787373,1.4215,84.77913043478262,0.7717,4.6413,4.6413,ca_rmsd_dssp_non_loop,42,ok,
1b5aA00|bioemu|bioemu_003|T0.05|0,1b5aA00|bioemu|bioemu_003,1b5aA00,0.05,bioemu,0.813541992100009,1.0089,79.39393617021277,1.0718,2.2099,2.2099,ca_rmsd_dssp_non_loop,39,ok,
1b5aA00|bioemu|bioemu_003|T0.05|1,1b5aA00|bioemu|bioemu_003,1b5aA00,0.05,bioemu,0.8882700977665849,1.0052,76.55829787234042,1.1582,4.5627,4.5627,ca_rmsd_dssp_non_loop,39,ok,
1b5aA00|bioemu|bioemu_003|T0.05|2,1b5aA00|bioemu|bioemu_003,1b5aA00,0.05,bioemu,0.8486761367185977,1.0501,79.50638297872341,1.3555,3.6142,3.6142,ca_rmsd_dssp_non_loop,39,ok,
1b5aA00|bioemu|bioemu_003|T0.05|3,1b5aA00|bioemu|bioemu_003,1b5aA00,0.05,bioemu,0.7798308377129017,1.0559,80.98372340425531,1.9542,2.7227,2.7227,ca_rmsd_dssp_non_loop,39,ok,
1b5aA00|bioemu|bioemu_003|T0.05|4,1b5aA00|bioemu|bioemu_003,1b5aA00,0.05,bioemu,0.8195966307164777,0.9877,82.90882978723404,1.3692,2.9592,2.9592,ca_rmsd_dssp_non_loop,39,ok,
1b5aA00|bioemu|bioemu_003|T0.05|5,1b5aA00|bioemu|bioemu_003,1b5aA00,0.05,bioemu,0.8473048401826901,0.9897,76.59021276595745,0.9299,3.3566,3.3566,ca_rmsd_dssp_non_loop,39,ok,
1b5aA00|bioemu|bioemu_003|T0.05|6,1b5aA00|bioemu|bioemu_003,1b5aA00,0.05,bioemu,0.813541992100009,1.0172,77.96127659574468,0.939,4.2703,4.2703,ca_rmsd_dssp_non_loop,39,ok,
1b5aA00|bioemu|bioemu_003|T0.05|7,1b5aA00|bioemu|bioemu_003,1b5aA00,0.05,bioemu,0.8285405734248825,0.9888,76.71478723404255,1.2315,4.3257,4.3257,ca_rmsd_dssp_non_loop,39,ok,
1b5aA00|bioemu|bioemu_003|T0.1|1,1b5aA00|bioemu|bioemu_003,1b5aA00,0.1,bioemu,0.876348625090258,0.9894,72.07393617021276,1.2921,3.5337,3.5337,ca_rmsd_dssp_non_loop,39,ok,
1b5aA00|bioemu|bioemu_003|T0.1|0,1b5aA00|bioemu|bioemu_003,1b5aA00,0.1,bioemu,0.8411498487710699,0.9589,77.35244680851063,1.0834,2.5536,2.5536,ca_rmsd_dssp_non_loop,39,ok,
1b5aA00|bioemu|bioemu_003|T0.1|2,1b5aA00|bioemu|bioemu_003,1b5aA00,0.1,bioemu,0.8233409715249546,0.9909,80.68351063829788,1.1453,2.7108,2.7108,ca_rmsd_dssp_non_loop,39,ok,
1b5aA00|bioemu|bioemu_003|T0.1|3,1b5aA00|bioemu|bioemu_003,1b5aA00,0.1,bioemu,0.7849024987446678,1.0352,80.02,1.1868,2.1609,2.1609,ca_rmsd_dssp_non_loop,39,ok,
1b5aA00|bioemu|bioemu_003|T0.1|4,1b5aA00|bioemu|bioemu_003,1b5aA00,0.1,bioemu,0.855381312086633,1.0369,82.30925531914893,1.5193,2.9177,2.9177,ca_rmsd_dssp_non_loop,39,ok,
1b5aA00|bioemu|bioemu_003|T0.1|6,1b5aA00|bioemu|bioemu_003,1b5aA00,0.1,bioemu,0.9078854335557227,1.0136,73.98457446808511,1.2715,2.7329,2.7329,ca_rmsd_dssp_non_loop,39,ok,
1b5aA00|bioemu|bioemu_003|T0.1|5,1b5aA00|bioemu|bioemu_003,1b5aA00,0.1,bioemu,0.8841945978973166,0.9514,78.13159574468085,1.1254,2.6977,2.6977,ca_rmsd_dssp_non_loop,39,ok,
1b5aA00|bioemu|bioemu_003|T0.1|7,1b5aA00|bioemu|bioemu_003,1b5aA00,0.1,bioemu,0.8402951173826231,0.9804,82.91659574468085,1.4656,2.812,2.812,ca_rmsd_dssp_non_loop,39,ok,
1b5aA00|bioemu|bioemu_003|T0.2|1,1b5aA00|bioemu|bioemu_003,1b5aA00,0.2,bioemu,0.8073319181708029,1.0146,74.97861702127659,1.6055,2.8395,2.8395,ca_rmsd_dssp_non_loop,39,ok,
1b5aA00|bioemu|bioemu_003|T0.2|0,1b5aA00|bioemu|bioemu_003,1b5aA00,0.2,bioemu,0.824882999697319,1.1214,79.32776595744681,1.1546,2.7017,2.7017,ca_rmsd_dssp_non_loop,39,ok,
1b5aA00|bioemu|bioemu_003|T0.2|2,1b5aA00|bioemu|bioemu_003,1b5aA00,0.2,bioemu,0.7801959280830898,1.1356,77.31414893617021,1.0185,3.9245,3.9245,ca_rmsd_dssp_non_loop,39,ok,
1b5aA00|bioemu|bioemu_003|T0.2|4,1b5aA00|bioemu|bioemu_003,1b5aA00,0.2,bioemu,0.8648499303366588,1.0646,78.12585106382978,1.3803,2.9631,2.9631,ca_rmsd_dssp_non_loop,39,ok,
1b5aA00|bioemu|bioemu_003|T0.2|5,1b5aA00|bioemu|bioemu_003,1b5aA00,0.2,bioemu,0.8618377487086668,0.9966,75.53234042553191,1.2328,3.0848,3.0848,ca_rmsd_dssp_non_loop,39,ok,
1b5aA00|bioemu|bioemu_003|T0.2|3,1b5aA00|bioemu|bioemu_003,1b5aA00,0.2,bioemu,0.8093098387213339,1.0368,75.59851063829788,1.222,2.4703,2.4703,ca_rmsd_dssp_non_loop,39,ok,
1b5aA00|bioemu|bioemu_003|T0.2|7,1b5aA00|bioemu|bioemu_003,1b5aA00,0.2,bioemu,0.8618377487086668,1.0135,79.91308510638298,1.3781,4.3698,4.3698,ca_rmsd_dssp_non_loop,39,ok,
1b5aA00|bioemu|bioemu_003|T0.3|0,1b5aA00|bioemu|bioemu_003,1b5aA00,0.3,bioemu,0.7555639379489709,1.1516,78.65914893617021,2.9306,2.5746,2.5746,ca_rmsd_dssp_non_loop,39,ok,
1b5aA00|bioemu|bioemu_003|T0.3|1,1b5aA00|bioemu|bioemu_003,1b5aA00,0.3,bioemu,0.7783661267788441,1.1555,84.36170212765957,1.0412,2.01,2.01,ca_rmsd_dssp_non_loop,39,ok,
1b5aA00|bioemu|bioemu_003|T0.2|6,1b5aA00|bioemu|bioemu_003,1b5aA00,0.2,bioemu,0.7849024987446678,1.0992,81.26074468085106,1.7032,2.6588,2.6588,ca_rmsd_dssp_non_loop,39,ok,
1b5aA00|bioemu|bioemu_003|T0.3|3,1b5aA00|bioemu|bioemu_003,1b5aA00,0.3,bioemu,0.7698091788880974,1.1859,74.72159574468085,1.0622,4.7661,4.7661,ca_rmsd_dssp_non_loop,39,ok,
1b5aA00|bioemu|bioemu_003|T0.3|2,1b5aA00|bioemu|bioemu_003,1b5aA00,0.3,bioemu,0.8400093803244343,1.1238,80.46106382978724,1.0617,4.4262,4.4262,ca_rmsd_dssp_non_loop,39,ok,
1b5aA00|bioemu|bioemu_003|T0.3|4,1b5aA00|bioemu|bioemu_003,1b5aA00,0.3,bioemu,0.8958475809213469,1.1533,72.65936170212767,1.2589,3.1203,3.1203,ca_rmsd_dssp_non_loop,39,ok,
1b5aA00|bioemu|bioemu_003|T0.3|5,1b5aA00|bioemu|bioemu_003,1b5aA00,0.3,bioemu,0.7895354758292229,1.1166,82.22170212765958,1.2893,4.0888,4.0888,ca_rmsd_dssp_non_loop,39,ok,
1b5aA00|bioemu|bioemu_003|T0.3|7,1b5aA00|bioemu|bioemu_003,1b5aA00,0.3,bioemu,0.8675622413393456,1.074,82.31372340425531,1.1366,4.2784,4.2784,ca_rmsd_dssp_non_loop,39,ok,
1koyA00|rfd3|rfd3_inputs_spec-1_0_model_0|T0.05|0,1koyA00|rfd3|rfd3_inputs_spec-1_0_model_0,1koyA00,0.05,rfd3,0.7991981517630928,1.1582,87.92467741935484,0.9045,0.9551,0.9551,ca_rmsd_dssp_non_loop,47,ok,
1koyA00|rfd3|rfd3_inputs_spec-1_0_model_0|T0.05|1,1koyA00|rfd3|rfd3_inputs_spec-1_0_model_0,1koyA00,0.05,rfd3,0.725440866857689,1.1066,86.48225806451612,3.4474,3.5529,3.5529,ca_rmsd_dssp_non_loop,47,ok,
1koyA00|rfd3|rfd3_inputs_spec-1_0_model_0|T0.05|3,1koyA00|rfd3|rfd3_inputs_spec-1_0_model_0,1koyA00,0.05,rfd3,0.7760128934498678,1.1955,85.0075806451613,0.792,0.9107,0.9107,ca_rmsd_dssp_non_loop,47,ok,
1koyA00|rfd3|rfd3_inputs_spec-1_0_model_0|T0.05|2,1koyA00|rfd3|rfd3_inputs_spec-1_0_model_0,1koyA00,0.05,rfd3,0.615001932852997,1.0959,90.18241935483871,1.647,1.7115,1.7115,ca_rmsd_dssp_non_loop,47,ok,
1koyA00|rfd3|rfd3_inputs_spec-1_0_model_0|T0.05|5,1koyA00|rfd3|rfd3_inputs_spec-1_0_model_0,1koyA00,0.05,rfd3,0.7923838248813468,1.1346,83.87161290322581,24.737,14.3773,24.5038,ca_rmsd_dssp_non_loop,47,ok,
1b5aA00|bioemu|bioemu_003|T0.3|6,1b5aA00|bioemu|bioemu_003,1b5aA00,0.3,bioemu,0.8880587608527267,1.0957,77.08702127659575,1.1957,2.5329,2.5329,ca_rmsd_dssp_non_loop,39,ok,
1koyA00|rfd3|rfd3_inputs_spec-1_0_model_0|T0.05|4,1koyA00|rfd3|rfd3_inputs_spec-1_0_model_0,1koyA00,0.05,rfd3,0.7017162428016813,1.0625,87.67306451612903,5.3206,5.906,5.906,ca_rmsd_dssp_non_loop,47,ok,
1koyA00|rfd3|rfd3_inputs_spec-1_0_model_0|T0.05|7,1koyA00|rfd3|rfd3_inputs_spec-1_0_model_0,1koyA00,0.05,rfd3,0.7657588439631954,1.1489,84.04306451612904,0.8106,1.0084,1.0084,ca_rmsd_dssp_non_loop,47,ok,
1koyA00|rfd3|rfd3_inputs_spec-1_0_model_0|T0.05|6,1koyA00|rfd3|rfd3_inputs_spec-1_0_model_0,1koyA00,0.05,rfd3,0.377692296070548,1.0666,88.28177419354839,0.8695,0.9921,0.9921,ca_rmsd_dssp_non_loop,47,ok,
1koyA00|rfd3|rfd3_inputs_spec-1_0_model_0|T0.1|0,1koyA00|rfd3|rfd3_inputs_spec-1_0_model_0,1koyA00,0.1,rfd3,0.7622692828607959,1.2208,85.08209677419354,0.9966,1.0468,1.0468,ca_rmsd_dssp_non_loop,47,ok,
1koyA00|rfd3|rfd3_inputs_spec-1_0_model_0|T0.1|2,1koyA00|rfd3|rfd3_inputs_spec-1_0_model_0,1koyA00,0.1,rfd3,0.9158877760607506,1.1362,84.06693548387096,1.2633,1.4,1.4002,ca_rmsd_dssp_non_loop,47,ok,
1koyA00|rfd3|rfd3_inputs_spec-1_0_model_0|T0.1|4,1koyA00|rfd3|rfd3_inputs_spec-1_0_model_0,1koyA00,0.1,rfd3,0.751587464308545,1.0684,85.22225806451613,0.6539,0.8078,0.8079,ca_rmsd_dssp_non_loop,47,ok,
1koyA00|rfd3|rfd3_inputs_spec-1_0_model_0|T0.1|3,1koyA00|rfd3|rfd3_inputs_spec-1_0_model_0,1koyA00,0.1,rfd3,0.6553365857686168,1.1026,94.8466129032258,1.259,1.3453,1.3453,ca_rmsd_dssp_non_loop,47,ok,
1koyA00|rfd3|rfd3_inputs_spec-1_0_model_0|T0.1|5,1koyA00|rfd3|rfd3_inputs_spec-1_0_model_0,1koyA00,0.1,rfd3,0.47196491890032694,1.086,87.07870967741935,0.938,1.1126,1.1126,ca_rmsd_dssp_non_loop,47,ok,
1koyA00|rfd3|rfd3_inputs_spec-1_0_model_0|T0.1|6,1koyA00|rfd3|rfd3_inputs_spec-1_0_model_0,1koyA00,0.1,rfd3,0.5635258049854495,1.1101,89.81048387096774,0.958,1.2088,1.2088,ca_rmsd_dssp_non_loop,47,ok,
1koyA00|rfd3|rfd3_inputs_spec-1_0_model_0|T0.1|1,1koyA00|rfd3|rfd3_inputs_spec-1_0_model_0,1koyA00,0.1,rfd3,0.816706867119571,1.0942,85.09354838709677,0.9119,0.9468,0.9468,ca_rmsd_dssp_non_loop,47,ok,
1koyA00|rfd3|rfd3_inputs_spec-1_0_model_0|T0.1|7,1koyA00|rfd3|rfd3_inputs_spec-1_0_model_0,1koyA00,0.1,rfd3,0.7176639156892782,1.1222,91.85354838709678,0.8747,1.0281,1.0281,ca_rmsd_dssp_non_loop,47,ok,
1koyA00|rfd3|rfd3_inputs_spec-1_0_model_0|T0.2|0,1koyA00|rfd3|rfd3_inputs_spec-1_0_model_0,1koyA00,0.2,rfd3,0.8562536210436497,1.1971,89.55499999999999,11.9904,11.8357,11.8357,ca_rmsd_dssp_non_loop,47,ok,
1koyA00|rfd3|rfd3_inputs_spec-1_0_model_0|T0.2|2,1koyA00|rfd3|rfd3_inputs_spec-1_0_model_0,1koyA00,0.2,rfd3,0.7215690662220509,1.1659,92.59629032258064,11.7965,11.6108,11.6108,ca_rmsd_dssp_non_loop,47,ok,
1koyA00|rfd3|rfd3_inputs_spec-1_0_model_0|T0.2|1,1koyA00|rfd3|rfd3_inputs_spec-1_0_model_0,1koyA00,0.2,rfd3,0.8443513849635578,1.2556,87.45209677419355,0.9669,1.2025,1.2025,ca_rmsd_dssp_non_loop,47,ok,
1koyA00|rfd3|rfd3_inputs_spec-1_0_model_0|T0.2|3,1koyA00|rfd3|rfd3_inputs_spec-1_0_model_0,1koyA00,0.2,rfd3,0.8137917322469719,1.1349,83.88548387096773,0.9331,1.0567,1.0567,ca_rmsd_dssp_non_loop,47,ok,
1koyA00|rfd3|rfd3_inputs_spec-1_0_model_0|T0.2|5,1koyA00|rfd3|rfd3_inputs_spec-1_0_model_0,1koyA00,0.2,rfd3,0.8925228830767434,1.153,90.91225806451614,0.8945,1.0631,1.0631,ca_rmsd_dssp_non_loop,47,ok,
1koyA00|rfd3|rfd3_inputs_spec-1_0_model_0|T0.2|6,1koyA00|rfd3|rfd3_inputs_spec-1_0_model_0,1koyA00,0.2,rfd3,0.7337139998713411,1.2193,84.75338709677419,1.022,1.1295,1.1295,ca_rmsd_dssp_non_loop,47,ok,
1koyA00|rfd3|rfd3_inputs_spec-1_0_model_0|T0.2|4,1koyA00|rfd3|rfd3_inputs_spec-1_0_model_0,1koyA00,0.2,rfd3,0.9110441850772719,1.1748,91.35983870967742,12.3125,11.743,12.0348,ca_rmsd_dssp_non_loop,47,ok,
1koyA00|rfd3|rfd3_inputs_spec-1_0_model_0|T0.2|7,1koyA00|rfd3|rfd3_inputs_spec-1_0_model_0,1koyA00,0.2,rfd3,0.9126003242911973,1.2054,84.6259677419355,1.1748,1.2909,1.2909,ca_rmsd_dssp_non_loop,47,ok,
1koyA00|rfd3|rfd3_inputs_spec-1_0_model_0|T0.3|0,1koyA00|rfd3|rfd3_inputs_spec-1_0_model_0,1koyA00,0.3,rfd3,0.6726070170677604,1.3021,80.60677419354839,1.4528,1.8433,1.8434,ca_rmsd_dssp_non_loop,47,ok,
1koyA00|rfd3|rfd3_inputs_spec-1_0_model_0|T0.3|3,1koyA00|rfd3|rfd3_inputs_spec-1_0_model_0,1koyA00,0.3,rfd3,0.8229012956490975,1.3079,78.60903225806452,4.2991,5.233,5.234,ca_rmsd_dssp_non_loop,47,ok,
1koyA00|rfd3|rfd3_inputs_spec-1_0_model_0|T0.3|4,1koyA00|rfd3|rfd3_inputs_spec-1_0_model_0,1koyA00,0.3,rfd3,0.8489579796905788,1.2753,86.73193548387097,5.2173,5.8008,5.8276,ca_rmsd_dssp_non_loop,47,ok,
1koyA00|rfd3|rfd3_inputs_spec-1_0_model_0|T0.3|5,1koyA00|rfd3|rfd3_inputs_spec-1_0_model_0,1koyA00,0.3,rfd3,0.890965869253119,1.2671,88.94854838709678,1.1545,1.4548,1.4596,ca_rmsd_dssp_non_loop,47,ok,
1koyA00|rfd3|rfd3_inputs_spec-1_0_model_0|T0.3|2,1koyA00|rfd3|rfd3_inputs_spec-1_0_model_0,1koyA00,0.3,rfd3,0.64210590419602,1.1722,86.54806451612903,1.291,1.4041,1.4041,ca_rmsd_dssp_non_loop,47,ok,
1koyA00|rfd3|rfd3_inputs_spec-1_0_model_0|T0.3|7,1koyA00|rfd3|rfd3_inputs_spec-1_0_model_0,1koyA00,0.3,rfd3,0.7593341105430612,1.3288,80.77241935483872,1.2184,1.4093,1.4093,ca_rmsd_dssp_non_loop,47,ok,
1koyA00|rfd3|rfd3_inputs_spec-1_0_model_0|T0.3|1,1koyA00|rfd3|rfd3_inputs_spec-1_0_model_0,1koyA00,0.3,rfd3,0.8468781197448301,1.3854,85.4266129032258,11.8361,11.6849,11.6849,ca_rmsd_dssp_non_loop,47,ok,
2kjfA00|rfd3|rfd3_inputs_spec-1_0_model_4|T0.05|1,2kjfA00|rfd3|rfd3_inputs_spec-1_0_model_4,2kjfA00,0.05,rfd3,0.7483817216070642,0.9145,96.07600000000001,0.5374,0.5704,0.5704,ca_rmsd_dssp_non_loop,48,ok,
1koyA00|rfd3|rfd3_inputs_spec-1_0_model_0|T0.3|6,1koyA00|rfd3|rfd3_inputs_spec-1_0_model_0,1koyA00,0.3,rfd3,0.7760128934498678,1.2032,88.07064516129033,0.8893,0.9979,0.9979,ca_rmsd_dssp_non_loop,47,ok,
2kjfA00|rfd3|rfd3_inputs_spec-1_0_model_4|T0.05|0,2kjfA00|rfd3|rfd3_inputs_spec-1_0_model_4,2kjfA00,0.05,rfd3,0.5613558846263439,0.9278,94.15683333333332,0.4535,0.4726,0.4726,ca_rmsd_dssp_non_loop,48,ok,
2kjfA00|rfd3|rfd3_inputs_spec-1_0_model_4|T0.05|2,2kjfA00|rfd3|rfd3_inputs_spec-1_0_model_4,2kjfA00,0.05,rfd3,0.6471800492334971,0.884,97.025,0.4638,0.5053,0.5053,ca_rmsd_dssp_non_loop,48,ok,
2kjfA00|rfd3|rfd3_inputs_spec-1_0_model_4|T0.05|4,2kjfA00|rfd3|rfd3_inputs_spec-1_0_model_4,2kjfA00,0.05,rfd3,0.8468362842349139,0.957,76.73649999999999,6.6782,6.9531,6.9531,ca_rmsd_dssp_non_loop,48,ok,
2kjfA00|rfd3|rfd3_inputs_spec-1_0_model_4|T0.05|6,2kjfA00|rfd3|rfd3_inputs_spec-1_0_model_4,2kjfA00,0.05,rfd3,0.6208913655142569,0.8741,94.65516666666667,0.4202,0.4617,0.4617,ca_rmsd_dssp_non_loop,48,ok,
2kjfA00|rfd3|rfd3_inputs_spec-1_0_model_4|T0.05|5,2kjfA00|rfd3|rfd3_inputs_spec-1_0_model_4,2kjfA00,0.05,rfd3,0.8135635076564496,0.8957,93.01816666666667,0.4264,0.4683,0.4683,ca_rmsd_dssp_non_loop,48,ok,
2kjfA00|rfd3|rfd3_inputs_spec-1_0_model_4|T0.1|0,2kjfA00|rfd3|rfd3_inputs_spec-1_0_model_4,2kjfA00,0.1,rfd3,0.6372234579363484,0.8818,85.71833333333333,8.8641,9.6971,9.6971,ca_rmsd_dssp_non_loop,48,ok,
2kjfA00|rfd3|rfd3_inputs_spec-1_0_model_4|T0.05|7,2kjfA00|rfd3|rfd3_inputs_spec-1_0_model_4,2kjfA00,0.05,rfd3,0.6349086034775155,0.8902,96.5115,0.4539,0.4997,0.4997,ca_rmsd_dssp_non_loop,48,ok,
2kjfA00|rfd3|rfd3_inputs_spec-1_0_model_4|T0.05|3,2kjfA00|rfd3|rfd3_inputs_spec-1_0_model_4,2kjfA00,0.05,rfd3,0.7244545954248022,0.8757,97.05566666666667,0.4892,0.5148,0.5148,ca_rmsd_dssp_non_loop,48,ok,
2kjfA00|rfd3|rfd3_inputs_spec-1_0_model_4|T0.1|3,2kjfA00|rfd3|rfd3_inputs_spec-1_0_model_4,2kjfA00,0.1,rfd3,0.7908406347869368,0.9267,95.82283333333334,0.5174,0.549,0.549,ca_rmsd_dssp_non_loop,48,ok,
2kjfA00|rfd3|rfd3_inputs_spec-1_0_model_4|T0.1|1,2kjfA00|rfd3|rfd3_inputs_spec-1_0_model_4,2kjfA00,0.1,rfd3,0.5366010793535906,0.8538,95.32633333333334,0.4866,0.5152,0.5152,ca_rmsd_dssp_non_loop,48,ok,
2kjfA00|rfd3|rfd3_inputs_spec-1_0_model_4|T0.1|2,2kjfA00|rfd3|rfd3_inputs_spec-1_0_model_4,2kjfA00,0.1,rfd3,0.7244545954248022,0.9211,92.23,0.4303,0.4467,0.4467,ca_rmsd_dssp_non_loop,48,ok,
2kjfA00|rfd3|rfd3_inputs_spec-1_0_model_4|T0.1|5,2kjfA00|rfd3|rfd3_inputs_spec-1_0_model_4,2kjfA00,0.1,rfd3,0.7257834030207717,0.8575,94.58583333333333,0.3873,0.4416,0.4416,ca_rmsd_dssp_non_loop,48,ok,
2kjfA00|rfd3|rfd3_inputs_spec-1_0_model_4|T0.1|4,2kjfA00|rfd3|rfd3_inputs_spec-1_0_model_4,2kjfA00,0.1,rfd3,0.5613558846263438,0.8786,88.58633333333334,1.7571,1.7074,1.7074,ca_rmsd_dssp_non_loop,48,ok,
2kjfA00|rfd3|rfd3_inputs_spec-1_0_model_4|T0.2|0,2kjfA00|rfd3|rfd3_inputs_spec-1_0_model_4,2kjfA00,0.2,rfd3,0.6403000462574495,0.99,95.18900000000001,0.4401,0.4732,0.4732,ca_rmsd_dssp_non_loop,48,ok,
2kjfA00|rfd3|rfd3_inputs_spec-1_0_model_4|T0.1|7,2kjfA00|rfd3|rfd3_inputs_spec-1_0_model_4,2kjfA00,0.1,rfd3,0.6138046369498084,0.8535,92.003,0.5778,0.6065,0.6065,ca_rmsd_dssp_non_loop,48,ok,
2kjfA00|rfd3|rfd3_inputs_spec-1_0_model_4|T0.1|6,2kjfA00|rfd3|rfd3_inputs_spec-1_0_model_4,2kjfA00,0.1,rfd3,0.6145944982675495,0.8854,92.58733333333333,0.4282,0.4517,0.4517,ca_rmsd_dssp_non_loop,48,ok,
2kjfA00|rfd3|rfd3_inputs_spec-1_0_model_4|T0.2|3,2kjfA00|rfd3|rfd3_inputs_spec-1_0_model_4,2kjfA00,0.2,rfd3,0.6570104626734987,0.9512,95.58383333333333,0.5029,0.5225,0.5225,ca_rmsd_dssp_non_loop,48,ok,
2kjfA00|rfd3|rfd3_inputs_spec-1_0_model_4|T0.2|2,2kjfA00|rfd3|rfd3_inputs_spec-1_0_model_4,2kjfA00,0.2,rfd3,0.49166743818588055,0.9648,94.37233333333333,0.4852,0.5183,0.5183,ca_rmsd_dssp_non_loop,48,ok,
2kjfA00|rfd3|rfd3_inputs_spec-1_0_model_4|T0.2|1,2kjfA00|rfd3|rfd3_inputs_spec-1_0_model_4,2kjfA00,0.2,rfd3,0.5523079095743252,0.884,97.13033333333333,0.4313,0.4568,0.4568,ca_rmsd_dssp_non_loop,48,ok,
2kjfA00|rfd3|rfd3_inputs_spec-1_0_model_4|T0.2|5,2kjfA00|rfd3|rfd3_inputs_spec-1_0_model_4,2kjfA00,0.2,rfd3,0.3846162436088179,0.9106,93.27116666666667,0.3985,0.4029,0.4029,ca_rmsd_dssp_non_loop,48,ok,
2kjfA00|rfd3|rfd3_inputs_spec-1_0_model_4|T0.2|4,2kjfA00|rfd3|rfd3_inputs_spec-1_0_model_4,2kjfA00,0.2,rfd3,0.6570104626734987,0.9119,78.22233333333334,10.2823,10.2777,10.2777,ca_rmsd_dssp_non_loop,48,ok,
2kjfA00|rfd3|rfd3_inputs_spec-1_0_model_4|T0.3|0,2kjfA00|rfd3|rfd3_inputs_spec-1_0_model_4,2kjfA00,0.3,rfd3,0.47668359019614975,1.0401,93.4315,0.5641,0.5878,0.5878,ca_rmsd_dssp_non_loop,48,ok,
2kjfA00|rfd3|rfd3_inputs_spec-1_0_model_4|T0.3|1,2kjfA00|rfd3|rfd3_inputs_spec-1_0_model_4,2kjfA00,0.3,rfd3,0.7667410642285427,1.0338,94.10366666666667,0.8396,0.9247,0.9247,ca_rmsd_dssp_non_loop,48,ok,
2kjfA00|rfd3|rfd3_inputs_spec-1_0_model_4|T0.2|6,2kjfA00|rfd3|rfd3_inputs_spec-1_0_model_4,2kjfA00,0.2,rfd3,0.5825702064623147,0.9953,93.30533333333332,0.5753,0.5869,0.5869,ca_rmsd_dssp_non_loop,48,ok,
2kjfA00|rfd3|rfd3_inputs_spec-1_0_model_4|T0.3|2,2kjfA00|rfd3|rfd3_inputs_spec-1_0_model_4,2kjfA00,0.3,rfd3,0.7401342941435153,1.0419,63.80916666666667,4.6694,4.6489,4.6489,ca_rmsd_dssp_non_loop,48,ok,
2kjfA00|rfd3|rfd3_inputs_spec-1_0_model_4|T0.3|3,2kjfA00|rfd3|rfd3_inputs_spec-1_0_model_4,2kjfA00,0.3,rfd3,0.7778763437357723,1.0192,90.78433333333334,1.9068,1.8556,1.8556,ca_rmsd_dssp_non_loop,48,ok,
2kjfA00|rfd3|rfd3_inputs_spec-1_0_model_4|T0.2|7,2kjfA00|rfd3|rfd3_inputs_spec-1_0_model_4,2kjfA00,0.2,rfd3,0.7601192371133871,0.9365,93.579,0.5305,0.5508,0.5508,ca_rmsd_dssp_non_loop,48,ok,
2kjfA00|rfd3|rfd3_inputs_spec-1_0_model_4|T0.3|5,2kjfA00|rfd3|rfd3_inputs_spec-1_0_model_4,2kjfA00,0.3,rfd3,0.6615031592029523,0.9288,94.657,0.4286,0.4397,0.4397,ca_rmsd_dssp_non_loop,48,ok,
2kjfA00|rfd3|rfd3_inputs_spec-1_0_model_4|T0.3|4,2kjfA00|rfd3|rfd3_inputs_spec-1_0_model_4,2kjfA00,0.3,rfd3,0.29525430200190894,0.9667,97.22966666666666,0.5844,0.6276,0.6276,ca_rmsd_dssp_non_loop,48,ok,
2kjfA00|rfd3|rfd3_inputs_spec-1_0_model_4|T0.3|7,2kjfA00|rfd3|rfd3_inputs_spec-1_0_model_4,2kjfA00,0.3,rfd3,0.8135635076564496,0.9907,90.23,0.5392,0.586,0.586,ca_rmsd_dssp_non_loop,48,ok,
2kjfA00|rfd3|rfd3_inputs_spec-1_0_model_4|T0.3|6,2kjfA00|rfd3|rfd3_inputs_spec-1_0_model_4,2kjfA00,0.3,rfd3,0.7880704085871935,0.9895,89.20166666666667,0.434,0.4861,0.4861,ca_rmsd_dssp_non_loop,48,ok,
1b8xA03|target|target|T0.05|1,1b8xA03|target|target,1b8xA03,0.05,target,0.8328767135704997,1.1136,88.7536923076923,2.3312,12.8738,12.8743,ca_rmsd_dssp_non_loop,105,ok,
1b8xA03|target|target|T0.05|2,1b8xA03|target|target,1b8xA03,0.05,target,0.8120028311028967,1.1373,86.85403846153847,2.209,17.6096,17.6096,ca_rmsd_dssp_non_loop,105,ok,
1b8xA03|target|target|T0.05|3,1b8xA03|target|target,1b8xA03,0.05,target,0.869804439124508,1.0799,87.15950000000001,4.6506,19.0631,19.0631,ca_rmsd_dssp_non_loop,105,ok,
1b8xA03|target|target|T0.05|4,1b8xA03|target|target,1b8xA03,0.05,target,0.8172300398012449,1.0981,86.01569230769232,4.2552,13.4072,13.4072,ca_rmsd_dssp_non_loop,105,ok,
1b8xA03|target|target|T0.05|0,1b8xA03|target|target,1b8xA03,0.05,target,0.8027935058108653,1.1291,84.55265384615385,3.6812,16.5165,16.5165,ca_rmsd_dssp_non_loop,105,ok,
1b8xA03|target|target|T0.05|5,1b8xA03|target|target,1b8xA03,0.05,target,0.8065414958997641,1.0851,88.52184615384616,3.0481,9.1977,9.1978,ca_rmsd_dssp_non_loop,105,ok,
1b8xA03|target|target|T0.05|6,1b8xA03|target|target,1b8xA03,0.05,target,0.8599187605985776,1.0703,86.5056923076923,5.2602,16.8155,16.8156,ca_rmsd_dssp_non_loop,105,ok,
1b8xA03|target|target|T0.05|7,1b8xA03|target|target,1b8xA03,0.05,target,0.8519528019683106,1.1055,86.77088461538462,3.0693,11.9442,11.9442,ca_rmsd_dssp_non_loop,105,ok,
1b8xA03|target|target|T0.1|0,1b8xA03|target|target,1b8xA03,0.1,target,0.7828423406584007,1.1224,84.8268076923077,1.4783,13.2046,13.2069,ca_rmsd_dssp_non_loop,105,ok,
1b8xA03|target|target|T0.1|1,1b8xA03|target|target,1b8xA03,0.1,target,0.8840688497674035,1.0987,87.33480769230769,2.7588,10.9936,10.9983,ca_rmsd_dssp_non_loop,105,ok,
1b8xA03|target|target|T0.1|2,1b8xA03|target|target,1b8xA03,0.1,target,0.7869978198191333,1.122,87.44807692307693,1.9991,8.3514,8.3514,ca_rmsd_dssp_non_loop,105,ok,
1b8xA03|target|target|T0.1|3,1b8xA03|target|target,1b8xA03,0.1,target,0.8207649151656506,1.1162,86.8666923076923,2.1489,12.8081,12.8086,ca_rmsd_dssp_non_loop,105,ok,
1b8xA03|target|target|T0.1|4,1b8xA03|target|target,1b8xA03,0.1,target,0.7795553281772647,1.1251,85.43696153846155,3.6287,16.5844,16.5844,ca_rmsd_dssp_non_loop,105,ok,
1b8xA03|target|target|T0.1|5,1b8xA03|target|target,1b8xA03,0.1,target,0.8052177969672819,1.1224,85.06415384615384,1.1224,14.6583,14.8159,ca_rmsd_dssp_non_loop,105,ok,
1b8xA03|target|target|T0.1|6,1b8xA03|target|target,1b8xA03,0.1,target,0.8035231744567254,1.1064,85.84457692307693,1.593,12.7159,12.716,ca_rmsd_dssp_non_loop,105,ok,
1b8xA03|target|target|T0.1|7,1b8xA03|target|target,1b8xA03,0.1,target,0.8744366272081849,1.1381,87.16869230769231,1.3001,16.8755,16.9294,ca_rmsd_dssp_non_loop,105,ok,
1b8xA03|target|target|T0.2|0,1b8xA03|target|target,1b8xA03,0.2,target,0.7117392466946214,1.2123,85.52915384615385,2.3735,11.8282,11.8561,ca_rmsd_dssp_non_loop,105,ok,
1b8xA03|target|target|T0.2|1,1b8xA03|target|target,1b8xA03,0.2,target,0.8099984339846871,1.1393,89.2331923076923,3.6612,10.2299,10.2299,ca_rmsd_dssp_non_loop,105,ok,
1b8xA03|target|target|T0.2|2,1b8xA03|target|target,1b8xA03,0.2,target,0.8157316479201855,1.1995,84.18526923076922,4.8325,14.8053,14.8053,ca_rmsd_dssp_non_loop,105,ok,
1b8xA03|target|target|T0.2|3,1b8xA03|target|target,1b8xA03,0.2,target,0.8629487074245404,1.1383,88.56111538461538,3.142,10.2757,10.2757,ca_rmsd_dssp_non_loop,105,ok,
1b8xA03|target|target|T0.2|4,1b8xA03|target|target,1b8xA03,0.2,target,0.7764998935890918,1.1698,84.16146153846154,3.1852,15.2779,15.2779,ca_rmsd_dssp_non_loop,105,ok,
1b8xA03|target|target|T0.2|5,1b8xA03|target|target,1b8xA03,0.2,target,0.6942363401080305,1.186,82.02403846153847,1.5281,11.6545,11.6545,ca_rmsd_dssp_non_loop,105,ok,
1b8xA03|target|target|T0.2|6,1b8xA03|target|target,1b8xA03,0.2,target,0.8143400927131571,1.1961,84.18176923076922,3.0832,20.7272,20.7272,ca_rmsd_dssp_non_loop,105,ok,
1b8xA03|target|target|T0.2|7,1b8xA03|target|target,1b8xA03,0.2,target,0.7555548697300957,1.1852,83.03923076923077,4.3624,21.0716,21.0716,ca_rmsd_dssp_non_loop,105,ok,
1b8xA03|target|target|T0.3|0,1b8xA03|target|target,1b8xA03,0.3,target,0.7476567741004243,1.2528,83.96884615384616,1.6276,12.2507,12.2507,ca_rmsd_dssp_non_loop,105,ok,
1b8xA03|target|target|T0.3|1,1b8xA03|target|target,1b8xA03,0.3,target,0.7597918110304827,1.2693,83.89853846153846,5.4483,15.5955,15.5955,ca_rmsd_dssp_non_loop,105,ok,
1b8xA03|target|target|T0.3|2,1b8xA03|target|target,1b8xA03,0.3,target,0.797504405942799,1.2509,82.94942307692307,3.9668,13.1362,13.1362,ca_rmsd_dssp_non_loop,105,ok,
1b8xA03|target|target|T0.3|3,1b8xA03|target|target,1b8xA03,0.3,target,0.8145725807070178,1.2389,84.66246153846154,5.7134,19.1992,19.1992,ca_rmsd_dssp_non_loop,105,ok,
1b8xA03|target|target|T0.3|4,1b8xA03|target|target,1b8xA03,0.3,target,0.8277836082661223,1.2515,85.92673076923077,3.2244,15.8438,15.8622,ca_rmsd_dssp_non_loop,105,ok,
1b8xA03|target|target|T0.3|5,1b8xA03|target|target,1b8xA03,0.3,target,0.7743566540054223,1.2457,85.78111538461539,1.7608,12.238,12.238,ca_rmsd_dssp_non_loop,105,ok,
1b5aA00|bioemu|bioemu_004|T0.05|0,1b5aA00|bioemu|bioemu_004,1b5aA00,0.05,bioemu,0.8056717496274143,1.0623,79.37946808510638,1.2452,4.4602,4.4602,ca_rmsd_dssp_non_loop,42,ok,
1b8xA03|target|target|T0.3|6,1b8xA03|target|target,1b8xA03,0.3,target,0.7228136737837821,1.1952,83.67542307692308,1.9869,12.2825,12.3071,ca_rmsd_dssp_non_loop,105,ok,
1b8xA03|target|target|T0.3|7,1b8xA03|target|target,1b8xA03,0.3,target,0.8092871053318826,1.2954,84.145,2.6244,13.1484,13.1484,ca_rmsd_dssp_non_loop,105,ok,
1b5aA00|bioemu|bioemu_004|T0.05|1,1b5aA00|bioemu|bioemu_004,1b5aA00,0.05,bioemu,0.8394366648059263,1.0272,79.03468085106383,1.2748,3.8218,3.8218,ca_rmsd_dssp_non_loop,42,ok,
1b5aA00|bioemu|bioemu_004|T0.05|2,1b5aA00|bioemu|bioemu_004,1b5aA00,0.05,bioemu,0.7958288490974245,1.0948,78.12797872340425,1.2855,4.3708,4.3708,ca_rmsd_dssp_non_loop,42,ok,
1b5aA00|bioemu|bioemu_004|T0.05|3,1b5aA00|bioemu|bioemu_004,1b5aA00,0.05,bioemu,0.8303465203638927,1.0385,82.40191489361702,1.0531,3.4708,3.4708,ca_rmsd_dssp_non_loop,42,ok,
1b5aA00|bioemu|bioemu_004|T0.05|4,1b5aA00|bioemu|bioemu_004,1b5aA00,0.05,bioemu,0.8060046495515689,1.0682,79.60712765957446,1.1941,4.0452,4.0452,ca_rmsd_dssp_non_loop,42,ok,
1b5aA00|bioemu|bioemu_004|T0.05|5,1b5aA00|bioemu|bioemu_004,1b5aA00,0.05,bioemu,0.7809248036382243,1.0321,76.85468085106383,1.2284,4.0196,4.0196,ca_rmsd_dssp_non_loop,42,ok,
1b5aA00|bioemu|bioemu_004|T0.05|7,1b5aA00|bioemu|bioemu_004,1b5aA00,0.05,bioemu,0.8233409715249546,1.04,78.13861702127659,1.3055,4.0335,4.0335,ca_rmsd_dssp_non_loop,42,ok,
1b5aA00|bioemu|bioemu_004|T0.1|0,1b5aA00|bioemu|bioemu_004,1b5aA00,0.1,bioemu,0.8339129568368525,1.0273,81.4522340425532,1.1553,4.3377,4.3377,ca_rmsd_dssp_non_loop,42,ok,
1b5aA00|bioemu|bioemu_004|T0.05|6,1b5aA00|bioemu|bioemu_004,1b5aA00,0.05,bioemu,0.8285405734248825,1.0225,78.72329787234042,1.0897,1.9707,1.9707,ca_rmsd_dssp_non_loop,42,ok,
1b5aA00|bioemu|bioemu_004|T0.1|1,1b5aA00|bioemu|bioemu_004,1b5aA00,0.1,bioemu,0.8467534757401112,1.0773,80.89989361702128,0.8685,2.4264,2.4264,ca_rmsd_dssp_non_loop,42,ok,
1b5aA00|bioemu|bioemu_004|T0.1|3,1b5aA00|bioemu|bioemu_004,1b5aA00,0.1,bioemu,0.8459233730176259,1.0387,78.5818085106383,1.0906,3.8046,3.8046,ca_rmsd_dssp_non_loop,42,ok,
1b5aA00|bioemu|bioemu_004|T0.1|2,1b5aA00|bioemu|bioemu_004,1b5aA00,0.1,bioemu,0.8411498487710699,1.0899,76.98521276595744,1.3658,3.2405,3.2405,ca_rmsd_dssp_non_loop,42,ok,
1b5aA00|bioemu|bioemu_004|T0.1|4,1b5aA00|bioemu|bioemu_004,1b5aA00,0.1,bioemu,0.7895354758292229,1.0814,78.9236170212766,1.261,2.0489,2.0489,ca_rmsd_dssp_non_loop,42,ok,
1b5aA00|bioemu|bioemu_004|T0.1|6,1b5aA00|bioemu|bioemu_004,1b5aA00,0.1,bioemu,0.8388622924231462,1.1116,80.8231914893617,1.2218,4.0652,4.0652,ca_rmsd_dssp_non_loop,42,ok,
1b5aA00|bioemu|bioemu_004|T0.1|7,1b5aA00|bioemu|bioemu_004,1b5aA00,0.1,bioemu,0.783100985716057,1.0604,75.11159574468086,1.2405,2.1302,2.1302,ca_rmsd_dssp_non_loop,42,ok,
1b5aA00|bioemu|bioemu_004|T0.2|0,1b5aA00|bioemu|bioemu_004,1b5aA00,0.2,bioemu,0.8192818252939872,1.1395,80.70212765957447,0.9553,4.2233,4.2233,ca_rmsd_dssp_non_loop,42,ok,
1b5aA00|bioemu|bioemu_004|T0.2|1,1b5aA00|bioemu|bioemu_004,1b5aA00,0.2,bioemu,0.8408653513530021,1.0532,79.24989361702127,1.2119,3.7707,3.7707,ca_rmsd_dssp_non_loop,42,ok,
1b5aA00|bioemu|bioemu_004|T0.2|2,1b5aA00|bioemu|bioemu_004,1b5aA00,0.2,bioemu,0.8177013750389509,1.1086,80.58882978723405,1.0162,4.2536,4.2536,ca_rmsd_dssp_non_loop,42,ok,
1b5aA00|bioemu|bioemu_004|T0.1|5,1b5aA00|bioemu|bioemu_004,1b5aA00,0.1,bioemu,0.7916489443707359,1.0655,79.15744680851064,1.1732,4.6479,4.6479,ca_rmsd_dssp_non_loop,42,ok,
1b5aA00|bioemu|bioemu_004|T0.2|3,1b5aA00|bioemu|bioemu_004,1b5aA00,0.2,bioemu,0.7852614949651721,1.0725,79.27063829787234,1.4054,3.3927,3.3927,ca_rmsd_dssp_non_loop,42,ok,
1b5aA00|bioemu|bioemu_004|T0.2|4,1b5aA00|bioemu|bioemu_004,1b5aA00,0.2,bioemu,0.8356735404447928,1.0164,80.20627659574468,1.4532,4.0367,4.0367,ca_rmsd_dssp_non_loop,42,ok,
1b5aA00|bioemu|bioemu_004|T0.2|5,1b5aA00|bioemu|bioemu_004,1b5aA00,0.2,bioemu,0.7583041159789723,1.104,82.73329787234043,0.9998,3.7989,3.7989,ca_rmsd_dssp_non_loop,42,ok,
1b5aA00|bioemu|bioemu_004|T0.2|6,1b5aA00|bioemu|bioemu_004,1b5aA00,0.2,bioemu,0.7787329568242961,1.0831,78.57606382978723,1.1621,4.0972,4.0972,ca_rmsd_dssp_non_loop,42,ok,
1b5aA00|bioemu|bioemu_004|T0.3|0,1b5aA00|bioemu|bioemu_004,1b5aA00,0.3,bioemu,0.7141742622630741,1.3258,79.75489361702128,1.1977,4.4914,4.4914,ca_rmsd_dssp_non_loop,42,ok,
1b5aA00|bioemu|bioemu_004|T0.3|1,1b5aA00|bioemu|bioemu_004,1b5aA00,0.3,bioemu,0.7958288490974245,1.1134,82.37797872340425,0.921,3.871,3.871,ca_rmsd_dssp_non_loop,42,ok,
1b5aA00|bioemu|bioemu_004|T0.3|2,1b5aA00|bioemu|bioemu_004,1b5aA00,0.3,bioemu,0.4911711305389651,1.1072,79.8504255319149,2.002,4.821,4.821,ca_rmsd_dssp_non_loop,42,ok,
1b5aA00|bioemu|bioemu_004|T0.3|3,1b5aA00|bioemu|bioemu_004,1b5aA00,0.3,bioemu,0.7787329568242961,1.1688,78.35329787234042,1.0073,2.8258,2.8258,ca_rmsd_dssp_non_loop,42,ok,
1b5aA00|bioemu|bioemu_004|T0.3|4,1b5aA00|bioemu|bioemu_004,1b5aA00,0.3,bioemu,0.8527293572741141,1.192,80.96351063829788,1.1932,2.624,2.624,ca_rmsd_dssp_non_loop,42,ok,
1b5aA00|bioemu|bioemu_004|T0.3|5,1b5aA00|bioemu|bioemu_004,1b5aA00,0.3,bioemu,0.7598605062583894,1.2379,77.57106382978724,1.1756,4.9896,4.9896,ca_rmsd_dssp_non_loop,42,ok,
1b5aA00|bioemu|bioemu_004|T0.3|6,1b5aA00|bioemu|bioemu_004,1b5aA00,0.3,bioemu,0.7093729180064644,1.214,75.39393617021277,1.3794,4.8968,4.8968,ca_rmsd_dssp_non_loop,42,ok,
1b5aA00|bioemu|bioemu_004|T0.2|7,1b5aA00|bioemu|bioemu_004,1b5aA00,0.2,bioemu,0.7567408677369454,1.1518,77.66691489361702,1.1522,2.1704,2.1704,ca_rmsd_dssp_non_loop,42,ok,
1hufA00|rfd3|rfd3_inputs_spec-1_0_model_4|T0.05|0,1hufA00|rfd3|rfd3_inputs_spec-1_0_model_4,1hufA00,0.05,rfd3,0.8016156215857724,0.8396,67.92463414634146,2.3215,4.6948,4.6948,ca_rmsd_dssp_non_loop,77,ok,
1hufA00|rfd3|rfd3_inputs_spec-1_0_model_4|T0.05|1,1hufA00|rfd3|rfd3_inputs_spec-1_0_model_4,1hufA00,0.05,rfd3,0.7775952660051092,0.8139,73.42886178861788,4.5736,6.801,6.801,ca_rmsd_dssp_non_loop,77,ok,
1hufA00|rfd3|rfd3_inputs_spec-1_0_model_4|T0.05|2,1hufA00|rfd3|rfd3_inputs_spec-1_0_model_4,1hufA00,0.05,rfd3,0.6444649839624079,0.8409,69.38617886178862,5.1195,7.041,7.041,ca_rmsd_dssp_non_loop,77,ok,
1hufA00|rfd3|rfd3_inputs_spec-1_0_model_4|T0.05|3,1hufA00|rfd3|rfd3_inputs_spec-1_0_model_4,1hufA00,0.05,rfd3,0.80135691262248,0.8635,79.62577235772358,4.2906,7.6988,7.6988,ca_rmsd_dssp_non_loop,77,ok,
1b5aA00|bioemu|bioemu_004|T0.3|7,1b5aA00|bioemu|bioemu_004,1b5aA00,0.3,bioemu,0.8291442438390194,1.1505,80.53223404255318,1.2534,4.1563,4.1563,ca_rmsd_dssp_non_loop,42,ok,
1hufA00|rfd3|rfd3_inputs_spec-1_0_model_4|T0.05|6,1hufA00|rfd3|rfd3_inputs_spec-1_0_model_4,1hufA00,0.05,rfd3,0.6693763754686016,0.8526,78.6170731707317,3.7504,6.4833,6.4833,ca_rmsd_dssp_non_loop,77,ok,
1hufA00|rfd3|rfd3_inputs_spec-1_0_model_4|T0.05|5,1hufA00|rfd3|rfd3_inputs_spec-1_0_model_4,1hufA00,0.05,rfd3,0.7066874227580574,0.8498,70.97731707317072,3.1003,6.8662,6.8662,ca_rmsd_dssp_non_loop,77,ok,
1hufA00|rfd3|rfd3_inputs_spec-1_0_model_4|T0.1|0,1hufA00|rfd3|rfd3_inputs_spec-1_0_model_4,1hufA00,0.1,rfd3,0.7905311600918773,0.8432,71.80422764227643,4.2668,7.6877,7.6877,ca_rmsd_dssp_non_loop,77,ok,
1hufA00|rfd3|rfd3_inputs_spec-1_0_model_4|T0.05|4,1hufA00|rfd3|rfd3_inputs_spec-1_0_model_4,1hufA00,0.05,rfd3,0.7722065921086393,0.8467,73.80560975609757,7.0896,8.1459,8.1459,ca_rmsd_dssp_non_loop,77,ok,
1hufA00|rfd3|rfd3_inputs_spec-1_0_model_4|T0.05|7,1hufA00|rfd3|rfd3_inputs_spec-1_0_model_4,1hufA00,0.05,rfd3,0.7617461066174009,0.8788,72.33073170731707,4.2194,7.3254,7.3254,ca_rmsd_dssp_non_loop,77,ok,
1hufA00|rfd3|rfd3_inputs_spec-1_0_model_4|T0.1|2,1hufA00|rfd3|rfd3_inputs_spec-1_0_model_4,1hufA00,0.1,rfd3,0.7897222511677838,0.8302,77.44341463414635,4.7515,6.8867,6.8867,ca_rmsd_dssp_non_loop,77,ok,
1hufA00|rfd3|rfd3_inputs_spec-1_0_model_4|T0.1|1,1hufA00|rfd3|rfd3_inputs_spec-1_0_model_4,1hufA00,0.1,rfd3,0.6668525428014154,0.885,78.85105691056911,3.0698,5.604,5.604,ca_rmsd_dssp_non_loop,77,ok,
1hufA00|rfd3|rfd3_inputs_spec-1_0_model_4|T0.1|3,1hufA00|rfd3|rfd3_inputs_spec-1_0_model_4,1hufA00,0.1,rfd3,0.7924097106610518,0.8699,86.45089430894308,0.7676,1.5447,1.5447,ca_rmsd_dssp_non_loop,77,ok,
1hufA00|rfd3|rfd3_inputs_spec-1_0_model_4|T0.1|5,1hufA00|rfd3|rfd3_inputs_spec-1_0_model_4,1hufA00,0.1,rfd3,0.7268177464034369,0.8655,71.3540650406504,3.9855,6.8226,6.8226,ca_rmsd_dssp_non_loop,77,ok,
1hufA00|rfd3|rfd3_inputs_spec-1_0_model_4|T0.1|6,1hufA00|rfd3|rfd3_inputs_spec-1_0_model_4,1hufA00,0.1,rfd3,0.7739181655536839,0.8637,72.21869918699187,6.1219,7.5309,7.5309,ca_rmsd_dssp_non_loop,77,ok,
1hufA00|rfd3|rfd3_inputs_spec-1_0_model_4|T0.1|4,1hufA00|rfd3|rfd3_inputs_spec-1_0_model_4,1hufA00,0.1,rfd3,0.7581867929647906,0.8481,69.38195121951219,5.6374,8.3056,8.3056,ca_rmsd_dssp_non_loop,77,ok,
1hufA00|rfd3|rfd3_inputs_spec-1_0_model_4|T0.2|0,1hufA00|rfd3|rfd3_inputs_spec-1_0_model_4,1hufA00,0.2,rfd3,0.5437092826874149,0.9101,71.22341463414634,4.7253,6.7218,6.7218,ca_rmsd_dssp_non_loop,77,ok,
1hufA00|rfd3|rfd3_inputs_spec-1_0_model_4|T0.2|2,1hufA00|rfd3|rfd3_inputs_spec-1_0_model_4,1hufA00,0.2,rfd3,0.6743947977420485,0.9055,65.64764227642276,5.2616,7.5017,7.5017,ca_rmsd_dssp_non_loop,77,ok,
1hufA00|rfd3|rfd3_inputs_spec-1_0_model_4|T0.2|1,1hufA00|rfd3|rfd3_inputs_spec-1_0_model_4,1hufA00,0.2,rfd3,0.7281072457833262,0.8816,67.01837398373983,3.7998,7.0412,7.0412,ca_rmsd_dssp_non_loop,77,ok,
1hufA00|rfd3|rfd3_inputs_spec-1_0_model_4|T0.2|4,1hufA00|rfd3|rfd3_inputs_spec-1_0_model_4,1hufA00,0.2,rfd3,0.795601089815287,0.8489,77.96788617886179,5.1575,8.5096,8.5096,ca_rmsd_dssp_non_loop,77,ok,
1hufA00|rfd3|rfd3_inputs_spec-1_0_model_4|T0.2|5,1hufA00|rfd3|rfd3_inputs_spec-1_0_model_4,1hufA00,0.2,rfd3,0.7632184853874384,0.8801,45.5290243902439,9.8976,12.1767,12.2307,ca_rmsd_dssp_non_loop,77,ok,
1hufA00|rfd3|rfd3_inputs_spec-1_0_model_4|T0.2|3,1hufA00|rfd3|rfd3_inputs_spec-1_0_model_4,1hufA00,0.2,rfd3,0.7548924229528574,0.8728,79.59154471544716,3.0432,6.9157,6.9157,ca_rmsd_dssp_non_loop,77,ok,
1hufA00|rfd3|rfd3_inputs_spec-1_0_model_4|T0.2|7,1hufA00|rfd3|rfd3_inputs_spec-1_0_model_4,1hufA00,0.2,rfd3,0.8212556752386966,0.8494,73.59178861788618,5.0439,7.1004,7.1004,ca_rmsd_dssp_non_loop,77,ok,
1hufA00|rfd3|rfd3_inputs_spec-1_0_model_4|T0.1|7,1hufA00|rfd3|rfd3_inputs_spec-1_0_model_4,1hufA00,0.1,rfd3,0.7448287641394562,0.8643,71.98390243902439,3.2289,5.1956,5.1956,ca_rmsd_dssp_non_loop,77,ok,
1hufA00|rfd3|rfd3_inputs_spec-1_0_model_4|T0.3|0,1hufA00|rfd3|rfd3_inputs_spec-1_0_model_4,1hufA00,0.3,rfd3,0.7382848777398611,0.9383,75.6930081300813,3.8705,6.0666,6.0666,ca_rmsd_dssp_non_loop,77,ok,
1hufA00|rfd3|rfd3_inputs_spec-1_0_model_4|T0.3|2,1hufA00|rfd3|rfd3_inputs_spec-1_0_model_4,1hufA00,0.3,rfd3,0.7300343280882342,0.903,72.71284552845529,3.8475,5.4147,5.4147,ca_rmsd_dssp_non_loop,77,ok,
1hufA00|rfd3|rfd3_inputs_spec-1_0_model_4|T0.3|1,1hufA00|rfd3|rfd3_inputs_spec-1_0_model_4,1hufA00,0.3,rfd3,0.6718904957666735,0.9165,76.36422764227642,3.0208,5.9644,5.9645,ca_rmsd_dssp_non_loop,77,ok,
1hufA00|rfd3|rfd3_inputs_spec-1_0_model_4|T0.3|3,1hufA00|rfd3|rfd3_inputs_spec-1_0_model_4,1hufA00,0.3,rfd3,0.8080010059367984,0.9331,63.20674796747968,5.1037,7.0689,7.0689,ca_rmsd_dssp_non_loop,77,ok,
1hufA00|rfd3|rfd3_inputs_spec-1_0_model_4|T0.3|5,1hufA00|rfd3|rfd3_inputs_spec-1_0_model_4,1hufA00,0.3,rfd3,0.8152102920513589,0.9155,73.63837398373984,3.5252,7.0783,7.0783,ca_rmsd_dssp_non_loop,77,ok,
1hufA00|rfd3|rfd3_inputs_spec-1_0_model_4|T0.2|6,1hufA00|rfd3|rfd3_inputs_spec-1_0_model_4,1hufA00,0.2,rfd3,0.7710604787452169,0.9009,85.81829268292682,1.5364,2.565,2.565,ca_rmsd_dssp_non_loop,77,ok,
1hufA00|rfd3|rfd3_inputs_spec-1_0_model_4|T0.3|4,1hufA00|rfd3|rfd3_inputs_spec-1_0_model_4,1hufA00,0.3,rfd3,0.6540915475185267,0.9266,73.04983739837398,4.5966,8.0051,8.0051,ca_rmsd_dssp_non_loop,77,ok,
2jneA00|rfd3|rfd3_inputs_spec-1_0_model_4|T0.05|0,2jneA00|rfd3|rfd3_inputs_spec-1_0_model_4,2jneA00,0.05,rfd3,0.7274992954497796,0.9794,91.34154929577464,2.7623,3.66,3.6637,ca_rmsd_dssp_non_loop,39,ok,
1hufA00|rfd3|rfd3_inputs_spec-1_0_model_4|T0.3|6,1hufA00|rfd3|rfd3_inputs_spec-1_0_model_4,1hufA00,0.3,rfd3,0.7620410850340653,0.997,61.284065040650404,8.6783,10.9605,11.0156,ca_rmsd_dssp_non_loop,77,ok,
1hufA00|rfd3|rfd3_inputs_spec-1_0_model_4|T0.3|7,1hufA00|rfd3|rfd3_inputs_spec-1_0_model_4,1hufA00,0.3,rfd3,0.7722065921086393,0.8472,66.92219512195122,4.0302,6.2756,6.2756,ca_rmsd_dssp_non_loop,77,ok,
2jneA00|rfd3|rfd3_inputs_spec-1_0_model_4|T0.05|3,2jneA00|rfd3|rfd3_inputs_spec-1_0_model_4,2jneA00,0.05,rfd3,0.5634587530826497,1.0342,87.96788732394367,1.3282,2.0726,2.0862,ca_rmsd_dssp_non_loop,39,ok,
2jneA00|rfd3|rfd3_inputs_spec-1_0_model_4|T0.05|1,2jneA00|rfd3|rfd3_inputs_spec-1_0_model_4,2jneA00,0.05,rfd3,0.6402243520976425,1.016,87.1374647887324,2.0982,2.7393,2.7407,ca_rmsd_dssp_non_loop,39,ok,
2jneA00|rfd3|rfd3_inputs_spec-1_0_model_4|T0.05|4,2jneA00|rfd3|rfd3_inputs_spec-1_0_model_4,2jneA00,0.05,rfd3,0.587539447343737,0.9918,82.18760563380282,2.2257,2.9452,2.9455,ca_rmsd_dssp_non_loop,39,ok,
2jneA00|rfd3|rfd3_inputs_spec-1_0_model_4|T0.05|5,2jneA00|rfd3|rfd3_inputs_spec-1_0_model_4,2jneA00,0.05,rfd3,0.5341719978237032,1.0416,92.01830985915493,2.1258,2.7924,2.7936,ca_rmsd_dssp_non_loop,39,ok,
2jneA00|rfd3|rfd3_inputs_spec-1_0_model_4|T0.05|2,2jneA00|rfd3|rfd3_inputs_spec-1_0_model_4,2jneA00,0.05,rfd3,0.6707434071177863,1.0483,91.82647887323944,2.2073,2.9943,2.9974,ca_rmsd_dssp_non_loop,39,ok,
2jneA00|rfd3|rfd3_inputs_spec-1_0_model_4|T0.05|6,2jneA00|rfd3|rfd3_inputs_spec-1_0_model_4,2jneA00,0.05,rfd3,0.7346981595634962,0.9587,89.52957746478874,2.3704,3.2909,3.2911,ca_rmsd_dssp_non_loop,39,ok,
2jneA00|rfd3|rfd3_inputs_spec-1_0_model_4|T0.05|7,2jneA00|rfd3|rfd3_inputs_spec-1_0_model_4,2jneA00,0.05,rfd3,0.7806221723113225,1.0192,90.35014084507041,1.7254,2.4723,2.4742,ca_rmsd_dssp_non_loop,39,ok,
2jneA00|rfd3|rfd3_inputs_spec-1_0_model_4|T0.1|0,2jneA00|rfd3|rfd3_inputs_spec-1_0_model_4,2jneA00,0.1,rfd3,0.6051671651587962,1.045,87.42380281690141,2.1785,2.8189,2.8944,ca_rmsd_dssp_non_loop,39,ok,
2jneA00|rfd3|rfd3_inputs_spec-1_0_model_4|T0.1|1,2jneA00|rfd3|rfd3_inputs_spec-1_0_model_4,2jneA00,0.1,rfd3,0.7368885891675943,1.0102,90.04633802816902,2.8588,3.6847,3.6923,ca_rmsd_dssp_non_loop,39,ok,
2jneA00|rfd3|rfd3_inputs_spec-1_0_model_4|T0.1|2,2jneA00|rfd3|rfd3_inputs_spec-1_0_model_4,2jneA00,0.1,rfd3,0.7034251769739853,0.9978,89.04816901408451,1.8339,2.4865,2.4874,ca_rmsd_dssp_non_loop,39,ok,
2jneA00|rfd3|rfd3_inputs_spec-1_0_model_4|T0.1|3,2jneA00|rfd3|rfd3_inputs_spec-1_0_model_4,2jneA00,0.1,rfd3,0.7034251769739851,1.0503,88.60323943661972,2.0956,2.8397,2.8408,ca_rmsd_dssp_non_loop,39,ok,
2jneA00|rfd3|rfd3_inputs_spec-1_0_model_4|T0.1|4,2jneA00|rfd3|rfd3_inputs_spec-1_0_model_4,2jneA00,0.1,rfd3,0.670121004825082,1.0301,89.39887323943661,1.9005,2.6368,2.6378,ca_rmsd_dssp_non_loop,39,ok,
2jneA00|rfd3|rfd3_inputs_spec-1_0_model_4|T0.1|6,2jneA00|rfd3|rfd3_inputs_spec-1_0_model_4,2jneA00,0.1,rfd3,0.6434620890183284,0.9925,83.1074647887324,1.0008,1.4818,1.7313,ca_rmsd_dssp_non_loop,39,ok,
2jneA00|rfd3|rfd3_inputs_spec-1_0_model_4|T0.1|5,2jneA00|rfd3|rfd3_inputs_spec-1_0_model_4,2jneA00,0.1,rfd3,0.6854979533415834,1.0053,89.2549295774648,1.7232,2.374,2.3754,ca_rmsd_dssp_non_loop,39,ok,
2jneA00|rfd3|rfd3_inputs_spec-1_0_model_4|T0.2|0,2jneA00|rfd3|rfd3_inputs_spec-1_0_model_4,2jneA00,0.2,rfd3,0.6356700481456673,1.0805,91.52408450704226,2.3021,2.8116,2.8211,ca_rmsd_dssp_non_loop,39,ok,
2jneA00|rfd3|rfd3_inputs_spec-1_0_model_4|T0.1|7,2jneA00|rfd3|rfd3_inputs_spec-1_0_model_4,2jneA00,0.1,rfd3,0.7235727706571132,1.0144,89.80338028169014,1.8165,2.4946,2.4959,ca_rmsd_dssp_non_loop,39,ok,
2jneA00|rfd3|rfd3_inputs_spec-1_0_model_4|T0.2|2,2jneA00|rfd3|rfd3_inputs_spec-1_0_model_4,2jneA00,0.2,rfd3,0.6663741148342743,1.0501,87.81478873239438,2.0506,2.6761,2.6775,ca_rmsd_dssp_non_loop,39,ok,
2jneA00|rfd3|rfd3_inputs_spec-1_0_model_4|T0.2|1,2jneA00|rfd3|rfd3_inputs_spec-1_0_model_4,2jneA00,0.2,rfd3,0.4373728825014096,1.1314,92.60211267605634,2.5849,3.3718,3.374,ca_rmsd_dssp_non_loop,39,ok,
2jneA00|rfd3|rfd3_inputs_spec-1_0_model_4|T0.2|3,2jneA00|rfd3|rfd3_inputs_spec-1_0_model_4,2jneA00,0.2,rfd3,0.7161886397933367,1.087,87.11605633802817,2.3501,3.0374,3.0447,ca_rmsd_dssp_non_loop,39,ok,
2jneA00|rfd3|rfd3_inputs_spec-1_0_model_4|T0.2|4,2jneA00|rfd3|rfd3_inputs_spec-1_0_model_4,2jneA00,0.2,rfd3,0.7374343761464557,1.0652,89.15112676056337,1.2736,1.8016,1.8017,ca_rmsd_dssp_non_loop,39,ok,
2jneA00|rfd3|rfd3_inputs_spec-1_0_model_4|T0.2|5,2jneA00|rfd3|rfd3_inputs_spec-1_0_model_4,2jneA00,0.2,rfd3,0.8051175208120135,1.0303,90.76014084507042,1.4734,1.9614,1.9639,ca_rmsd_dssp_non_loop,39,ok,
2jneA00|rfd3|rfd3_inputs_spec-1_0_model_4|T0.2|6,2jneA00|rfd3|rfd3_inputs_spec-1_0_model_4,2jneA00,0.2,rfd3,0.6118775427400177,1.1088,89.0187323943662,1.8401,2.4473,2.4505,ca_rmsd_dssp_non_loop,39,ok,
2jneA00|rfd3|rfd3_inputs_spec-1_0_model_4|T0.3|0,2jneA00|rfd3|rfd3_inputs_spec-1_0_model_4,2jneA00,0.3,rfd3,0.6543713020942784,1.0471,87.87028169014084,0.9981,1.607,1.6116,ca_rmsd_dssp_non_loop,39,ok,
2jneA00|rfd3|rfd3_inputs_spec-1_0_model_4|T0.2|7,2jneA00|rfd3|rfd3_inputs_spec-1_0_model_4,2jneA00,0.2,rfd3,0.6004460374934469,1.0465,88.67338028169014,1.3222,1.9209,1.9211,ca_rmsd_dssp_non_loop,39,ok,
2jneA00|rfd3|rfd3_inputs_spec-1_0_model_4|T0.3|1,2jneA00|rfd3|rfd3_inputs_spec-1_0_model_4,2jneA00,0.3,rfd3,0.607856230410227,1.2446,89.0687323943662,1.3693,2.0498,2.0534,ca_rmsd_dssp_non_loop,39,ok,
2jneA00|rfd3|rfd3_inputs_spec-1_0_model_4|T0.3|3,2jneA00|rfd3|rfd3_inputs_spec-1_0_model_4,2jneA00,0.3,rfd3,0.551646125253224,1.0594,89.9556338028169,1.4271,2.0192,2.0219,ca_rmsd_dssp_non_loop,39,ok,
2jneA00|rfd3|rfd3_inputs_spec-1_0_model_4|T0.3|4,2jneA00|rfd3|rfd3_inputs_spec-1_0_model_4,2jneA00,0.3,rfd3,0.8159302459452694,1.1087,89.35549295774648,1.7889,2.3306,2.3341,ca_rmsd_dssp_non_loop,39,ok,
2jneA00|rfd3|rfd3_inputs_spec-1_0_model_4|T0.3|5,2jneA00|rfd3|rfd3_inputs_spec-1_0_model_4,2jneA00,0.3,rfd3,0.6632355493946982,1.1114,86.43197183098592,1.4225,2.4297,2.4333,ca_rmsd_dssp_non_loop,39,ok,
2jneA00|rfd3|rfd3_inputs_spec-1_0_model_4|T0.3|6,2jneA00|rfd3|rfd3_inputs_spec-1_0_model_4,2jneA00,0.3,rfd3,0.5923095320064686,1.1416,90.22619718309859,1.2439,2.0215,2.0306,ca_rmsd_dssp_non_loop,39,ok,
2jneA00|rfd3|rfd3_inputs_spec-1_0_model_4|T0.3|7,2jneA00|rfd3|rfd3_inputs_spec-1_0_model_4,2jneA00,0.3,rfd3,0.6518185000269358,1.0634,84.04676056338027,4.016,5.3373,5.9205,ca_rmsd_dssp_non_loop,39,ok,
2jneA00|rfd3|rfd3_inputs_spec-1_0_model_4|T0.3|2,2jneA00|rfd3|rfd3_inputs_spec-1_0_model_4,2jneA00,0.3,rfd3,0.6395752591473665,1.1466,87.4956338028169,2.4681,3.3132,3.3148,ca_rmsd_dssp_non_loop,39,ok,
1b5aA00|target|target|T0.05|1,1b5aA00|target|target,1b5aA00,0.05,target,0.9051814377394646,1.0567,81.21563829787233,1.657,3.4316,3.4316,ca_rmsd_dssp_non_loop,46,ok,
1b5aA00|target|target|T0.05|0,1b5aA00|target|target,1b5aA00,0.05,target,0.8728485295606977,1.0944,82.61829787234042,1.6087,3.2124,3.2124,ca_rmsd_dssp_non_loop,46,ok,
1b5aA00|target|target|T0.05|2,1b5aA00|target|target,1b5aA00,0.05,target,0.8913985023982118,1.0521,80.03425531914894,1.6139,3.4834,3.4834,ca_rmsd_dssp_non_loop,46,ok,
1b5aA00|target|target|T0.05|3,1b5aA00|target|target,1b5aA00,0.05,target,0.8893215567978263,1.0583,79.17414893617021,1.3541,4.3083,4.3083,ca_rmsd_dssp_non_loop,46,ok,
1b5aA00|target|target|T0.05|4,1b5aA00|target|target,1b5aA00,0.05,target,0.8529963525424291,1.0692,82.59329787234043,1.4759,3.9655,3.9655,ca_rmsd_dssp_non_loop,46,ok,
1b5aA00|target|target|T0.05|6,1b5aA00|target|target,1b5aA00,0.05,target,0.9087712566774493,1.0345,84.79904255319148,1.2675,3.8163,3.8163,ca_rmsd_dssp_non_loop,46,ok,
1b5aA00|target|target|T0.05|5,1b5aA00|target|target,1b5aA00,0.05,target,0.9330737899702854,1.0226,80.25031914893617,1.4794,3.2337,3.2337,ca_rmsd_dssp_non_loop,46,ok,
1b5aA00|target|target|T0.1|0,1b5aA00|target|target,1b5aA00,0.1,target,0.8680504047232033,1.0528,80.28042553191489,1.276,3.3792,3.3792,ca_rmsd_dssp_non_loop,46,ok,
1b5aA00|target|target|T0.1|1,1b5aA00|target|target,1b5aA00,0.1,target,0.8620909014714296,1.0914,81.23,1.6205,3.8157,3.8157,ca_rmsd_dssp_non_loop,46,ok,
1b5aA00|target|target|T0.1|2,1b5aA00|target|target,1b5aA00,0.1,target,0.8653465395468507,1.1084,84.6859574468085,1.4202,3.4663,3.4663,ca_rmsd_dssp_non_loop,46,ok,
1b5aA00|target|target|T0.1|3,1b5aA00|target|target,1b5aA00,0.1,target,0.8655942658365855,1.0832,83.83106382978723,1.3725,3.339,3.339,ca_rmsd_dssp_non_loop,46,ok,
1b5aA00|target|target|T0.1|4,1b5aA00|target|target,1b5aA00,0.1,target,0.9175384000492779,1.0621,77.84127659574467,1.2446,3.2365,3.2365,ca_rmsd_dssp_non_loop,46,ok,
1b5aA00|target|target|T0.1|5,1b5aA00|target|target,1b5aA00,0.1,target,0.8643517767068702,1.0689,77.96808510638297,1.4519,3.301,3.301,ca_rmsd_dssp_non_loop,46,ok,
1b5aA00|target|target|T0.05|7,1b5aA00|target|target,1b5aA00,0.05,target,0.8673175862726908,1.0777,82.42882978723405,1.4635,3.4987,3.4987,ca_rmsd_dssp_non_loop,46,ok,
1b5aA00|target|target|T0.1|7,1b5aA00|target|target,1b5aA00,0.1,target,0.8863554593518517,1.0195,83.91095744680851,1.6068,2.4157,2.4157,ca_rmsd_dssp_non_loop,46,ok,
1b5aA00|target|target|T0.1|6,1b5aA00|target|target,1b5aA00,0.1,target,0.8795404037162295,1.0875,83.23148936170213,1.1527,4.0153,4.0153,ca_rmsd_dssp_non_loop,46,ok,
1b5aA00|target|target|T0.2|0,1b5aA00|target|target,1b5aA00,0.2,target,0.9048155819490371,1.1196,86.33744680851063,1.1086,3.2705,3.2705,ca_rmsd_dssp_non_loop,46,ok,
1b5aA00|target|target|T0.2|2,1b5aA00|target|target,1b5aA00,0.2,target,0.8850631952124194,1.0903,84.47734042553192,1.5375,4.1476,4.1476,ca_rmsd_dssp_non_loop,46,ok,
1b5aA00|target|target|T0.2|3,1b5aA00|target|target,1b5aA00,0.2,target,0.8893215567978263,1.1635,80.97234042553191,1.4195,3.2386,3.2386,ca_rmsd_dssp_non_loop,46,ok,
1b5aA00|target|target|T0.2|1,1b5aA00|target|target,1b5aA00,0.2,target,0.8950508190160464,1.1239,83.14659574468085,1.245,3.2951,3.2951,ca_rmsd_dssp_non_loop,46,ok,
1b5aA00|target|target|T0.2|4,1b5aA00|target|target,1b5aA00,0.2,target,0.9085947073227411,1.1205,82.35723404255319,1.3247,3.686,3.686,ca_rmsd_dssp_non_loop,46,ok,
1b5aA00|target|target|T0.2|5,1b5aA00|target|target,1b5aA00,0.2,target,0.9124085327775752,1.065,83.50797872340425,1.4526,4.0293,4.0293,ca_rmsd_dssp_non_loop,46,ok,
1b5aA00|target|target|T0.2|6,1b5aA00|target|target,1b5aA00,0.2,target,0.8327308630895203,1.1907,81.09127659574467,1.3656,3.9114,3.9114,ca_rmsd_dssp_non_loop,46,ok,
1b5aA00|target|target|T0.3|0,1b5aA00|target|target,1b5aA00,0.3,target,0.8859261181386514,1.1572,81.94191489361702,1.4065,4.1002,4.1002,ca_rmsd_dssp_non_loop,46,ok,
1b5aA00|target|target|T0.3|1,1b5aA00|target|target,1b5aA00,0.3,target,0.8566923444733271,1.1422,83.26648936170213,1.4335,3.9624,3.9624,ca_rmsd_dssp_non_loop,46,ok,
1b5aA00|target|target|T0.2|7,1b5aA00|target|target,1b5aA00,0.2,target,0.8897397090592827,1.1542,81.7927659574468,1.3485,3.8391,3.8391,ca_rmsd_dssp_non_loop,46,ok,
1b5aA00|target|target|T0.3|3,1b5aA00|target|target,1b5aA00,0.3,target,0.8982058656987543,1.2062,81.83914893617022,1.277,3.8906,3.8906,ca_rmsd_dssp_non_loop,46,ok,
1b5aA00|target|target|T0.3|2,1b5aA00|target|target,1b5aA00,0.3,target,0.911382901842072,1.1945,81.5436170212766,1.1744,3.8108,3.8108,ca_rmsd_dssp_non_loop,46,ok,
1b5aA00|target|target|T0.3|5,1b5aA00|target|target,1b5aA00,0.3,target,0.8282381044646484,1.1218,83.96297872340426,1.188,3.5219,3.5219,ca_rmsd_dssp_non_loop,46,ok,
1b5aA00|target|target|T0.3|6,1b5aA00|target|target,1b5aA00,0.3,target,0.879314798038749,1.1572,81.16021276595745,1.4808,4.2357,4.2357,ca_rmsd_dssp_non_loop,46,ok,
1b5aA00|target|target|T0.3|4,1b5aA00|target|target,1b5aA00,0.3,target,0.8874226529355745,1.1544,87.07606382978723,1.4074,3.5967,3.5967,ca_rmsd_dssp_non_loop,46,ok,
1b7eA01|target|target|T0.05|0,1b7eA01|target|target,1b7eA01,0.05,target,0.7288869259508387,0.9984,85.73225806451613,35.1685,1.5978,35.9798,ca_rmsd_dssp_non_loop,252,ok,
1b5aA00|target|target|T0.3|7,1b5aA00|target|target,1b5aA00,0.3,target,0.8655942658365855,1.1767,83.67872340425532,1.4026,4.2039,4.2039,ca_rmsd_dssp_non_loop,46,ok,
1b7eA01|target|target|T0.05|1,1b7eA01|target|target,1b7eA01,0.05,target,0.7300621588824554,0.99,84.46384615384615,35.6524,1.8621,36.4819,ca_rmsd_dssp_non_loop,252,ok,
1b7eA01|target|target|T0.05|2,1b7eA01|target|target,1b7eA01,0.05,target,0.7255397026541335,1.0194,84.29302729528536,35.3328,1.9276,36.1698,ca_rmsd_dssp_non_loop,252,ok,
1b7eA01|target|target|T0.05|3,1b7eA01|target|target,1b7eA01,0.05,target,0.7220673209318086,1.0007,86.48322580645161,35.3054,2.1002,36.1584,ca_rmsd_dssp_non_loop,252,ok,
1b7eA01|target|target|T0.05|4,1b7eA01|target|target,1b7eA01,0.05,target,0.7185680484812262,1.0277,83.37794044665011,35.5046,1.8006,36.3613,ca_rmsd_dssp_non_loop,252,ok,
1b7eA01|target|target|T0.05|5,1b7eA01|target|target,1b7eA01,0.05,target,0.7222664691840995,1.0114,83.40486352357321,35.3617,1.9323,36.2273,ca_rmsd_dssp_non_loop,252,ok,
1b7eA01|target|target|T0.05|6,1b7eA01|target|target,1b7eA01,0.05,target,0.7031684685617684,1.0146,86.6023076923077,35.1349,1.7233,36.0335,ca_rmsd_dssp_non_loop,252,ok,
1b7eA01|target|target|T0.05|7,1b7eA01|target|target,1b7eA01,0.05,target,0.7755812906674004,0.9923,85.1728535980149,35.6449,1.9828,36.5194,ca_rmsd_dssp_non_loop,252,ok,
1b7eA01|target|target|T0.1|0,1b7eA01|target|target,1b7eA01,0.1,target,0.7186683988884919,1.0251,84.44714640198511,35.2248,1.9063,36.1029,ca_rmsd_dssp_non_loop,252,ok,
1b7eA01|target|target|T0.1|1,1b7eA01|target|target,1b7eA01,0.1,target,0.6911198256765609,1.0094,84.09965260545907,35.4427,2.0367,36.3122,ca_rmsd_dssp_non_loop,252,ok,
1b7eA01|target|target|T0.1|2,1b7eA01|target|target,1b7eA01,0.1,target,0.7259348245627895,1.0073,84.90533498759305,35.2321,1.6541,36.0672,ca_rmsd_dssp_non_loop,252,ok,
1b7eA01|target|target|T0.1|3,1b7eA01|target|target,1b7eA01,0.1,target,0.7029612579861867,1.0124,84.74754342431763,35.6557,2.023,36.4927,ca_rmsd_dssp_non_loop,252,ok,
1b7eA01|target|target|T0.1|4,1b7eA01|target|target,1b7eA01,0.1,target,0.7507526150420064,1.0349,85.05399503722084,35.4764,1.8127,36.3087,ca_rmsd_dssp_non_loop,252,ok,
1b7eA01|target|target|T0.1|5,1b7eA01|target|target,1b7eA01,0.1,target,0.7471133282624116,0.9981,85.37138957816377,35.4841,1.9565,36.3396,ca_rmsd_dssp_non_loop,252,ok,
1b7eA01|target|target|T0.1|7,1b7eA01|target|target,1b7eA01,0.1,target,0.7300621588824554,1.0066,85.72868486352358,35.5313,1.6675,36.3823,ca_rmsd_dssp_non_loop,252,ok,
1b7eA01|target|target|T0.1|6,1b7eA01|target|target,1b7eA01,0.1,target,0.7481433431726228,0.9963,85.09158808933003,35.2931,1.6091,36.1113,ca_rmsd_dssp_non_loop,252,ok,
1b7eA01|target|target|T0.2|0,1b7eA01|target|target,1b7eA01,0.2,target,0.7549999109100474,1.0802,84.34354838709676,35.2087,1.6202,36.042,ca_rmsd_dssp_non_loop,252,ok,
1b7eA01|target|target|T0.2|1,1b7eA01|target|target,1b7eA01,0.2,target,0.7052359704189047,1.0699,85.68848635235732,35.3407,1.8788,36.1991,ca_rmsd_dssp_non_loop,252,ok,
1b7eA01|target|target|T0.2|2,1b7eA01|target|target,1b7eA01,0.2,target,0.7168587646987533,1.0614,84.71826302729528,35.1081,1.6504,35.943,ca_rmsd_dssp_non_loop,252,ok,
1b7eA01|target|target|T0.2|3,1b7eA01|target|target,1b7eA01,0.2,target,0.7358899362886989,1.057,85.02496277915633,35.3441,2.1217,36.2167,ca_rmsd_dssp_non_loop,252,ok,
1b7eA01|target|target|T0.2|4,1b7eA01|target|target,1b7eA01,0.2,target,0.7256385163275991,1.0567,84.89751861042183,35.3183,1.884,36.2094,ca_rmsd_dssp_non_loop,252,ok,
1b7eA01|target|target|T0.2|5,1b7eA01|target|target,1b7eA01,0.2,target,0.7013005716627282,1.0477,85.2477171215881,35.2554,1.6959,36.0905,ca_rmsd_dssp_non_loop,252,ok,
1b7eA01|target|target|T0.2|6,1b7eA01|target|target,1b7eA01,0.2,target,0.7263295922014749,1.0585,86.51692307692308,35.4919,1.6867,36.2813,ca_rmsd_dssp_non_loop,252,ok,
1b7eA01|target|target|T0.2|7,1b7eA01|target|target,1b7eA01,0.2,target,0.7042032671076256,1.0578,85.26161290322581,35.375,1.8818,36.2394,ca_rmsd_dssp_non_loop,252,ok,
1b7eA01|target|target|T0.3|0,1b7eA01|target|target,1b7eA01,0.3,target,0.7346341201779211,1.0248,84.82004962779158,35.2728,1.8153,36.1312,ca_rmsd_dssp_non_loop,252,ok,
1b7eA01|target|target|T0.3|1,1b7eA01|target|target,1b7eA01,0.3,target,0.6671196067376965,1.1057,83.77806451612902,35.0913,1.9982,35.8595,ca_rmsd_dssp_non_loop,252,ok,
1b7eA01|target|target|T0.3|2,1b7eA01|target|target,1b7eA01,0.3,target,0.7020277778047597,1.1258,85.11315136476426,35.3355,2.1042,36.2044,ca_rmsd_dssp_non_loop,252,ok,
1b7eA01|target|target|T0.3|3,1b7eA01|target|target,1b7eA01,0.3,target,0.7362755738195191,1.0951,84.19630272952854,35.3632,1.8196,36.2188,ca_rmsd_dssp_non_loop,252,ok,
1b7eA01|target|target|T0.3|4,1b7eA01|target|target,1b7eA01,0.3,target,0.6768547611207553,1.1759,83.40218362282879,35.3282,1.8908,36.1779,ca_rmsd_dssp_non_loop,252,ok,
1b7eA01|target|target|T0.3|5,1b7eA01|target|target,1b7eA01,0.3,target,0.7094480152063842,1.1272,85.08302729528536,35.2799,1.8794,36.1869,ca_rmsd_dssp_non_loop,252,ok,
1koyA00|rfd3|rfd3_inputs_spec-1_0_model_2|T0.05|0,1koyA00|rfd3|rfd3_inputs_spec-1_0_model_2,1koyA00,0.05,rfd3,0.6640266231636092,0.9407,87.2625806451613,0.5504,0.9834,0.9834,ca_rmsd_dssp_non_loop,45,ok,
1b7eA01|target|target|T0.3|6,1b7eA01|target|target,1b7eA01,0.3,target,0.6857977571891304,1.098,83.54280397022333,35.4813,1.7434,36.382,ca_rmsd_dssp_non_loop,252,ok,
1koyA00|rfd3|rfd3_inputs_spec-1_0_model_2|T0.05|1,1koyA00|rfd3|rfd3_inputs_spec-1_0_model_2,1koyA00,0.05,rfd3,0.3686379398960672,0.9491,87.35564516129033,0.7089,0.954,0.954,ca_rmsd_dssp_non_loop,45,ok,
1b7eA01|target|target|T0.3|7,1b7eA01|target|target,1b7eA01,0.3,target,0.6940782982232752,1.1057,84.56786600496278,35.3872,1.6418,36.2042,ca_rmsd_dssp_non_loop,252,ok,
1koyA00|rfd3|rfd3_inputs_spec-1_0_model_2|T0.05|2,1koyA00|rfd3|rfd3_inputs_spec-1_0_model_2,1koyA00,0.05,rfd3,0.8413606607952708,1.0301,86.61548387096774,0.6652,0.8854,0.8854,ca_rmsd_dssp_non_loop,45,ok,
1koyA00|rfd3|rfd3_inputs_spec-1_0_model_2|T0.05|3,1koyA00|rfd3|rfd3_inputs_spec-1_0_model_2,1koyA00,0.05,rfd3,0.6647459041065585,1.009,86.7966129032258,1.2668,1.585,1.585,ca_rmsd_dssp_non_loop,45,ok,
1koyA00|rfd3|rfd3_inputs_spec-1_0_model_2|T0.05|4,1koyA00|rfd3|rfd3_inputs_spec-1_0_model_2,1koyA00,0.05,rfd3,0.4671441877522993,0.9527,83.91209677419356,0.6336,0.917,0.917,ca_rmsd_dssp_non_loop,45,ok,
1koyA00|rfd3|rfd3_inputs_spec-1_0_model_2|T0.05|5,1koyA00|rfd3|rfd3_inputs_spec-1_0_model_2,1koyA00,0.05,rfd3,0.7097548150558761,0.9283,88.67596774193548,1.1081,1.4031,1.4031,ca_rmsd_dssp_non_loop,45,ok,
1koyA00|rfd3|rfd3_inputs_spec-1_0_model_2|T0.05|6,1koyA00|rfd3|rfd3_inputs_spec-1_0_model_2,1koyA00,0.05,rfd3,0.5162845609763425,0.9703,81.61774193548388,0.6415,0.8903,0.8903,ca_rmsd_dssp_non_loop,45,ok,
1koyA00|rfd3|rfd3_inputs_spec-1_0_model_2|T0.05|7,1koyA00|rfd3|rfd3_inputs_spec-1_0_model_2,1koyA00,0.05,rfd3,0.5730224716330873,0.9441,86.74435483870967,1.0123,1.2717,1.2717,ca_rmsd_dssp_non_loop,45,ok,
1koyA00|rfd3|rfd3_inputs_spec-1_0_model_2|T0.1|1,1koyA00|rfd3|rfd3_inputs_spec-1_0_model_2,1koyA00,0.1,rfd3,0.7176639156892782,0.9941,84.89612903225807,8.5336,9.2905,9.2905,ca_rmsd_dssp_non_loop,45,ok,
1koyA00|rfd3|rfd3_inputs_spec-1_0_model_2|T0.1|0,1koyA00|rfd3|rfd3_inputs_spec-1_0_model_2,1koyA00,0.1,rfd3,0.7929140072673846,1.0003,87.01741935483871,0.3914,0.4801,0.4801,ca_rmsd_dssp_non_loop,45,ok,
1koyA00|rfd3|rfd3_inputs_spec-1_0_model_2|T0.1|3,1koyA00|rfd3|rfd3_inputs_spec-1_0_model_2,1koyA00,0.1,rfd3,0.7622692828607959,1.0395,87.07983870967742,0.7113,0.9542,0.9542,ca_rmsd_dssp_non_loop,45,ok,
1koyA00|rfd3|rfd3_inputs_spec-1_0_model_2|T0.1|4,1koyA00|rfd3|rfd3_inputs_spec-1_0_model_2,1koyA00,0.1,rfd3,0.6376459201590036,0.982,90.41516129032257,0.6339,0.8533,0.8533,ca_rmsd_dssp_non_loop,45,ok,
1koyA00|rfd3|rfd3_inputs_spec-1_0_model_2|T0.1|2,1koyA00|rfd3|rfd3_inputs_spec-1_0_model_2,1koyA00,0.1,rfd3,0.5491951630647558,0.9557,88.40612903225806,0.9237,1.237,1.237,ca_rmsd_dssp_non_loop,45,ok,
1koyA00|rfd3|rfd3_inputs_spec-1_0_model_2|T0.1|5,1koyA00|rfd3|rfd3_inputs_spec-1_0_model_2,1koyA00,0.1,rfd3,0.64210590419602,0.9246,89.89806451612904,0.5089,0.6095,0.6095,ca_rmsd_dssp_non_loop,45,ok,
1koyA00|rfd3|rfd3_inputs_spec-1_0_model_2|T0.2|0,1koyA00|rfd3|rfd3_inputs_spec-1_0_model_2,1koyA00,0.2,rfd3,0.7765730938032147,1.1439,82.92225806451613,1.1446,1.5164,1.5164,ca_rmsd_dssp_non_loop,45,ok,
1koyA00|rfd3|rfd3_inputs_spec-1_0_model_2|T0.1|6,1koyA00|rfd3|rfd3_inputs_spec-1_0_model_2,1koyA00,0.1,rfd3,0.6596950339418819,0.9947,80.41129032258064,9.7464,10.1239,10.1239,ca_rmsd_dssp_non_loop,45,ok,
1koyA00|rfd3|rfd3_inputs_spec-1_0_model_2|T0.1|7,1koyA00|rfd3|rfd3_inputs_spec-1_0_model_2,1koyA00,0.1,rfd3,0.7097548150558761,1.0674,90.27306451612904,0.8246,1.3136,1.3136,ca_rmsd_dssp_non_loop,45,ok,
1koyA00|rfd3|rfd3_inputs_spec-1_0_model_2|T0.2|2,1koyA00|rfd3|rfd3_inputs_spec-1_0_model_2,1koyA00,0.2,rfd3,0.7859435426080496,1.0125,84.8283870967742,0.5294,0.9198,0.9198,ca_rmsd_dssp_non_loop,45,ok,
1koyA00|rfd3|rfd3_inputs_spec-1_0_model_2|T0.2|4,1koyA00|rfd3|rfd3_inputs_spec-1_0_model_2,1koyA00,0.2,rfd3,0.7793591106075235,1.0706,80.01935483870967,0.7308,0.9694,0.9694,ca_rmsd_dssp_non_loop,45,ok,
1koyA00|rfd3|rfd3_inputs_spec-1_0_model_2|T0.2|3,1koyA00|rfd3|rfd3_inputs_spec-1_0_model_2,1koyA00,0.2,rfd3,0.6286551274584231,1.0249,85.17774193548388,0.7814,1.2298,1.2298,ca_rmsd_dssp_non_loop,45,ok,
1koyA00|rfd3|rfd3_inputs_spec-1_0_model_2|T0.2|6,1koyA00|rfd3|rfd3_inputs_spec-1_0_model_2,1koyA00,0.2,rfd3,0.5395943431853775,0.9747,82.09048387096773,1.2147,1.5665,1.5665,ca_rmsd_dssp_non_loop,45,ok,
1koyA00|rfd3|rfd3_inputs_spec-1_0_model_2|T0.2|5,1koyA00|rfd3|rfd3_inputs_spec-1_0_model_2,1koyA00,0.2,rfd3,0.3784507908815862,1.0628,79.02483870967743,1.1942,1.6068,1.6068,ca_rmsd_dssp_non_loop,45,ok,
1koyA00|rfd3|rfd3_inputs_spec-1_0_model_2|T0.3|0,1koyA00|rfd3|rfd3_inputs_spec-1_0_model_2,1koyA00,0.3,rfd3,0.48645492783043015,1.0782,83.73145161290323,0.7582,1.0033,1.0033,ca_rmsd_dssp_non_loop,45,ok,
1koyA00|rfd3|rfd3_inputs_spec-1_0_model_2|T0.2|7,1koyA00|rfd3|rfd3_inputs_spec-1_0_model_2,1koyA00,0.2,rfd3,0.7017162428016813,1.0237,87.45048387096774,0.9482,1.4616,1.4616,ca_rmsd_dssp_non_loop,45,ok,
1koyA00|rfd3|rfd3_inputs_spec-1_0_model_2|T0.3|2,1koyA00|rfd3|rfd3_inputs_spec-1_0_model_2,1koyA00,0.3,rfd3,0.7260829039594926,1.0996,80.48322580645161,5.7178,6.5526,6.5526,ca_rmsd_dssp_non_loop,45,ok,
1koyA00|rfd3|rfd3_inputs_spec-1_0_model_2|T0.2|1,1koyA00|rfd3|rfd3_inputs_spec-1_0_model_2,1koyA00,0.2,rfd3,0.693551162216289,0.9292,92.69822580645162,0.6702,0.8314,0.8314,ca_rmsd_dssp_non_loop,45,ok,
1koyA00|rfd3|rfd3_inputs_spec-1_0_model_2|T0.3|1,1koyA00|rfd3|rfd3_inputs_spec-1_0_model_2,1koyA00,0.3,rfd3,0.693551162216289,1.0673,83.31854838709677,7.027,9.2098,9.2098,ca_rmsd_dssp_non_loop,45,ok,
1koyA00|rfd3|rfd3_inputs_spec-1_0_model_2|T0.3|3,1koyA00|rfd3|rfd3_inputs_spec-1_0_model_2,1koyA00,0.3,rfd3,0.7587441148446175,1.2317,83.36677419354838,0.6114,0.8538,0.8539,ca_rmsd_dssp_non_loop,45,ok,
1koyA00|rfd3|rfd3_inputs_spec-1_0_model_2|T0.3|5,1koyA00|rfd3|rfd3_inputs_spec-1_0_model_2,1koyA00,0.3,rfd3,0.7657588439631954,1.1128,77.72661290322581,7.4409,7.948,7.948,ca_rmsd_dssp_non_loop,45,ok,
1koyA00|rfd3|rfd3_inputs_spec-1_0_model_2|T0.3|4,1koyA00|rfd3|rfd3_inputs_spec-1_0_model_2,1koyA00,0.3,rfd3,0.8514230919202098,1.0763,80.53983870967743,0.6888,0.7924,0.7924,ca_rmsd_dssp_non_loop,45,ok,
1koyA00|rfd3|rfd3_inputs_spec-1_0_model_2|T0.3|6,1koyA00|rfd3|rfd3_inputs_spec-1_0_model_2,1koyA00,0.3,rfd3,0.5635258049854495,1.069,82.54387096774194,22.9733,12.6247,15.4343,ca_rmsd_dssp_non_loop,45,ok,
1hufA00|rfd3|rfd3_inputs_spec-1_0_model_1|T0.05|1,1hufA00|rfd3|rfd3_inputs_spec-1_0_model_1,1hufA00,0.05,rfd3,0.7309946349857005,0.8614,76.06479674796748,4.3966,5.6654,5.6654,ca_rmsd_dssp_non_loop,78,ok,
1hufA00|rfd3|rfd3_inputs_spec-1_0_model_1|T0.05|0,1hufA00|rfd3|rfd3_inputs_spec-1_0_model_1,1hufA00,0.05,rfd3,0.7463708802133138,0.8837,67.32073170731708,5.0206,6.4551,6.4551,ca_rmsd_dssp_non_loop,78,ok,
1koyA00|rfd3|rfd3_inputs_spec-1_0_model_2|T0.3|7,1koyA00|rfd3|rfd3_inputs_spec-1_0_model_2,1koyA00,0.3,rfd3,0.7826693378232691,1.2426,83.24887096774194,1.0204,1.2779,1.2779,ca_rmsd_dssp_non_loop,45,ok,
1hufA00|rfd3|rfd3_inputs_spec-1_0_model_1|T0.05|4,1hufA00|rfd3|rfd3_inputs_spec-1_0_model_1,1hufA00,0.05,rfd3,0.7183436090664842,0.8944,74.3349593495935,5.3104,6.3658,6.3658,ca_rmsd_dssp_non_loop,78,ok,
1hufA00|rfd3|rfd3_inputs_spec-1_0_model_1|T0.05|3,1hufA00|rfd3|rfd3_inputs_spec-1_0_model_1,1hufA00,0.05,rfd3,0.7290718636173888,0.9039,70.79878048780488,4.2643,5.599,5.599,ca_rmsd_dssp_non_loop,78,ok,
1hufA00|rfd3|rfd3_inputs_spec-1_0_model_1|T0.05|2,1hufA00|rfd3|rfd3_inputs_spec-1_0_model_1,1hufA00,0.05,rfd3,0.76409889480708,0.8698,78.33276422764227,5.6878,6.7742,6.7742,ca_rmsd_dssp_non_loop,78,ok,
1hufA00|rfd3|rfd3_inputs_spec-1_0_model_1|T0.05|5,1hufA00|rfd3|rfd3_inputs_spec-1_0_model_1,1hufA00,0.05,rfd3,0.7113836997442703,0.8676,75.52934959349594,6.979,8.6992,8.7009,ca_rmsd_dssp_non_loop,78,ok,
1hufA00|rfd3|rfd3_inputs_spec-1_0_model_1|T0.05|6,1hufA00|rfd3|rfd3_inputs_spec-1_0_model_1,1hufA00,0.05,rfd3,0.6761775160340984,0.9334,72.26569105691057,1.8135,2.5205,2.5205,ca_rmsd_dssp_non_loop,78,ok,
1hufA00|rfd3|rfd3_inputs_spec-1_0_model_1|T0.1|1,1hufA00|rfd3|rfd3_inputs_spec-1_0_model_1,1hufA00,0.1,rfd3,0.7733486543871971,0.8911,77.65894308943089,5.2878,6.458,6.458,ca_rmsd_dssp_non_loop,78,ok,
1hufA00|rfd3|rfd3_inputs_spec-1_0_model_1|T0.05|7,1hufA00|rfd3|rfd3_inputs_spec-1_0_model_1,1hufA00,0.05,rfd3,0.7110497363611068,0.8483,65.75739837398373,4.9389,6.0721,6.0721,ca_rmsd_dssp_non_loop,78,ok,
1hufA00|rfd3|rfd3_inputs_spec-1_0_model_1|T0.1|0,1hufA00|rfd3|rfd3_inputs_spec-1_0_model_1,1hufA00,0.1,rfd3,0.6843117767736725,0.8879,54.133658536585365,6.6932,7.5545,7.5545,ca_rmsd_dssp_non_loop,78,ok,
1hufA00|rfd3|rfd3_inputs_spec-1_0_model_1|T0.1|2,1hufA00|rfd3|rfd3_inputs_spec-1_0_model_1,1hufA00,0.1,rfd3,0.8052109307424876,0.8855,58.70130081300813,22.7393,14.3987,25.5731,ca_rmsd_dssp_non_loop,78,ok,
1hufA00|rfd3|rfd3_inputs_spec-1_0_model_1|T0.1|3,1hufA00|rfd3|rfd3_inputs_spec-1_0_model_1,1hufA00,0.1,rfd3,0.6175942789869795,0.8993,75.83081300813008,5.3373,6.2614,6.2614,ca_rmsd_dssp_non_loop,78,ok,
1hufA00|rfd3|rfd3_inputs_spec-1_0_model_1|T0.1|4,1hufA00|rfd3|rfd3_inputs_spec-1_0_model_1,1hufA00,0.1,rfd3,0.7180145068206986,0.9056,85.67357723577236,0.716,1.0521,1.0521,ca_rmsd_dssp_non_loop,78,ok,
1hufA00|rfd3|rfd3_inputs_spec-1_0_model_1|T0.1|7,1hufA00|rfd3|rfd3_inputs_spec-1_0_model_1,1hufA00,0.1,rfd3,0.75549364715544,0.9075,74.84390243902439,4.0646,7.0083,7.0083,ca_rmsd_dssp_non_loop,78,ok,
1hufA00|rfd3|rfd3_inputs_spec-1_0_model_1|T0.2|0,1hufA00|rfd3|rfd3_inputs_spec-1_0_model_1,1hufA00,0.2,rfd3,0.6947538318721619,0.8643,72.06308943089431,5.8294,6.9536,6.9536,ca_rmsd_dssp_non_loop,78,ok,
1hufA00|rfd3|rfd3_inputs_spec-1_0_model_1|T0.1|6,1hufA00|rfd3|rfd3_inputs_spec-1_0_model_1,1hufA00,0.1,rfd3,0.7232520084426478,0.8707,67.10910569105691,21.2614,13.0888,24.5634,ca_rmsd_dssp_non_loop,78,ok,
1hufA00|rfd3|rfd3_inputs_spec-1_0_model_1|T0.1|5,1hufA00|rfd3|rfd3_inputs_spec-1_0_model_1,1hufA00,0.1,rfd3,0.6366030184363425,0.8826,62.72252032520325,5.7701,6.8854,6.8854,ca_rmsd_dssp_non_loop,78,ok,
1hufA00|rfd3|rfd3_inputs_spec-1_0_model_1|T0.2|2,1hufA00|rfd3|rfd3_inputs_spec-1_0_model_1,1hufA00,0.2,rfd3,0.7806731531782446,0.9146,79.9430081300813,1.7216,2.2004,2.2004,ca_rmsd_dssp_non_loop,78,ok,
1hufA00|rfd3|rfd3_inputs_spec-1_0_model_1|T0.2|1,1hufA00|rfd3|rfd3_inputs_spec-1_0_model_1,1hufA00,0.2,rfd3,0.6603188513951557,0.924,74.5120325203252,5.4999,6.6519,6.6519,ca_rmsd_dssp_non_loop,78,ok,
1hufA00|rfd3|rfd3_inputs_spec-1_0_model_1|T0.2|4,1hufA00|rfd3|rfd3_inputs_spec-1_0_model_1,1hufA00,0.2,rfd3,0.6950985534370646,0.9757,86.42560975609756,5.7869,7.4625,7.4625,ca_rmsd_dssp_non_loop,78,ok,
1hufA00|rfd3|rfd3_inputs_spec-1_0_model_1|T0.2|6,1hufA00|rfd3|rfd3_inputs_spec-1_0_model_1,1hufA00,0.2,rfd3,0.6906002099219554,0.9212,64.70130081300813,11.7578,11.753,11.7576,ca_rmsd_dssp_non_loop,78,ok,
1hufA00|rfd3|rfd3_inputs_spec-1_0_model_1|T0.2|3,1hufA00|rfd3|rfd3_inputs_spec-1_0_model_1,1hufA00,0.2,rfd3,0.6765334489239233,0.8939,71.86341463414635,4.8291,5.8661,5.8661,ca_rmsd_dssp_non_loop,78,ok,
1hufA00|rfd3|rfd3_inputs_spec-1_0_model_1|T0.2|7,1hufA00|rfd3|rfd3_inputs_spec-1_0_model_1,1hufA00,0.2,rfd3,0.7617461066174009,0.9113,44.90934959349594,8.137,9.3524,9.3525,ca_rmsd_dssp_non_loop,78,ok,
1hufA00|rfd3|rfd3_inputs_spec-1_0_model_1|T0.3|0,1hufA00|rfd3|rfd3_inputs_spec-1_0_model_1,1hufA00,0.3,rfd3,0.5509606444666151,0.9588,65.12341463414634,6.2906,7.9854,7.9861,ca_rmsd_dssp_non_loop,78,ok,
1hufA00|rfd3|rfd3_inputs_spec-1_0_model_1|T0.3|2,1hufA00|rfd3|rfd3_inputs_spec-1_0_model_1,1hufA00,0.3,rfd3,0.7730635187515047,0.961,61.140650406504065,5.5584,7.6682,7.6682,ca_rmsd_dssp_non_loop,78,ok,
1hufA00|rfd3|rfd3_inputs_spec-1_0_model_1|T0.3|1,1hufA00|rfd3|rfd3_inputs_spec-1_0_model_1,1hufA00,0.3,rfd3,0.6947538318721619,0.9193,70.83626016260163,5.4792,6.4158,6.4158,ca_rmsd_dssp_non_loop,78,ok,
1hufA00|rfd3|rfd3_inputs_spec-1_0_model_1|T0.2|5,1hufA00|rfd3|rfd3_inputs_spec-1_0_model_1,1hufA00,0.2,rfd3,0.8299172128348258,0.8955,55.86243902439024,21.9065,14.8901,25.1423,ca_rmsd_dssp_non_loop,78,ok,
1hufA00|rfd3|rfd3_inputs_spec-1_0_model_1|T0.3|4,1hufA00|rfd3|rfd3_inputs_spec-1_0_model_1,1hufA00,0.3,rfd3,0.8259797195643788,0.9733,61.08406504065041,7.4111,9.4935,9.4935,ca_rmsd_dssp_non_loop,78,ok,
1hufA00|rfd3|rfd3_inputs_spec-1_0_model_1|T0.3|5,1hufA00|rfd3|rfd3_inputs_spec-1_0_model_1,1hufA00,0.3,rfd3,0.6779551347499264,0.9926,59.18089430894309,3.5602,4.3365,4.3365,ca_rmsd_dssp_non_loop,78,ok,
1hufA00|rfd3|rfd3_inputs_spec-1_0_model_1|T0.3|6,1hufA00|rfd3|rfd3_inputs_spec-1_0_model_1,1hufA00,0.3,rfd3,0.7733486543871971,1.0167,69.61552845528455,3.4416,5.9736,5.9736,ca_rmsd_dssp_non_loop,78,ok,
1hufA00|target|target|T0.05|0,1hufA00|target|target,1hufA00,0.05,target,0.81569968417404,0.7702,93.17845528455285,5.559,0.6519,5.6013,ca_rmsd_dssp_non_loop,80,ok,
1hufA00|target|target|T0.05|1,1hufA00|target|target,1hufA00,0.05,target,0.6736802908569397,0.7544,81.28382113821138,5.564,1.7614,5.6766,ca_rmsd_dssp_non_loop,80,ok,
1hufA00|target|target|T0.05|2,1hufA00|target|target,1hufA00,0.05,target,0.8296875699654049,0.6826,89.23373983739837,5.5869,0.8951,5.6277,ca_rmsd_dssp_non_loop,80,ok,
1hufA00|rfd3|rfd3_inputs_spec-1_0_model_1|T0.3|3,1hufA00|rfd3|rfd3_inputs_spec-1_0_model_1,1hufA00,0.3,rfd3,0.5781349764512805,0.9891,88.66845528455283,0.7871,1.0971,1.0971,ca_rmsd_dssp_non_loop,78,ok,
1hufA00|target|target|T0.05|3,1hufA00|target|target,1hufA00,0.05,target,0.7466785640236556,0.75,84.1830081300813,5.5228,0.76,5.5499,ca_rmsd_dssp_non_loop,80,ok,
1hufA00|target|target|T0.05|4,1hufA00|target|target,1hufA00,0.05,target,0.7590800056532034,0.7322,94.0130081300813,5.582,0.6848,5.6505,ca_rmsd_dssp_non_loop,80,ok,
1hufA00|rfd3|rfd3_inputs_spec-1_0_model_1|T0.3|7,1hufA00|rfd3|rfd3_inputs_spec-1_0_model_1,1hufA00,0.3,rfd3,0.5400764457552649,1.0078,82.76585365853659,1.8723,2.9541,2.9541,ca_rmsd_dssp_non_loop,78,ok,
1hufA00|target|target|T0.05|5,1hufA00|target|target,1hufA00,0.05,target,0.7216217532070852,0.7397,89.93739837398374,5.8982,1.9248,6.1308,ca_rmsd_dssp_non_loop,80,ok,
1hufA00|target|target|T0.05|7,1hufA00|target|target,1hufA00,0.05,target,0.7727781297996871,0.7356,89.61804878048781,5.6124,0.5288,5.6492,ca_rmsd_dssp_non_loop,80,ok,
1hufA00|target|target|T0.05|6,1hufA00|target|target,1hufA00,0.05,target,0.44767198775649325,0.79,94.70227642276421,5.5925,0.4393,5.6234,ca_rmsd_dssp_non_loop,80,ok,
1hufA00|target|target|T0.1|0,1hufA00|target|target,1hufA00,0.1,target,0.7864637187162227,0.7469,91.14048780487805,5.5914,0.7472,5.6321,ca_rmsd_dssp_non_loop,80,ok,
1hufA00|target|target|T0.1|3,1hufA00|target|target,1hufA00,0.1,target,0.7681774905410805,0.7396,93.39162601626016,5.5713,0.6854,5.6668,ca_rmsd_dssp_non_loop,80,ok,
1hufA00|target|target|T0.1|4,1hufA00|target|target,1hufA00,0.1,target,0.76409889480708,0.7348,92.09739837398374,5.6188,0.5418,5.6451,ca_rmsd_dssp_non_loop,80,ok,
1hufA00|target|target|T0.1|2,1hufA00|target|target,1hufA00,0.1,target,0.808253132263654,0.7586,94.08268292682926,5.6088,0.5124,5.6316,ca_rmsd_dssp_non_loop,80,ok,
1hufA00|target|target|T0.1|6,1hufA00|target|target,1hufA00,0.1,target,0.7575900661836591,0.7754,95.17739837398373,5.5761,0.6971,5.6432,ca_rmsd_dssp_non_loop,80,ok,
1hufA00|target|target|T0.1|1,1hufA00|target|target,1hufA00,0.1,target,0.731314257106519,0.8012,94.16178861788617,5.6345,0.7721,5.7232,ca_rmsd_dssp_non_loop,80,ok,
1hufA00|target|target|T0.1|5,1hufA00|target|target,1hufA00,0.1,target,0.8049557695536023,0.7379,93.75512195121951,5.6405,0.4957,5.6646,ca_rmsd_dssp_non_loop,80,ok,
1hufA00|target|target|T0.2|1,1hufA00|target|target,1hufA00,0.2,target,0.8036761652088543,0.7558,94.34219512195122,5.5947,0.739,5.6759,ca_rmsd_dssp_non_loop,80,ok,
1hufA00|target|target|T0.2|0,1hufA00|target|target,1hufA00,0.2,target,0.7209680019653504,0.8041,70.10252032520326,5.85,4.5944,7.0102,ca_rmsd_dssp_non_loop,80,ok,
1hufA00|target|target|T0.2|3,1hufA00|target|target,1hufA00,0.2,target,0.7209680019653505,0.8041,68.89674796747967,6.156,3.4895,6.4417,ca_rmsd_dssp_non_loop,80,ok,
1hufA00|target|target|T0.2|4,1hufA00|target|target,1hufA00,0.2,target,0.6125897805865007,0.8352,95.66317073170731,5.5914,0.6942,5.6454,ca_rmsd_dssp_non_loop,80,ok,
1hufA00|target|target|T0.2|2,1hufA00|target|target,1hufA00,0.2,target,0.8324270524720371,0.768,93.79650406504065,5.6249,0.8331,5.7093,ca_rmsd_dssp_non_loop,80,ok,
1hufA00|target|target|T0.1|7,1hufA00|target|target,1hufA00,0.1,target,0.6675746226466733,0.8082,92.57813008130081,5.5782,0.5333,5.6059,ca_rmsd_dssp_non_loop,80,ok,
1hufA00|target|target|T0.2|6,1hufA00|target|target,1hufA00,0.2,target,0.7945413650861245,0.7536,92.75764227642277,5.5893,0.6966,5.6711,ca_rmsd_dssp_non_loop,80,ok,
1hufA00|target|target|T0.3|0,1hufA00|target|target,1hufA00,0.3,target,0.8097605869295679,0.8285,89.57983739837398,5.5788,0.6508,5.6221,ca_rmsd_dssp_non_loop,80,ok,
1hufA00|target|target|T0.2|7,1hufA00|target|target,1hufA00,0.2,target,0.7658529154200125,0.8365,93.09674796747967,5.5719,0.5619,5.6191,ca_rmsd_dssp_non_loop,80,ok,
1hufA00|target|target|T0.2|5,1hufA00|target|target,1hufA00,0.2,target,0.6999015864387881,0.8416,91.50463414634146,5.6364,0.7236,5.7225,ca_rmsd_dssp_non_loop,80,ok,
1hufA00|target|target|T0.3|1,1hufA00|target|target,1hufA00,0.3,target,0.6256256449808274,0.8605,95.00861788617885,5.5942,0.6664,5.6522,ca_rmsd_dssp_non_loop,80,ok,
1hufA00|target|target|T0.3|3,1hufA00|target|target,1hufA00,0.3,target,0.6110450871180485,0.8466,90.5239024390244,5.5998,0.5911,5.6256,ca_rmsd_dssp_non_loop,80,ok,
1hufA00|target|target|T0.3|2,1hufA00|target|target,1hufA00,0.3,target,0.7385989353647432,0.8922,92.19536585365854,5.5586,0.8105,5.6404,ca_rmsd_dssp_non_loop,80,ok,
1hufA00|target|target|T0.3|5,1hufA00|target|target,1hufA00,0.3,target,0.6926809248842345,0.832,93.13056910569105,5.6136,0.7048,5.6547,ca_rmsd_dssp_non_loop,80,ok,
1hufA00|target|target|T0.3|7,1hufA00|target|target,1hufA00,0.3,target,0.6526184939791422,0.8693,94.2659349593496,5.564,0.6763,5.6276,ca_rmsd_dssp_non_loop,80,ok,
2wejA00|rfd3|rfd3_inputs_spec-1_0_model_4|T0.05|0,2wejA00|rfd3|rfd3_inputs_spec-1_0_model_4,2wejA00,0.05,rfd3,0.6130877325676057,0.7944,88.14271317829457,1.1284,1.6443,1.6443,ca_rmsd_dssp_non_loop,131,ok,
1hufA00|target|target|T0.3|4,1hufA00|target|target,1hufA00,0.3,target,0.6885117423668947,0.8824,93.40845528455284,5.565,0.6858,5.6,ca_rmsd_dssp_non_loop,80,ok,
2wejA00|rfd3|rfd3_inputs_spec-1_0_model_4|T0.05|1,2wejA00|rfd3|rfd3_inputs_spec-1_0_model_4,2wejA00,0.05,rfd3,0.7072397088437951,0.8145,88.95058139534883,1.1794,1.3795,1.3795,ca_rmsd_dssp_non_loop,131,ok,
1hufA00|target|target|T0.3|6,1hufA00|target|target,1hufA00,0.3,target,0.5501559491741543,0.9011,93.52934959349594,5.6198,0.614,5.6931,ca_rmsd_dssp_non_loop,80,ok,
2wejA00|rfd3|rfd3_inputs_spec-1_0_model_4|T0.05|3,2wejA00|rfd3|rfd3_inputs_spec-1_0_model_4,2wejA00,0.05,rfd3,0.6323892842889243,0.8079,88.96236434108528,1.0646,1.4568,1.4568,ca_rmsd_dssp_non_loop,131,ok,
2wejA00|rfd3|rfd3_inputs_spec-1_0_model_4|T0.05|5,2wejA00|rfd3|rfd3_inputs_spec-1_0_model_4,2wejA00,0.05,rfd3,0.6204168301113778,0.8257,89.98290697674419,1.3352,1.4963,1.4963,ca_rmsd_dssp_non_loop,131,ok,
2wejA00|rfd3|rfd3_inputs_spec-1_0_model_4|T0.05|2,2wejA00|rfd3|rfd3_inputs_spec-1_0_model_4,2wejA00,0.05,rfd3,0.6408176472061223,0.8259,90.63565891472868,1.1236,1.4755,1.4755,ca_rmsd_dssp_non_loop,131,ok,
2wejA00|rfd3|rfd3_inputs_spec-1_0_model_4|T0.05|4,2wejA00|rfd3|rfd3_inputs_spec-1_0_model_4,2wejA00,0.05,rfd3,0.6568881705516719,0.7928,86.25972868217053,3.1228,3.1489,3.1489,ca_rmsd_dssp_non_loop,131,ok,
2wejA00|rfd3|rfd3_inputs_spec-1_0_model_4|T0.05|6,2wejA00|rfd3|rfd3_inputs_spec-1_0_model_4,2wejA00,0.05,rfd3,0.644733534630822,0.8255,90.80957364341084,1.2314,1.5087,1.5087,ca_rmsd_dssp_non_loop,131,ok,
2wejA00|rfd3|rfd3_inputs_spec-1_0_model_4|T0.05|7,2wejA00|rfd3|rfd3_inputs_spec-1_0_model_4,2wejA00,0.05,rfd3,0.628053649925001,0.8109,87.37209302325581,1.4206,2.6696,2.6696,ca_rmsd_dssp_non_loop,131,ok,
2wejA00|rfd3|rfd3_inputs_spec-1_0_model_4|T0.1|0,2wejA00|rfd3|rfd3_inputs_spec-1_0_model_4,2wejA00,0.1,rfd3,0.6393889908840505,0.8174,90.3758527131783,1.0753,1.4626,1.4626,ca_rmsd_dssp_non_loop,131,ok,
2wejA00|rfd3|rfd3_inputs_spec-1_0_model_4|T0.1|1,2wejA00|rfd3|rfd3_inputs_spec-1_0_model_4,2wejA00,0.1,rfd3,0.6064473604697088,0.8292,89.13864341085271,1.2243,3.0538,3.0538,ca_rmsd_dssp_non_loop,131,ok,
2wejA00|rfd3|rfd3_inputs_spec-1_0_model_4|T0.1|2,2wejA00|rfd3|rfd3_inputs_spec-1_0_model_4,2wejA00,0.1,rfd3,0.6457981751058127,0.8379,92.044496124031,1.0493,1.6562,1.6562,ca_rmsd_dssp_non_loop,131,ok,
2wejA00|rfd3|rfd3_inputs_spec-1_0_model_4|T0.1|3,2wejA00|rfd3|rfd3_inputs_spec-1_0_model_4,2wejA00,0.1,rfd3,0.6031121962726499,0.8291,86.03593023255814,1.2033,1.8823,1.8823,ca_rmsd_dssp_non_loop,131,ok,
2wejA00|rfd3|rfd3_inputs_spec-1_0_model_4|T0.1|4,2wejA00|rfd3|rfd3_inputs_spec-1_0_model_4,2wejA00,0.1,rfd3,0.5962267144058325,0.8366,86.14317829457364,1.2058,1.5554,1.5554,ca_rmsd_dssp_non_loop,131,ok,
2wejA00|rfd3|rfd3_inputs_spec-1_0_model_4|T0.1|5,2wejA00|rfd3|rfd3_inputs_spec-1_0_model_4,2wejA00,0.1,rfd3,0.6185895538211865,0.8302,89.73422480620155,1.0721,1.5213,1.5213,ca_rmsd_dssp_non_loop,131,ok,
2wejA00|rfd3|rfd3_inputs_spec-1_0_model_4|T0.1|6,2wejA00|rfd3|rfd3_inputs_spec-1_0_model_4,2wejA00,0.1,rfd3,0.5628060457374258,0.8469,89.25232558139534,1.0284,1.5128,1.5128,ca_rmsd_dssp_non_loop,131,ok,
2wejA00|rfd3|rfd3_inputs_spec-1_0_model_4|T0.1|7,2wejA00|rfd3|rfd3_inputs_spec-1_0_model_4,2wejA00,0.1,rfd3,0.6180407131278541,0.8479,88.17124031007752,1.277,1.8025,1.8025,ca_rmsd_dssp_non_loop,131,ok,
2wejA00|rfd3|rfd3_inputs_spec-1_0_model_4|T0.2|0,2wejA00|rfd3|rfd3_inputs_spec-1_0_model_4,2wejA00,0.2,rfd3,0.5887401568408295,0.8618,88.89290697674419,1.2801,1.4323,1.4323,ca_rmsd_dssp_non_loop,131,ok,
2wejA00|rfd3|rfd3_inputs_spec-1_0_model_4|T0.2|1,2wejA00|rfd3|rfd3_inputs_spec-1_0_model_4,2wejA00,0.2,rfd3,0.5859218713900598,0.8521,85.11410852713178,1.1538,2.8717,2.8717,ca_rmsd_dssp_non_loop,131,ok,
2wejA00|rfd3|rfd3_inputs_spec-1_0_model_4|T0.2|2,2wejA00|rfd3|rfd3_inputs_spec-1_0_model_4,2wejA00,0.2,rfd3,0.6514516804616963,0.8396,87.20282945736434,1.2417,1.8189,1.8189,ca_rmsd_dssp_non_loop,131,ok,
2wejA00|rfd3|rfd3_inputs_spec-1_0_model_4|T0.2|3,2wejA00|rfd3|rfd3_inputs_spec-1_0_model_4,2wejA00,0.2,rfd3,0.7128256395732858,0.8529,83.37697674418604,1.2889,3.3255,3.3255,ca_rmsd_dssp_non_loop,131,ok,
2wejA00|rfd3|rfd3_inputs_spec-1_0_model_4|T0.2|4,2wejA00|rfd3|rfd3_inputs_spec-1_0_model_4,2wejA00,0.2,rfd3,0.5650935802150427,0.8799,87.22682170542636,1.2064,1.8226,1.8226,ca_rmsd_dssp_non_loop,131,ok,
2wejA00|rfd3|rfd3_inputs_spec-1_0_model_4|T0.2|5,2wejA00|rfd3|rfd3_inputs_spec-1_0_model_4,2wejA00,0.2,rfd3,0.5964133209568749,0.8417,86.41802325581395,1.2695,2.3697,2.3697,ca_rmsd_dssp_non_loop,131,ok,
2wejA00|rfd3|rfd3_inputs_spec-1_0_model_4|T0.2|6,2wejA00|rfd3|rfd3_inputs_spec-1_0_model_4,2wejA00,0.2,rfd3,0.6535609019342155,0.8481,89.20108527131784,1.179,1.3513,1.3513,ca_rmsd_dssp_non_loop,131,ok,
2wejA00|rfd3|rfd3_inputs_spec-1_0_model_4|T0.2|7,2wejA00|rfd3|rfd3_inputs_spec-1_0_model_4,2wejA00,0.2,rfd3,0.6291395233752392,0.8602,89.54484496124032,1.1426,1.4661,1.4661,ca_rmsd_dssp_non_loop,131,ok,
2wejA00|rfd3|rfd3_inputs_spec-1_0_model_4|T0.3|0,2wejA00|rfd3|rfd3_inputs_spec-1_0_model_4,2wejA00,0.3,rfd3,0.558605354490485,0.9656,88.1098062015504,1.4162,1.9736,1.9736,ca_rmsd_dssp_non_loop,131,ok,
2wejA00|rfd3|rfd3_inputs_spec-1_0_model_4|T0.3|1,2wejA00|rfd3|rfd3_inputs_spec-1_0_model_4,2wejA00,0.3,rfd3,0.6920929851458395,0.9142,89.04240310077519,1.0994,3.5121,3.5121,ca_rmsd_dssp_non_loop,131,ok,
2wejA00|rfd3|rfd3_inputs_spec-1_0_model_4|T0.3|2,2wejA00|rfd3|rfd3_inputs_spec-1_0_model_4,2wejA00,0.3,rfd3,0.6780459448794078,0.8944,85.97054263565892,2.0398,2.5433,2.5433,ca_rmsd_dssp_non_loop,131,ok,
2wejA00|rfd3|rfd3_inputs_spec-1_0_model_4|T0.3|3,2wejA00|rfd3|rfd3_inputs_spec-1_0_model_4,2wejA00,0.3,rfd3,0.6068173287325064,0.9407,85.54151162790697,4.9599,5.5412,5.5412,ca_rmsd_dssp_non_loop,131,ok,
2wejA00|rfd3|rfd3_inputs_spec-1_0_model_4|T0.3|4,2wejA00|rfd3|rfd3_inputs_spec-1_0_model_4,2wejA00,0.3,rfd3,0.5917399197507279,0.9133,86.2968992248062,1.1377,3.4087,3.4087,ca_rmsd_dssp_non_loop,131,ok,
2wejA00|rfd3|rfd3_inputs_spec-1_0_model_4|T0.3|5,2wejA00|rfd3|rfd3_inputs_spec-1_0_model_4,2wejA00,0.3,rfd3,0.6174915710237915,0.8793,89.15767441860466,1.2045,1.534,1.534,ca_rmsd_dssp_non_loop,131,ok,
2wejA00|rfd3|rfd3_inputs_spec-1_0_model_4|T0.3|6,2wejA00|rfd3|rfd3_inputs_spec-1_0_model_4,2wejA00,0.3,rfd3,0.6488067921082014,0.9024,88.43984496124031,1.6297,2.1106,2.1106,ca_rmsd_dssp_non_loop,131,ok,
1koyA00|rfd3|rfd3_inputs_spec-1_0_model_4|T0.05|0,1koyA00|rfd3|rfd3_inputs_spec-1_0_model_4,1koyA00,0.05,rfd3,0.5832499132211526,1.1154,83.77403225806451,1.6464,2.3011,2.3011,ca_rmsd_dssp_non_loop,46,ok,
1koyA00|rfd3|rfd3_inputs_spec-1_0_model_4|T0.05|1,1koyA00|rfd3|rfd3_inputs_spec-1_0_model_4,1koyA00,0.05,rfd3,0.6294078720112669,1.1308,85.76854838709677,27.3332,14.2931,26.8599,ca_rmsd_dssp_non_loop,46,ok,
2wejA00|rfd3|rfd3_inputs_spec-1_0_model_4|T0.3|7,2wejA00|rfd3|rfd3_inputs_spec-1_0_model_4,2wejA00,0.3,rfd3,0.6425999592827027,0.8755,87.59503875968993,1.4122,1.9651,1.9651,ca_rmsd_dssp_non_loop,131,ok,
1koyA00|rfd3|rfd3_inputs_spec-1_0_model_4|T0.05|2,1koyA00|rfd3|rfd3_inputs_spec-1_0_model_4,1koyA00,0.05,rfd3,0.823370918182327,1.0567,84.50258064516129,1.7989,2.3923,2.3923,ca_rmsd_dssp_non_loop,46,ok,
1koyA00|rfd3|rfd3_inputs_spec-1_0_model_4|T0.05|5,1koyA00|rfd3|rfd3_inputs_spec-1_0_model_4,1koyA00,0.05,rfd3,0.7907872711598292,1.1032,85.87193548387097,0.4387,0.5354,0.5355,ca_rmsd_dssp_non_loop,46,ok,
1koyA00|rfd3|rfd3_inputs_spec-1_0_model_4|T0.05|3,1koyA00|rfd3|rfd3_inputs_spec-1_0_model_4,1koyA00,0.05,rfd3,0.6817738007079621,1.0265,80.93532258064516,4.8478,6.3841,6.3841,ca_rmsd_dssp_non_loop,46,ok,
1koyA00|rfd3|rfd3_inputs_spec-1_0_model_4|T0.05|6,1koyA00|rfd3|rfd3_inputs_spec-1_0_model_4,1koyA00,0.05,rfd3,0.7527900484772609,1.1391,81.6566129032258,0.561,0.81,0.81,ca_rmsd_dssp_non_loop,46,ok,
1koyA00|rfd3|rfd3_inputs_spec-1_0_model_4|T0.05|4,1koyA00|rfd3|rfd3_inputs_spec-1_0_model_4,1koyA00,0.05,rfd3,0.8832141526370355,1.0404,80.1832258064516,2.912,3.7296,3.7296,ca_rmsd_dssp_non_loop,46,ok,
1koyA00|rfd3|rfd3_inputs_spec-1_0_model_4|T0.1|0,1koyA00|rfd3|rfd3_inputs_spec-1_0_model_4,1koyA00,0.1,rfd3,0.8943654552569617,1.0408,84.63774193548387,2.0862,2.7143,2.7147,ca_rmsd_dssp_non_loop,46,ok,
1koyA00|rfd3|rfd3_inputs_spec-1_0_model_4|T0.1|1,1koyA00|rfd3|rfd3_inputs_spec-1_0_model_4,1koyA00,0.1,rfd3,0.5934062030736696,1.1039,84.68806451612903,1.9107,2.4684,2.4684,ca_rmsd_dssp_non_loop,46,ok,
1koyA00|rfd3|rfd3_inputs_spec-1_0_model_4|T0.05|7,1koyA00|rfd3|rfd3_inputs_spec-1_0_model_4,1koyA00,0.05,rfd3,0.9064985853263888,1.0552,88.06758064516129,0.68,0.8696,0.8697,ca_rmsd_dssp_non_loop,46,ok,
1koyA00|rfd3|rfd3_inputs_spec-1_0_model_4|T0.1|4,1koyA00|rfd3|rfd3_inputs_spec-1_0_model_4,1koyA00,0.1,rfd3,0.6817738007079621,0.986,83.80306451612903,1.8057,1.9963,1.9963,ca_rmsd_dssp_non_loop,46,ok,
1koyA00|rfd3|rfd3_inputs_spec-1_0_model_4|T0.1|3,1koyA00|rfd3|rfd3_inputs_spec-1_0_model_4,1koyA00,0.1,rfd3,0.899726876465545,1.1272,79.98854838709677,1.7038,2.4209,2.4209,ca_rmsd_dssp_non_loop,46,ok,
1koyA00|rfd3|rfd3_inputs_spec-1_0_model_4|T0.1|2,1koyA00|rfd3|rfd3_inputs_spec-1_0_model_4,1koyA00,0.1,rfd3,0.6203343810996208,0.9821,78.16258064516128,5.5361,6.8477,6.8477,ca_rmsd_dssp_non_loop,46,ok,
1koyA00|rfd3|rfd3_inputs_spec-1_0_model_4|T0.1|7,1koyA00|rfd3|rfd3_inputs_spec-1_0_model_4,1koyA00,0.1,rfd3,0.624882091856932,1.0486,85.13629032258065,2.8272,2.9623,2.9623,ca_rmsd_dssp_non_loop,46,ok,
1koyA00|rfd3|rfd3_inputs_spec-1_0_model_4|T0.1|6,1koyA00|rfd3|rfd3_inputs_spec-1_0_model_4,1koyA00,0.1,rfd3,0.7299154304825046,1.1164,80.80354838709677,4.8408,5.8627,12.0981,ca_rmsd_dssp_non_loop,46,ok,
1koyA00|rfd3|rfd3_inputs_spec-1_0_model_4|T0.1|5,1koyA00|rfd3|rfd3_inputs_spec-1_0_model_4,1koyA00,0.1,rfd3,0.9202542433778383,1.0568,89.1182258064516,0.7181,0.8254,0.8254,ca_rmsd_dssp_non_loop,46,ok,
1koyA00|rfd3|rfd3_inputs_spec-1_0_model_4|T0.2|0,1koyA00|rfd3|rfd3_inputs_spec-1_0_model_4,1koyA00,0.2,rfd3,0.749170571289364,1.1086,82.67435483870969,6.8432,7.8167,7.8168,ca_rmsd_dssp_non_loop,46,ok,
1koyA00|rfd3|rfd3_inputs_spec-1_0_model_4|T0.2|2,1koyA00|rfd3|rfd3_inputs_spec-1_0_model_4,1koyA00,0.2,rfd3,0.6119422795427525,1.0704,84.90983870967742,2.1616,2.7861,2.7861,ca_rmsd_dssp_non_loop,46,ok,
1koyA00|rfd3|rfd3_inputs_spec-1_0_model_4|T0.2|1,1koyA00|rfd3|rfd3_inputs_spec-1_0_model_4,1koyA00,0.2,rfd3,0.8176706799968859,1.0663,90.52596774193547,0.6109,0.6752,0.6752,ca_rmsd_dssp_non_loop,46,ok,
1koyA00|rfd3|rfd3_inputs_spec-1_0_model_4|T0.2|3,1koyA00|rfd3|rfd3_inputs_spec-1_0_model_4,1koyA00,0.2,rfd3,0.8681289977011789,1.1976,75.42935483870967,4.89,6.5252,6.5253,ca_rmsd_dssp_non_loop,46,ok,
1koyA00|rfd3|rfd3_inputs_spec-1_0_model_4|T0.2|4,1koyA00|rfd3|rfd3_inputs_spec-1_0_model_4,1koyA00,0.2,rfd3,0.8522373836090569,1.0977,80.60548387096775,5.9971,6.8717,7.5454,ca_rmsd_dssp_non_loop,46,ok,
1koyA00|rfd3|rfd3_inputs_spec-1_0_model_4|T0.2|5,1koyA00|rfd3|rfd3_inputs_spec-1_0_model_4,1koyA00,0.2,rfd3,0.6065667184337671,1.1136,79.06193548387097,4.4004,5.6842,5.6856,ca_rmsd_dssp_non_loop,46,ok,
1koyA00|rfd3|rfd3_inputs_spec-1_0_model_4|T0.2|7,1koyA00|rfd3|rfd3_inputs_spec-1_0_model_4,1koyA00,0.2,rfd3,0.6524163144133189,1.0708,81.56758064516129,7.3274,8.4426,8.4431,ca_rmsd_dssp_non_loop,46,ok,
1koyA00|rfd3|rfd3_inputs_spec-1_0_model_4|T0.3|1,1koyA00|rfd3|rfd3_inputs_spec-1_0_model_4,1koyA00,0.3,rfd3,0.7960740844918339,1.1679,82.5867741935484,18.448,19.8677,19.8755,ca_rmsd_dssp_non_loop,46,ok,
1koyA00|rfd3|rfd3_inputs_spec-1_0_model_4|T0.3|2,1koyA00|rfd3|rfd3_inputs_spec-1_0_model_4,1koyA00,0.3,rfd3,0.7628533521602266,1.1804,86.19387096774194,12.2826,13.0149,13.0312,ca_rmsd_dssp_non_loop,46,ok,
1koyA00|rfd3|rfd3_inputs_spec-1_0_model_4|T0.3|0,1koyA00|rfd3|rfd3_inputs_spec-1_0_model_4,1koyA00,0.3,rfd3,0.8518306998494177,1.0709,85.98258064516129,2.2562,2.7009,2.7009,ca_rmsd_dssp_non_loop,46,ok,
1koyA00|rfd3|rfd3_inputs_spec-1_0_model_4|T0.2|6,1koyA00|rfd3|rfd3_inputs_spec-1_0_model_4,1koyA00,0.2,rfd3,0.9128572755336358,1.1096,83.37032258064517,1.5278,1.8559,1.9706,ca_rmsd_dssp_non_loop,46,ok,
1koyA00|rfd3|rfd3_inputs_spec-1_0_model_4|T0.3|3,1koyA00|rfd3|rfd3_inputs_spec-1_0_model_4,1koyA00,0.3,rfd3,0.8113352439765552,1.0182,88.19903225806452,2.6026,2.8281,2.8281,ca_rmsd_dssp_non_loop,46,ok,
1koyA00|rfd3|rfd3_inputs_spec-1_0_model_4|T0.3|5,1koyA00|rfd3|rfd3_inputs_spec-1_0_model_4,1koyA00,0.3,rfd3,0.9048451332122335,1.1965,76.47435483870967,20.5767,10.0454,10.1764,ca_rmsd_dssp_non_loop,46,ok,
1koyA00|rfd3|rfd3_inputs_spec-1_0_model_4|T0.3|4,1koyA00|rfd3|rfd3_inputs_spec-1_0_model_4,1koyA00,0.3,rfd3,0.3341048367603298,1.1298,77.92564516129033,22.1763,23.3954,28.3096,ca_rmsd_dssp_non_loop,46,ok,
1koyA00|rfd3|rfd3_inputs_spec-1_0_model_1|T0.05|0,1koyA00|rfd3|rfd3_inputs_spec-1_0_model_1,1koyA00,0.05,rfd3,0.6524163144133188,1.0032,93.2208064516129,0.9127,1.0066,1.0066,ca_rmsd_dssp_non_loop,45,ok,
1koyA00|rfd3|rfd3_inputs_spec-1_0_model_4|T0.3|7,1koyA00|rfd3|rfd3_inputs_spec-1_0_model_4,1koyA00,0.3,rfd3,0.8871480887693284,1.1514,83.15532258064516,5.814,6.6146,7.2375,ca_rmsd_dssp_non_loop,46,ok,
1koyA00|rfd3|rfd3_inputs_spec-1_0_model_1|T0.05|2,1koyA00|rfd3|rfd3_inputs_spec-1_0_model_1,1koyA00,0.05,rfd3,0.8142800592937874,1.0095,88.81306451612903,1.3006,1.437,1.437,ca_rmsd_dssp_non_loop,45,ok,
1koyA00|rfd3|rfd3_inputs_spec-1_0_model_1|T0.05|3,1koyA00|rfd3|rfd3_inputs_spec-1_0_model_1,1koyA00,0.05,rfd3,0.8316573952769691,1.0411,89.35241935483872,1.0915,1.2442,1.2442,ca_rmsd_dssp_non_loop,45,ok,
1koyA00|rfd3|rfd3_inputs_spec-1_0_model_4|T0.3|6,1koyA00|rfd3|rfd3_inputs_spec-1_0_model_4,1koyA00,0.3,rfd3,0.9629848245540835,1.1995,85.21483870967741,20.7575,19.611,19.8612,ca_rmsd_dssp_non_loop,46,ok,
1koyA00|rfd3|rfd3_inputs_spec-1_0_model_1|T0.05|1,1koyA00|rfd3|rfd3_inputs_spec-1_0_model_1,1koyA00,0.05,rfd3,0.9083950081297304,1.0627,88.98290322580644,1.3548,1.5836,1.5836,ca_rmsd_dssp_non_loop,45,ok,
1koyA00|rfd3|rfd3_inputs_spec-1_0_model_1|T0.05|5,1koyA00|rfd3|rfd3_inputs_spec-1_0_model_1,1koyA00,0.05,rfd3,0.9000175286094971,1.0732,88.84161290322581,1.164,1.3079,1.3079,ca_rmsd_dssp_non_loop,45,ok,
1koyA00|rfd3|rfd3_inputs_spec-1_0_model_1|T0.05|7,1koyA00|rfd3|rfd3_inputs_spec-1_0_model_1,1koyA00,0.05,rfd3,0.8982623301057843,1.0283,86.44854838709678,0.9973,1.1734,1.1734,ca_rmsd_dssp_non_loop,45,ok,
1koyA00|rfd3|rfd3_inputs_spec-1_0_model_1|T0.1|0,1koyA00|rfd3|rfd3_inputs_spec-1_0_model_1,1koyA00,0.1,rfd3,0.8422198810103355,1.0481,89.80903225806452,0.8406,0.9512,0.9512,ca_rmsd_dssp_non_loop,45,ok,
1koyA00|rfd3|rfd3_inputs_spec-1_0_model_1|T0.1|1,1koyA00|rfd3|rfd3_inputs_spec-1_0_model_1,1koyA00,0.1,rfd3,0.8770904377733656,0.942,92.41387096774193,0.8794,0.946,0.946,ca_rmsd_dssp_non_loop,45,ok,
1koyA00|rfd3|rfd3_inputs_spec-1_0_model_1|T0.05|4,1koyA00|rfd3|rfd3_inputs_spec-1_0_model_1,1koyA00,0.05,rfd3,0.9000175286094971,1.0326,88.45161290322581,1.1283,1.3017,1.3017,ca_rmsd_dssp_non_loop,45,ok,
1koyA00|rfd3|rfd3_inputs_spec-1_0_model_1|T0.05|6,1koyA00|rfd3|rfd3_inputs_spec-1_0_model_1,1koyA00,0.05,rfd3,0.7110820654225259,0.9755,91.69806451612902,0.9582,1.035,1.035,ca_rmsd_dssp_non_loop,45,ok,
1koyA00|rfd3|rfd3_inputs_spec-1_0_model_1|T0.1|2,1koyA00|rfd3|rfd3_inputs_spec-1_0_model_1,1koyA00,0.1,rfd3,0.8982623301057843,1.0363,90.34774193548387,1.162,1.3075,1.3075,ca_rmsd_dssp_non_loop,45,ok,
1koyA00|rfd3|rfd3_inputs_spec-1_0_model_1|T0.1|4,1koyA00|rfd3|rfd3_inputs_spec-1_0_model_1,1koyA00,0.1,rfd3,0.8447748565339304,1.0266,92.60258064516128,1.1194,1.251,1.251,ca_rmsd_dssp_non_loop,45,ok,
1koyA00|rfd3|rfd3_inputs_spec-1_0_model_1|T0.1|5,1koyA00|rfd3|rfd3_inputs_spec-1_0_model_1,1koyA00,0.1,rfd3,0.6301599883683717,0.9771,90.96048387096775,1.0319,1.1548,1.1548,ca_rmsd_dssp_non_loop,45,ok,
1koyA00|rfd3|rfd3_inputs_spec-1_0_model_1|T0.1|6,1koyA00|rfd3|rfd3_inputs_spec-1_0_model_1,1koyA00,0.1,rfd3,0.9335522274288027,1.0261,91.12983870967743,0.6677,0.7617,0.7617,ca_rmsd_dssp_non_loop,45,ok,
1koyA00|rfd3|rfd3_inputs_spec-1_0_model_1|T0.1|3,1koyA00|rfd3|rfd3_inputs_spec-1_0_model_1,1koyA00,0.1,rfd3,0.9037283416652764,1.0273,88.0933870967742,0.5236,0.6379,0.6379,ca_rmsd_dssp_non_loop,45,ok,
1koyA00|rfd3|rfd3_inputs_spec-1_0_model_1|T0.2|0,1koyA00|rfd3|rfd3_inputs_spec-1_0_model_1,1koyA00,0.2,rfd3,0.9456014597731689,1.0538,89.11032258064516,1.1394,1.3093,1.3093,ca_rmsd_dssp_non_loop,45,ok,
1koyA00|rfd3|rfd3_inputs_spec-1_0_model_1|T0.2|2,1koyA00|rfd3|rfd3_inputs_spec-1_0_model_1,1koyA00,0.2,rfd3,0.9311102934285379,1.1002,88.33306451612903,1.0923,1.2535,1.2535,ca_rmsd_dssp_non_loop,45,ok,
1koyA00|rfd3|rfd3_inputs_spec-1_0_model_1|T0.2|3,1koyA00|rfd3|rfd3_inputs_spec-1_0_model_1,1koyA00,0.2,rfd3,0.7455160150339215,1.0741,90.31258064516129,1.2343,1.3387,1.3392,ca_rmsd_dssp_non_loop,45,ok,
1koyA00|rfd3|rfd3_inputs_spec-1_0_model_1|T0.2|1,1koyA00|rfd3|rfd3_inputs_spec-1_0_model_1,1koyA00,0.2,rfd3,0.7703560209982538,0.9925,89.88645161290323,1.0323,1.1562,1.1562,ca_rmsd_dssp_non_loop,45,ok,
1koyA00|rfd3|rfd3_inputs_spec-1_0_model_1|T0.2|4,1koyA00|rfd3|rfd3_inputs_spec-1_0_model_1,1koyA00,0.2,rfd3,0.7697848536211257,1.0625,92.28903225806452,1.2853,1.3557,1.3557,ca_rmsd_dssp_non_loop,45,ok,
1koyA00|rfd3|rfd3_inputs_spec-1_0_model_1|T0.2|6,1koyA00|rfd3|rfd3_inputs_spec-1_0_model_1,1koyA00,0.2,rfd3,0.8205384805926733,1.1419,94.46870967741935,1.2607,1.4003,1.4003,ca_rmsd_dssp_non_loop,45,ok,
1koyA00|rfd3|rfd3_inputs_spec-1_0_model_1|T0.2|5,1koyA00|rfd3|rfd3_inputs_spec-1_0_model_1,1koyA00,0.2,rfd3,0.9246378351186454,1.039,80.85161290322581,11.6009,9.8199,12.605,ca_rmsd_dssp_non_loop,45,ok,
1koyA00|rfd3|rfd3_inputs_spec-1_0_model_1|T0.1|7,1koyA00|rfd3|rfd3_inputs_spec-1_0_model_1,1koyA00,0.1,rfd3,0.7837647431074051,1.0078,90.30693548387096,1.2452,1.3909,1.3909,ca_rmsd_dssp_non_loop,45,ok,
1koyA00|rfd3|rfd3_inputs_spec-1_0_model_1|T0.2|7,1koyA00|rfd3|rfd3_inputs_spec-1_0_model_1,1koyA00,0.2,rfd3,0.6480143835746491,1.0525,90.86,1.4039,1.4874,1.4874,ca_rmsd_dssp_non_loop,45,ok,
1koyA00|rfd3|rfd3_inputs_spec-1_0_model_1|T0.3|1,1koyA00|rfd3|rfd3_inputs_spec-1_0_model_1,1koyA00,0.3,rfd3,0.9381965337364114,1.2068,87.90516129032258,1.0582,1.2115,1.2115,ca_rmsd_dssp_non_loop,45,ok,
1koyA00|rfd3|rfd3_inputs_spec-1_0_model_1|T0.3|2,1koyA00|rfd3|rfd3_inputs_spec-1_0_model_1,1koyA00,0.3,rfd3,0.6560648348835355,1.0393,90.095,1.0297,1.1961,1.1961,ca_rmsd_dssp_non_loop,45,ok,
1koyA00|rfd3|rfd3_inputs_spec-1_0_model_1|T0.3|3,1koyA00|rfd3|rfd3_inputs_spec-1_0_model_1,1koyA00,0.3,rfd3,0.881202906041175,1.1755,90.60096774193549,0.7557,0.8981,0.8981,ca_rmsd_dssp_non_loop,45,ok,
1koyA00|rfd3|rfd3_inputs_spec-1_0_model_1|T0.3|0,1koyA00|rfd3|rfd3_inputs_spec-1_0_model_1,1koyA00,0.3,rfd3,0.7599231199319225,1.0398,90.70322580645161,0.7753,0.8263,0.8263,ca_rmsd_dssp_non_loop,45,ok,
1koyA00|rfd3|rfd3_inputs_spec-1_0_model_1|T0.3|5,1koyA00|rfd3|rfd3_inputs_spec-1_0_model_1,1koyA00,0.3,rfd3,0.8422198810103355,1.1286,89.71306451612904,0.8449,0.9444,0.9444,ca_rmsd_dssp_non_loop,45,ok,
1koyA00|rfd3|rfd3_inputs_spec-1_0_model_1|T0.3|7,1koyA00|rfd3|rfd3_inputs_spec-1_0_model_1,1koyA00,0.3,rfd3,0.9115656563663839,1.1483,88.68854838709677,1.2252,1.515,1.515,ca_rmsd_dssp_non_loop,45,ok,
1koyA00|rfd3|rfd3_inputs_spec-1_0_model_1|T0.3|6,1koyA00|rfd3|rfd3_inputs_spec-1_0_model_1,1koyA00,0.3,rfd3,0.6949206599159324,1.2263,89.95870967741935,1.2452,1.38,1.38,ca_rmsd_dssp_non_loop,45,ok,
1koyA00|rfd3|rfd3_inputs_spec-1_0_model_1|T0.3|4,1koyA00|rfd3|rfd3_inputs_spec-1_0_model_1,1koyA00,0.3,rfd3,0.8770904377733656,1.2647,88.78951612903225,1.0925,1.2546,1.2546,ca_rmsd_dssp_non_loop,45,ok,
1af7A01|rfd3|rfd3_inputs_spec-1_0_model_2|T0.05|0,1af7A01|rfd3|rfd3_inputs_spec-1_0_model_2,1af7A01,0.05,rfd3,0.8067078992940426,0.9111,92.87934306569342,1.2423,2.203,2.2041,ca_rmsd_dssp_non_loop,178,ok,
1af7A01|rfd3|rfd3_inputs_spec-1_0_model_2|T0.05|1,1af7A01|rfd3|rfd3_inputs_spec-1_0_model_2,1af7A01,0.05,rfd3,0.6915959749483714,0.9237,86.45824817518249,1.2223,2.1572,2.1579,ca_rmsd_dssp_non_loop,178,ok,
1af7A01|rfd3|rfd3_inputs_spec-1_0_model_2|T0.05|2,1af7A01|rfd3|rfd3_inputs_spec-1_0_model_2,1af7A01,0.05,rfd3,0.7831695630541056,0.925,93.00361313868613,1.7421,1.5061,1.5208,ca_rmsd_dssp_non_loop,178,ok,
1af7A01|rfd3|rfd3_inputs_spec-1_0_model_2|T0.05|3,1af7A01|rfd3|rfd3_inputs_spec-1_0_model_2,1af7A01,0.05,rfd3,0.8096499466118117,0.9138,92.85832116788322,1.3813,2.4462,2.4469,ca_rmsd_dssp_non_loop,178,ok,
1af7A01|rfd3|rfd3_inputs_spec-1_0_model_2|T0.05|4,1af7A01|rfd3|rfd3_inputs_spec-1_0_model_2,1af7A01,0.05,rfd3,0.7693547805454715,0.9208,91.41547445255475,1.0401,2.0483,2.0483,ca_rmsd_dssp_non_loop,178,ok,
1af7A01|rfd3|rfd3_inputs_spec-1_0_model_2|T0.05|5,1af7A01|rfd3|rfd3_inputs_spec-1_0_model_2,1af7A01,0.05,rfd3,0.7945946416452959,0.9211,93.24773722627738,1.288,1.9786,1.992,ca_rmsd_dssp_non_loop,178,ok,
1af7A01|rfd3|rfd3_inputs_spec-1_0_model_2|T0.05|6,1af7A01|rfd3|rfd3_inputs_spec-1_0_model_2,1af7A01,0.05,rfd3,0.7474321305984476,0.9252,92.02897810218978,1.3234,2.311,2.3119,ca_rmsd_dssp_non_loop,178,ok,
1af7A01|rfd3|rfd3_inputs_spec-1_0_model_2|T0.05|7,1af7A01|rfd3|rfd3_inputs_spec-1_0_model_2,1af7A01,0.05,rfd3,0.760828349711386,0.9389,91.90587591240876,1.4756,2.2747,2.2748,ca_rmsd_dssp_non_loop,178,ok,
1af7A01|rfd3|rfd3_inputs_spec-1_0_model_2|T0.1|0,1af7A01|rfd3|rfd3_inputs_spec-1_0_model_2,1af7A01,0.1,rfd3,0.793041565835999,0.9167,90.60105839416057,1.6197,2.1304,2.1307,ca_rmsd_dssp_non_loop,178,ok,
1af7A01|rfd3|rfd3_inputs_spec-1_0_model_2|T0.1|1,1af7A01|rfd3|rfd3_inputs_spec-1_0_model_2,1af7A01,0.1,rfd3,0.8077301952265961,0.893,94.04810218978102,0.9968,2.4859,2.4862,ca_rmsd_dssp_non_loop,178,ok,
1af7A01|rfd3|rfd3_inputs_spec-1_0_model_2|T0.1|2,1af7A01|rfd3|rfd3_inputs_spec-1_0_model_2,1af7A01,0.1,rfd3,0.6705140510075521,0.9216,91.66525547445255,1.1531,1.5527,1.553,ca_rmsd_dssp_non_loop,178,ok,
1af7A01|rfd3|rfd3_inputs_spec-1_0_model_2|T0.1|3,1af7A01|rfd3|rfd3_inputs_spec-1_0_model_2,1af7A01,0.1,rfd3,0.7527681385726482,0.9426,91.46350364963503,1.285,2.092,2.0926,ca_rmsd_dssp_non_loop,178,ok,
1af7A01|rfd3|rfd3_inputs_spec-1_0_model_2|T0.1|4,1af7A01|rfd3|rfd3_inputs_spec-1_0_model_2,1af7A01,0.1,rfd3,0.8022302158277829,0.9274,93.24715328467154,0.9997,2.7955,2.7958,ca_rmsd_dssp_non_loop,178,ok,
1af7A01|rfd3|rfd3_inputs_spec-1_0_model_2|T0.1|6,1af7A01|rfd3|rfd3_inputs_spec-1_0_model_2,1af7A01,0.1,rfd3,0.7914798287739294,0.9321,91.82405109489052,1.2017,2.0057,2.0079,ca_rmsd_dssp_non_loop,178,ok,
1af7A01|rfd3|rfd3_inputs_spec-1_0_model_2|T0.1|5,1af7A01|rfd3|rfd3_inputs_spec-1_0_model_2,1af7A01,0.1,rfd3,0.787354326395954,0.922,91.22992700729927,1.4221,2.6067,2.609,ca_rmsd_dssp_non_loop,178,ok,
1af7A01|rfd3|rfd3_inputs_spec-1_0_model_2|T0.1|7,1af7A01|rfd3|rfd3_inputs_spec-1_0_model_2,1af7A01,0.1,rfd3,0.7349725994665188,0.9415,90.45536496350365,1.3871,3.257,3.2594,ca_rmsd_dssp_non_loop,178,ok,
1af7A01|rfd3|rfd3_inputs_spec-1_0_model_2|T0.2|0,1af7A01|rfd3|rfd3_inputs_spec-1_0_model_2,1af7A01,0.2,rfd3,0.7509979150562927,0.957,90.73693430656934,1.3078,2.8432,2.8444,ca_rmsd_dssp_non_loop,178,ok,
1af7A01|rfd3|rfd3_inputs_spec-1_0_model_2|T0.2|2,1af7A01|rfd3|rfd3_inputs_spec-1_0_model_2,1af7A01,0.2,rfd3,0.7385118488975507,0.9856,90.29054744525547,1.2448,2.3823,2.3838,ca_rmsd_dssp_non_loop,178,ok,
1af7A01|rfd3|rfd3_inputs_spec-1_0_model_2|T0.2|1,1af7A01|rfd3|rfd3_inputs_spec-1_0_model_2,1af7A01,0.2,rfd3,0.6801163540891597,1.0121,91.46890510948904,1.5203,2.6938,2.6947,ca_rmsd_dssp_non_loop,178,ok,
1af7A01|rfd3|rfd3_inputs_spec-1_0_model_2|T0.2|3,1af7A01|rfd3|rfd3_inputs_spec-1_0_model_2,1af7A01,0.2,rfd3,0.8113316397503255,0.9888,93.07211678832117,1.206,1.8207,1.8207,ca_rmsd_dssp_non_loop,178,ok,
1af7A01|rfd3|rfd3_inputs_spec-1_0_model_2|T0.2|4,1af7A01|rfd3|rfd3_inputs_spec-1_0_model_2,1af7A01,0.2,rfd3,0.6711587659523319,0.9491,91.72062043795621,1.0813,1.9199,1.9208,ca_rmsd_dssp_non_loop,178,ok,
1af7A01|rfd3|rfd3_inputs_spec-1_0_model_2|T0.2|5,1af7A01|rfd3|rfd3_inputs_spec-1_0_model_2,1af7A01,0.2,rfd3,0.7394973498994242,0.9962,90.822700729927,1.4314,2.2894,2.2913,ca_rmsd_dssp_non_loop,178,ok,
1af7A01|rfd3|rfd3_inputs_spec-1_0_model_2|T0.2|7,1af7A01|rfd3|rfd3_inputs_spec-1_0_model_2,1af7A01,0.2,rfd3,0.7144468217329437,0.9582,91.61868613138687,1.3285,1.9913,1.992,ca_rmsd_dssp_non_loop,178,ok,
1af7A01|rfd3|rfd3_inputs_spec-1_0_model_2|T0.2|6,1af7A01|rfd3|rfd3_inputs_spec-1_0_model_2,1af7A01,0.2,rfd3,0.7128059481771285,0.9628,90.8171897810219,1.1143,1.5418,1.5447,ca_rmsd_dssp_non_loop,178,ok,
1af7A01|rfd3|rfd3_inputs_spec-1_0_model_2|T0.3|0,1af7A01|rfd3|rfd3_inputs_spec-1_0_model_2,1af7A01,0.3,rfd3,0.785392407006525,1.0426,92.20868613138686,0.981,1.8559,1.8567,ca_rmsd_dssp_non_loop,178,ok,
1af7A01|rfd3|rfd3_inputs_spec-1_0_model_2|T0.3|2,1af7A01|rfd3|rfd3_inputs_spec-1_0_model_2,1af7A01,0.3,rfd3,0.7850230861861163,1.007,91.83018248175183,0.9303,1.5249,1.5255,ca_rmsd_dssp_non_loop,178,ok,
1af7A01|rfd3|rfd3_inputs_spec-1_0_model_2|T0.3|3,1af7A01|rfd3|rfd3_inputs_spec-1_0_model_2,1af7A01,0.3,rfd3,0.758295576709395,0.9838,93.12244525547445,1.0009,1.9052,1.9057,ca_rmsd_dssp_non_loop,178,ok,
1af7A01|rfd3|rfd3_inputs_spec-1_0_model_2|T0.3|1,1af7A01|rfd3|rfd3_inputs_spec-1_0_model_2,1af7A01,0.3,rfd3,0.7543946723969924,1.0124,90.4908394160584,1.1386,3.212,3.2121,ca_rmsd_dssp_non_loop,178,ok,
1af7A01|rfd3|rfd3_inputs_spec-1_0_model_2|T0.3|4,1af7A01|rfd3|rfd3_inputs_spec-1_0_model_2,1af7A01,0.3,rfd3,0.7328344059246353,0.9984,91.73689781021898,1.1174,1.4773,1.4783,ca_rmsd_dssp_non_loop,178,ok,
1af7A01|rfd3|rfd3_inputs_spec-1_0_model_2|T0.3|7,1af7A01|rfd3|rfd3_inputs_spec-1_0_model_2,1af7A01,0.3,rfd3,0.7900305362974526,1.0298,92.02481751824817,1.6937,3.038,3.038,ca_rmsd_dssp_non_loop,178,ok,
1af7A01|rfd3|rfd3_inputs_spec-1_0_model_2|T0.3|6,1af7A01|rfd3|rfd3_inputs_spec-1_0_model_2,1af7A01,0.3,rfd3,0.7174157599730161,0.9923,92.54189781021897,1.2328,1.6723,1.6723,ca_rmsd_dssp_non_loop,178,ok,
1af7A01|rfd3|rfd3_inputs_spec-1_0_model_2|T0.3|5,1af7A01|rfd3|rfd3_inputs_spec-1_0_model_2,1af7A01,0.3,rfd3,0.7416010208086876,0.9954,91.22182481751824,1.1036,1.8592,1.8597,ca_rmsd_dssp_non_loop,178,ok,
2jneA00|rfd3|rfd3_inputs_spec-1_0_model_1|T0.05|0,2jneA00|rfd3|rfd3_inputs_spec-1_0_model_1,2jneA00,0.05,rfd3,0.6800067487229701,0.9128,90.1743661971831,0.6191,0.857,0.8593,ca_rmsd_dssp_non_loop,39,ok,
2jneA00|rfd3|rfd3_inputs_spec-1_0_model_1|T0.05|1,2jneA00|rfd3|rfd3_inputs_spec-1_0_model_1,2jneA00,0.05,rfd3,0.6975151325784923,0.8989,89.72450704225352,1.9855,2.4034,2.4054,ca_rmsd_dssp_non_loop,39,ok,
2jneA00|rfd3|rfd3_inputs_spec-1_0_model_1|T0.05|2,2jneA00|rfd3|rfd3_inputs_spec-1_0_model_1,2jneA00,0.05,rfd3,0.6231872349320107,0.9707,91.38985915492958,1.5318,1.9206,1.9438,ca_rmsd_dssp_non_loop,39,ok,
2jneA00|rfd3|rfd3_inputs_spec-1_0_model_1|T0.05|3,2jneA00|rfd3|rfd3_inputs_spec-1_0_model_1,2jneA00,0.05,rfd3,0.7230089928282406,0.9172,92.53492957746478,1.3283,1.9349,1.9365,ca_rmsd_dssp_non_loop,39,ok,
2jneA00|rfd3|rfd3_inputs_spec-1_0_model_1|T0.05|4,2jneA00|rfd3|rfd3_inputs_spec-1_0_model_1,2jneA00,0.05,rfd3,0.6830637023872259,0.9422,91.73422535211267,1.0457,1.504,1.506,ca_rmsd_dssp_non_loop,39,ok,
2jneA00|rfd3|rfd3_inputs_spec-1_0_model_1|T0.05|5,2jneA00|rfd3|rfd3_inputs_spec-1_0_model_1,2jneA00,0.05,rfd3,0.6185457607315735,0.9479,91.25338028169014,1.4917,1.8445,1.8449,ca_rmsd_dssp_non_loop,39,ok,
2jneA00|rfd3|rfd3_inputs_spec-1_0_model_1|T0.05|6,2jneA00|rfd3|rfd3_inputs_spec-1_0_model_1,2jneA00,0.05,rfd3,0.7487263513654737,0.9329,89.51380281690142,1.2523,1.914,1.9194,ca_rmsd_dssp_non_loop,39,ok,
2jneA00|rfd3|rfd3_inputs_spec-1_0_model_1|T0.05|7,2jneA00|rfd3|rfd3_inputs_spec-1_0_model_1,2jneA00,0.05,rfd3,0.7324961142425067,0.9325,90.45901408450705,0.8358,1.234,1.2407,ca_rmsd_dssp_non_loop,39,ok,
2jneA00|rfd3|rfd3_inputs_spec-1_0_model_1|T0.1|0,2jneA00|rfd3|rfd3_inputs_spec-1_0_model_1,2jneA00,0.1,rfd3,0.5854900264388382,0.9417,94.27056338028169,2.0148,2.4453,2.4682,ca_rmsd_dssp_non_loop,39,ok,
2jneA00|rfd3|rfd3_inputs_spec-1_0_model_1|T0.1|1,2jneA00|rfd3|rfd3_inputs_spec-1_0_model_1,2jneA00,0.1,rfd3,0.6492569492817576,0.9562,94.18366197183099,1.5991,2.1679,2.1697,ca_rmsd_dssp_non_loop,39,ok,
2jneA00|rfd3|rfd3_inputs_spec-1_0_model_1|T0.1|2,2jneA00|rfd3|rfd3_inputs_spec-1_0_model_1,2jneA00,0.1,rfd3,0.6498981507150097,0.9143,90.46957746478873,1.7236,2.0739,2.0756,ca_rmsd_dssp_non_loop,39,ok,
2jneA00|rfd3|rfd3_inputs_spec-1_0_model_1|T0.1|3,2jneA00|rfd3|rfd3_inputs_spec-1_0_model_1,2jneA00,0.1,rfd3,0.5861734992975061,0.9513,90.61591549295774,1.0675,1.6839,1.6948,ca_rmsd_dssp_non_loop,39,ok,
2jneA00|rfd3|rfd3_inputs_spec-1_0_model_1|T0.1|4,2jneA00|rfd3|rfd3_inputs_spec-1_0_model_1,2jneA00,0.1,rfd3,0.6873169826549892,0.9859,91.96788732394367,1.4025,1.7547,1.7568,ca_rmsd_dssp_non_loop,39,ok,
2jneA00|rfd3|rfd3_inputs_spec-1_0_model_1|T0.1|5,2jneA00|rfd3|rfd3_inputs_spec-1_0_model_1,2jneA00,0.1,rfd3,0.6569152390133428,0.9279,91.1512676056338,1.6751,1.9691,1.9717,ca_rmsd_dssp_non_loop,39,ok,
2jneA00|rfd3|rfd3_inputs_spec-1_0_model_1|T0.1|7,2jneA00|rfd3|rfd3_inputs_spec-1_0_model_1,2jneA00,0.1,rfd3,0.5779506410005207,0.9669,90.01323943661971,1.1349,1.3625,1.3651,ca_rmsd_dssp_non_loop,39,ok,
2jneA00|rfd3|rfd3_inputs_spec-1_0_model_1|T0.1|6,2jneA00|rfd3|rfd3_inputs_spec-1_0_model_1,2jneA00,0.1,rfd3,0.7086866723241474,0.9597,87.4561971830986,1.4765,1.8026,1.8064,ca_rmsd_dssp_non_loop,39,ok,
2jneA00|rfd3|rfd3_inputs_spec-1_0_model_1|T0.2|1,2jneA00|rfd3|rfd3_inputs_spec-1_0_model_1,2jneA00,0.2,rfd3,0.6613454534351411,0.9603,92.72408450704225,0.9747,1.4252,1.4261,ca_rmsd_dssp_non_loop,39,ok,
2jneA00|rfd3|rfd3_inputs_spec-1_0_model_1|T0.2|0,2jneA00|rfd3|rfd3_inputs_spec-1_0_model_1,2jneA00,0.2,rfd3,0.622525527146738,0.9722,89.90605633802816,1.7179,2.1886,2.1929,ca_rmsd_dssp_non_loop,39,ok,
2jneA00|rfd3|rfd3_inputs_spec-1_0_model_1|T0.2|2,2jneA00|rfd3|rfd3_inputs_spec-1_0_model_1,2jneA00,0.2,rfd3,0.7057704042080284,0.9145,88.74704225352113,1.4537,1.7702,1.7716,ca_rmsd_dssp_non_loop,39,ok,
2jneA00|rfd3|rfd3_inputs_spec-1_0_model_1|T0.2|4,2jneA00|rfd3|rfd3_inputs_spec-1_0_model_1,2jneA00,0.2,rfd3,0.6185457607315735,1.0064,92.76450704225351,1.6458,2.0538,2.0571,ca_rmsd_dssp_non_loop,39,ok,
2jneA00|rfd3|rfd3_inputs_spec-1_0_model_1|T0.2|5,2jneA00|rfd3|rfd3_inputs_spec-1_0_model_1,2jneA00,0.2,rfd3,0.690937754760599,0.9797,88.4549295774648,1.0493,1.5544,1.5562,ca_rmsd_dssp_non_loop,39,ok,
2jneA00|rfd3|rfd3_inputs_spec-1_0_model_1|T0.2|3,2jneA00|rfd3|rfd3_inputs_spec-1_0_model_1,2jneA00,0.2,rfd3,0.6607142722106,0.9223,91.48591549295774,1.6502,2.2043,2.2066,ca_rmsd_dssp_non_loop,39,ok,
2jneA00|rfd3|rfd3_inputs_spec-1_0_model_1|T0.2|6,2jneA00|rfd3|rfd3_inputs_spec-1_0_model_1,2jneA00,0.2,rfd3,0.6530960019697807,0.9836,93.69957746478873,1.3803,1.824,1.8249,ca_rmsd_dssp_non_loop,39,ok,
2jneA00|rfd3|rfd3_inputs_spec-1_0_model_1|T0.2|7,2jneA00|rfd3|rfd3_inputs_spec-1_0_model_1,2jneA00,0.2,rfd3,0.5481600882606846,0.9919,91.43971830985916,1.0679,1.5016,1.5103,ca_rmsd_dssp_non_loop,39,ok,
2jneA00|rfd3|rfd3_inputs_spec-1_0_model_1|T0.3|1,2jneA00|rfd3|rfd3_inputs_spec-1_0_model_1,2jneA00,0.3,rfd3,0.6607142722106,1.1061,93.90732394366198,1.3819,2.0112,2.0191,ca_rmsd_dssp_non_loop,39,ok,
2jneA00|rfd3|rfd3_inputs_spec-1_0_model_1|T0.3|0,2jneA00|rfd3|rfd3_inputs_spec-1_0_model_1,2jneA00,0.3,rfd3,0.614550015037915,0.9973,92.94929577464788,1.4018,1.7378,1.7386,ca_rmsd_dssp_non_loop,39,ok,
2jneA00|rfd3|rfd3_inputs_spec-1_0_model_1|T0.3|3,2jneA00|rfd3|rfd3_inputs_spec-1_0_model_1,2jneA00,0.3,rfd3,0.5745113768634783,1.1014,90.47915492957748,0.8831,1.3636,1.3664,ca_rmsd_dssp_non_loop,39,ok,
2jneA00|rfd3|rfd3_inputs_spec-1_0_model_1|T0.3|2,2jneA00|rfd3|rfd3_inputs_spec-1_0_model_1,2jneA00,0.3,rfd3,0.6945352332815291,0.9658,92.0130985915493,1.2521,1.8801,1.8827,ca_rmsd_dssp_non_loop,39,ok,
2jneA00|rfd3|rfd3_inputs_spec-1_0_model_1|T0.3|5,2jneA00|rfd3|rfd3_inputs_spec-1_0_model_1,2jneA00,0.3,rfd3,0.7455332542573405,1.0396,91.83309859154929,0.7372,1.2174,1.2197,ca_rmsd_dssp_non_loop,39,ok,
2jneA00|rfd3|rfd3_inputs_spec-1_0_model_1|T0.3|6,2jneA00|rfd3|rfd3_inputs_spec-1_0_model_1,2jneA00,0.3,rfd3,0.5827528671700993,0.993,90.13338028169015,0.879,1.1415,1.1448,ca_rmsd_dssp_non_loop,39,ok,
2jneA00|rfd3|rfd3_inputs_spec-1_0_model_1|T0.3|4,2jneA00|rfd3|rfd3_inputs_spec-1_0_model_1,2jneA00,0.3,rfd3,0.622525527146738,1.0628,90.64211267605634,0.8712,1.4525,1.4593,ca_rmsd_dssp_non_loop,39,ok,
2jneA00|rfd3|rfd3_inputs_spec-1_0_model_1|T0.3|7,2jneA00|rfd3|rfd3_inputs_spec-1_0_model_1,2jneA00,0.3,rfd3,0.6793934872647804,1.0072,91.4025352112676,1.3834,2.0629,2.064,ca_rmsd_dssp_non_loop,39,ok,
1b5aA00|rfd3|rfd3_inputs_spec-1_0_model_0_retry_1_1|T0.05|0,1b5aA00|rfd3|rfd3_inputs_spec-1_0_model_0_retry_1_1,1b5aA00,0.05,rfd3,0.7667791150911495,0.8369,85.03202127659574,0.6695,1.3941,1.3941,ca_rmsd_dssp_non_loop,57,ok,
1b5aA00|rfd3|rfd3_inputs_spec-1_0_model_0_retry_1_1|T0.05|1,1b5aA00|rfd3|rfd3_inputs_spec-1_0_model_0_retry_1_1,1b5aA00,0.05,rfd3,0.6964898776344859,0.9001,86.3381914893617,1.092,6.4303,6.4303,ca_rmsd_dssp_non_loop,57,ok,
1b5aA00|rfd3|rfd3_inputs_spec-1_0_model_0_retry_1_1|T0.05|2,1b5aA00|rfd3|rfd3_inputs_spec-1_0_model_0_retry_1_1,1b5aA00,0.05,rfd3,0.7431781611045439,0.8891,84.30531914893616,0.5796,1.7417,1.7417,ca_rmsd_dssp_non_loop,57,ok,
1b5aA00|rfd3|rfd3_inputs_spec-1_0_model_0_retry_1_1|T0.05|4,1b5aA00|rfd3|rfd3_inputs_spec-1_0_model_0_retry_1_1,1b5aA00,0.05,rfd3,0.8167479608037788,0.8673,83.18553191489362,0.9417,4.2411,4.2411,ca_rmsd_dssp_non_loop,57,ok,
1b5aA00|rfd3|rfd3_inputs_spec-1_0_model_0_retry_1_1|T0.05|5,1b5aA00|rfd3|rfd3_inputs_spec-1_0_model_0_retry_1_1,1b5aA00,0.05,rfd3,0.8029929442332723,0.8394,82.93223404255319,0.8115,2.8389,2.8389,ca_rmsd_dssp_non_loop,57,ok,
1b5aA00|rfd3|rfd3_inputs_spec-1_0_model_0_retry_1_1|T0.05|3,1b5aA00|rfd3|rfd3_inputs_spec-1_0_model_0_retry_1_1,1b5aA00,0.05,rfd3,0.8321372994332995,0.8504,84.06648936170212,0.8296,4.5663,4.5663,ca_rmsd_dssp_non_loop,57,ok,
1b5aA00|rfd3|rfd3_inputs_spec-1_0_model_0_retry_1_1|T0.05|7,1b5aA00|rfd3|rfd3_inputs_spec-1_0_model_0_retry_1_1,1b5aA00,0.05,rfd3,0.7694319347944386,0.8468,82.43255319148936,0.9011,2.6863,2.6863,ca_rmsd_dssp_non_loop,57,ok,
1b5aA00|rfd3|rfd3_inputs_spec-1_0_model_0_retry_1_1|T0.1|0,1b5aA00|rfd3|rfd3_inputs_spec-1_0_model_0_retry_1_1,1b5aA00,0.1,rfd3,0.8368389128962334,0.8158,82.54585106382979,0.5939,2.4085,2.4085,ca_rmsd_dssp_non_loop,57,ok,
1b5aA00|rfd3|rfd3_inputs_spec-1_0_model_0_retry_1_1|T0.1|1,1b5aA00|rfd3|rfd3_inputs_spec-1_0_model_0_retry_1_1,1b5aA00,0.1,rfd3,0.8569533602664751,0.8432,84.65021276595745,1.021,2.4471,2.4471,ca_rmsd_dssp_non_loop,57,ok,
1b5aA00|rfd3|rfd3_inputs_spec-1_0_model_0_retry_1_1|T0.1|2,1b5aA00|rfd3|rfd3_inputs_spec-1_0_model_0_retry_1_1,1b5aA00,0.1,rfd3,0.5636946133167883,0.9085,88.47255319148937,1.0652,6.21,6.21,ca_rmsd_dssp_non_loop,57,ok,
1b5aA00|rfd3|rfd3_inputs_spec-1_0_model_0_retry_1_1|T0.05|6,1b5aA00|rfd3|rfd3_inputs_spec-1_0_model_0_retry_1_1,1b5aA00,0.05,rfd3,0.8267194141192915,0.8571,82.72393617021277,0.925,5.544,5.544,ca_rmsd_dssp_non_loop,57,ok,
1b5aA00|rfd3|rfd3_inputs_spec-1_0_model_0_retry_1_1|T0.1|4,1b5aA00|rfd3|rfd3_inputs_spec-1_0_model_0_retry_1_1,1b5aA00,0.1,rfd3,0.8535291411115273,0.8616,81.25563829787234,0.9029,6.4431,6.4431,ca_rmsd_dssp_non_loop,57,ok,
1b5aA00|rfd3|rfd3_inputs_spec-1_0_model_0_retry_1_1|T0.1|3,1b5aA00|rfd3|rfd3_inputs_spec-1_0_model_0_retry_1_1,1b5aA00,0.1,rfd3,0.8405804409746891,0.8419,84.62595744680851,0.7763,2.5699,2.5699,ca_rmsd_dssp_non_loop,57,ok,
1b5aA00|rfd3|rfd3_inputs_spec-1_0_model_0_retry_1_1|T0.1|5,1b5aA00|rfd3|rfd3_inputs_spec-1_0_model_0_retry_1_1,1b5aA00,0.1,rfd3,0.8016431288889703,0.8585,83.11648936170212,1.0465,5.8344,5.8344,ca_rmsd_dssp_non_loop,57,ok,
1b5aA00|rfd3|rfd3_inputs_spec-1_0_model_0_retry_1_1|T0.1|6,1b5aA00|rfd3|rfd3_inputs_spec-1_0_model_0_retry_1_1,1b5aA00,0.1,rfd3,0.7863358704761287,0.8536,85.81085106382979,0.685,6.5566,6.5566,ca_rmsd_dssp_non_loop,57,ok,
1b5aA00|rfd3|rfd3_inputs_spec-1_0_model_0_retry_1_1|T0.1|7,1b5aA00|rfd3|rfd3_inputs_spec-1_0_model_0_retry_1_1,1b5aA00,0.1,rfd3,0.5917160121821771,0.9122,87.25053191489361,0.8739,6.2394,6.2394,ca_rmsd_dssp_non_loop,57,ok,
1b5aA00|rfd3|rfd3_inputs_spec-1_0_model_0_retry_1_1|T0.2|1,1b5aA00|rfd3|rfd3_inputs_spec-1_0_model_0_retry_1_1,1b5aA00,0.2,rfd3,0.8535291411115276,0.8892,85.75340425531914,0.9487,3.9049,3.9049,ca_rmsd_dssp_non_loop,57,ok,
1b5aA00|rfd3|rfd3_inputs_spec-1_0_model_0_retry_1_1|T0.2|2,1b5aA00|rfd3|rfd3_inputs_spec-1_0_model_0_retry_1_1,1b5aA00,0.2,rfd3,0.7236327052735279,0.9072,83.79712765957447,0.8577,6.418,6.418,ca_rmsd_dssp_non_loop,57,ok,
1b5aA00|rfd3|rfd3_inputs_spec-1_0_model_0_retry_1_1|T0.2|3,1b5aA00|rfd3|rfd3_inputs_spec-1_0_model_0_retry_1_1,1b5aA00,0.2,rfd3,0.7232069956134117,0.9142,82.69478723404255,0.7446,3.0775,3.0775,ca_rmsd_dssp_non_loop,57,ok,
1b5aA00|rfd3|rfd3_inputs_spec-1_0_model_0_retry_1_1|T0.2|4,1b5aA00|rfd3|rfd3_inputs_spec-1_0_model_0_retry_1_1,1b5aA00,0.2,rfd3,0.5442456647084406,0.9213,85.68053191489362,1.0719,5.6253,5.6253,ca_rmsd_dssp_non_loop,57,ok,
1b5aA00|rfd3|rfd3_inputs_spec-1_0_model_0_retry_1_1|T0.2|5,1b5aA00|rfd3|rfd3_inputs_spec-1_0_model_0_retry_1_1,1b5aA00,0.2,rfd3,0.7951365518717316,0.9271,84.1158510638298,0.9202,5.4498,5.4498,ca_rmsd_dssp_non_loop,57,ok,
1b5aA00|rfd3|rfd3_inputs_spec-1_0_model_0_retry_1_1|T0.2|0,1b5aA00|rfd3|rfd3_inputs_spec-1_0_model_0_retry_1_1,1b5aA00,0.2,rfd3,0.776525456054961,0.907,86.36074468085106,0.6889,2.0602,2.0602,ca_rmsd_dssp_non_loop,57,ok,
1b5aA00|rfd3|rfd3_inputs_spec-1_0_model_0_retry_1_1|T0.2|6,1b5aA00|rfd3|rfd3_inputs_spec-1_0_model_0_retry_1_1,1b5aA00,0.2,rfd3,0.7124338290116411,0.9834,84.86053191489363,1.0125,2.9101,2.9101,ca_rmsd_dssp_non_loop,57,ok,
1b5aA00|rfd3|rfd3_inputs_spec-1_0_model_0_retry_1_1|T0.2|7,1b5aA00|rfd3|rfd3_inputs_spec-1_0_model_0_retry_1_1,1b5aA00,0.2,rfd3,0.8227211808864157,0.9006,84.28117021276596,0.7903,6.4083,6.4083,ca_rmsd_dssp_non_loop,57,ok,
1b5aA00|rfd3|rfd3_inputs_spec-1_0_model_0_retry_1_1|T0.3|0,1b5aA00|rfd3|rfd3_inputs_spec-1_0_model_0_retry_1_1,1b5aA00,0.3,rfd3,0.817383999271411,0.9707,87.56574468085107,0.9379,6.3576,6.3576,ca_rmsd_dssp_non_loop,57,ok,
1b5aA00|rfd3|rfd3_inputs_spec-1_0_model_0_retry_1_1|T0.3|1,1b5aA00|rfd3|rfd3_inputs_spec-1_0_model_0_retry_1_1,1b5aA00,0.3,rfd3,0.8036652477826662,0.9001,85.61723404255319,0.4555,3.2725,3.2725,ca_rmsd_dssp_non_loop,57,ok,
1b5aA00|rfd3|rfd3_inputs_spec-1_0_model_0_retry_1_1|T0.3|2,1b5aA00|rfd3|rfd3_inputs_spec-1_0_model_0_retry_1_1,1b5aA00,0.3,rfd3,0.6251555506674616,0.9469,88.92872340425531,0.964,5.6283,5.6283,ca_rmsd_dssp_non_loop,57,ok,
1b5aA00|rfd3|rfd3_inputs_spec-1_0_model_0_retry_1_1|T0.3|4,1b5aA00|rfd3|rfd3_inputs_spec-1_0_model_0_retry_1_1,1b5aA00,0.3,rfd3,0.7757861460633882,1.0171,83.13297872340425,0.923,2.4804,2.4804,ca_rmsd_dssp_non_loop,57,ok,
1b5aA00|rfd3|rfd3_inputs_spec-1_0_model_0_retry_1_1|T0.3|5,1b5aA00|rfd3|rfd3_inputs_spec-1_0_model_0_retry_1_1,1b5aA00,0.3,rfd3,0.7590831690631861,0.9451,84.40414893617022,0.8885,6.3152,6.3152,ca_rmsd_dssp_non_loop,57,ok,
1b5aA00|rfd3|rfd3_inputs_spec-1_0_model_0_retry_1_1|T0.3|6,1b5aA00|rfd3|rfd3_inputs_spec-1_0_model_0_retry_1_1,1b5aA00,0.3,rfd3,0.7823773327708048,0.902,83.90212765957448,0.6409,6.5057,6.5057,ca_rmsd_dssp_non_loop,57,ok,
1b5aA00|rfd3|rfd3_inputs_spec-1_0_model_0_retry_1_1|T0.3|3,1b5aA00|rfd3|rfd3_inputs_spec-1_0_model_0_retry_1_1,1b5aA00,0.3,rfd3,0.7739302717998273,1.0422,84.82191489361702,0.7967,6.9318,6.9318,ca_rmsd_dssp_non_loop,57,ok,
1b5aA00|rfd3|rfd3_inputs_spec-1_0_model_0_retry_1_1|T0.3|7,1b5aA00|rfd3|rfd3_inputs_spec-1_0_model_0_retry_1_1,1b5aA00,0.3,rfd3,0.7512156647504793,1.0174,82.70808510638298,0.8124,6.6812,6.6812,ca_rmsd_dssp_non_loop,57,ok,
2jneA00|rfd3|rfd3_inputs_spec-1_0_model_1_retry_1_2|T0.05|0,2jneA00|rfd3|rfd3_inputs_spec-1_0_model_1_retry_1_2,2jneA00,0.05,rfd3,0.5592970986837943,0.9546,90.36056338028169,2.0838,2.6537,2.6567,ca_rmsd_dssp_non_loop,41,ok,
2jneA00|rfd3|rfd3_inputs_spec-1_0_model_1_retry_1_2|T0.05|1,2jneA00|rfd3|rfd3_inputs_spec-1_0_model_1_retry_1_2,2jneA00,0.05,rfd3,0.5909483829456419,0.943,88.97084507042254,1.2627,1.7364,1.7379,ca_rmsd_dssp_non_loop,41,ok,
2jneA00|rfd3|rfd3_inputs_spec-1_0_model_1_retry_1_2|T0.05|2,2jneA00|rfd3|rfd3_inputs_spec-1_0_model_1_retry_1_2,2jneA00,0.05,rfd3,0.5868566404214381,0.9178,88.89647887323943,1.1365,1.8257,1.8287,ca_rmsd_dssp_non_loop,41,ok,
2jneA00|rfd3|rfd3_inputs_spec-1_0_model_1_retry_1_2|T0.05|3,2jneA00|rfd3|rfd3_inputs_spec-1_0_model_1_retry_1_2,2jneA00,0.05,rfd3,0.48634142715376144,0.9336,90.4361971830986,1.9583,2.6375,2.6377,ca_rmsd_dssp_non_loop,41,ok,
2jneA00|rfd3|rfd3_inputs_spec-1_0_model_1_retry_1_2|T0.05|5,2jneA00|rfd3|rfd3_inputs_spec-1_0_model_1_retry_1_2,2jneA00,0.05,rfd3,0.702837183531685,0.9531,86.8112676056338,1.0923,1.7561,1.946,ca_rmsd_dssp_non_loop,41,ok,
2jneA00|rfd3|rfd3_inputs_spec-1_0_model_1_retry_1_2|T0.05|4,2jneA00|rfd3|rfd3_inputs_spec-1_0_model_1_retry_1_2,2jneA00,0.05,rfd3,0.6873169826549892,0.9365,89.96732394366198,2.6696,3.6118,3.6128,ca_rmsd_dssp_non_loop,41,ok,
2jneA00|rfd3|rfd3_inputs_spec-1_0_model_1_retry_1_2|T0.05|6,2jneA00|rfd3|rfd3_inputs_spec-1_0_model_1_retry_1_2,2jneA00,0.05,rfd3,0.528560426102966,0.9466,89.92929577464788,1.3079,1.8818,1.8828,ca_rmsd_dssp_non_loop,41,ok,
2jneA00|rfd3|rfd3_inputs_spec-1_0_model_1_retry_1_2|T0.1|0,2jneA00|rfd3|rfd3_inputs_spec-1_0_model_1_retry_1_2,2jneA00,0.1,rfd3,0.5278584424797904,0.9388,91.78464788732394,2.1611,2.9857,3.5224,ca_rmsd_dssp_non_loop,41,ok,
2jneA00|rfd3|rfd3_inputs_spec-1_0_model_1_retry_1_2|T0.1|1,2jneA00|rfd3|rfd3_inputs_spec-1_0_model_1_retry_1_2,2jneA00,0.1,rfd3,0.7767385954971494,0.9266,89.42760563380281,1.7907,2.5566,2.5682,ca_rmsd_dssp_non_loop,41,ok,
2jneA00|rfd3|rfd3_inputs_spec-1_0_model_1_retry_1_2|T0.05|7,2jneA00|rfd3|rfd3_inputs_spec-1_0_model_1_retry_1_2,2jneA00,0.05,rfd3,0.48634142715376144,0.9494,91.49605633802817,2.7809,3.2216,3.228,ca_rmsd_dssp_non_loop,41,ok,
2jneA00|rfd3|rfd3_inputs_spec-1_0_model_1_retry_1_2|T0.1|3,2jneA00|rfd3|rfd3_inputs_spec-1_0_model_1_retry_1_2,2jneA00,0.1,rfd3,0.5909483829456418,0.9771,91.7943661971831,2.6678,3.4128,3.4242,ca_rmsd_dssp_non_loop,41,ok,
2jneA00|rfd3|rfd3_inputs_spec-1_0_model_1_retry_1_2|T0.1|4,2jneA00|rfd3|rfd3_inputs_spec-1_0_model_1_retry_1_2,2jneA00,0.1,rfd3,0.5786375987118334,0.926,93.3461971830986,1.4434,2.1148,2.1163,ca_rmsd_dssp_non_loop,41,ok,
2jneA00|rfd3|rfd3_inputs_spec-1_0_model_1_retry_1_2|T0.1|5,2jneA00|rfd3|rfd3_inputs_spec-1_0_model_1_retry_1_2,2jneA00,0.1,rfd3,0.661976061184247,0.9119,91.59732394366198,1.9761,2.6299,2.6339,ca_rmsd_dssp_non_loop,41,ok,
2jneA00|rfd3|rfd3_inputs_spec-1_0_model_1_retry_1_2|T0.1|6,2jneA00|rfd3|rfd3_inputs_spec-1_0_model_1_retry_1_2,2jneA00,0.1,rfd3,0.542572725981272,0.9653,90.7930985915493,1.7358,2.344,2.5719,ca_rmsd_dssp_non_loop,41,ok,
2jneA00|rfd3|rfd3_inputs_spec-1_0_model_1_retry_1_2|T0.1|7,2jneA00|rfd3|rfd3_inputs_spec-1_0_model_1_retry_1_2,2jneA00,0.1,rfd3,0.7057704042080284,0.982,86.58211267605634,1.9279,2.5067,2.5084,ca_rmsd_dssp_non_loop,41,ok,
2jneA00|rfd3|rfd3_inputs_spec-1_0_model_1_retry_1_2|T0.2|0,2jneA00|rfd3|rfd3_inputs_spec-1_0_model_1_retry_1_2,2jneA00,0.2,rfd3,0.507464234167236,0.9552,91.85253521126761,1.7675,2.4201,2.4211,ca_rmsd_dssp_non_loop,41,ok,
2jneA00|rfd3|rfd3_inputs_spec-1_0_model_1_retry_1_2|T0.2|1,2jneA00|rfd3|rfd3_inputs_spec-1_0_model_1_retry_1_2,2jneA00,0.2,rfd3,0.533470994824596,1.0437,91.62140845070422,1.7,2.4005,2.4191,ca_rmsd_dssp_non_loop,41,ok,
2jneA00|rfd3|rfd3_inputs_spec-1_0_model_1_retry_1_2|T0.2|2,2jneA00|rfd3|rfd3_inputs_spec-1_0_model_1_retry_1_2,2jneA00,0.2,rfd3,0.767822485155081,0.9954,89.79704225352113,1.2014,1.8095,1.813,ca_rmsd_dssp_non_loop,41,ok,
2jneA00|rfd3|rfd3_inputs_spec-1_0_model_1_retry_1_2|T0.1|2,2jneA00|rfd3|rfd3_inputs_spec-1_0_model_1_retry_1_2,2jneA00,0.1,rfd3,0.5032393912944998,0.9471,90.86845070422535,1.6811,2.2941,2.2986,ca_rmsd_dssp_non_loop,41,ok,
2jneA00|rfd3|rfd3_inputs_spec-1_0_model_1_retry_1_2|T0.2|4,2jneA00|rfd3|rfd3_inputs_spec-1_0_model_1_retry_1_2,2jneA00,0.2,rfd3,0.6848903390376865,0.9696,88.7861971830986,1.255,1.883,1.8911,ca_rmsd_dssp_non_loop,41,ok,
2jneA00|rfd3|rfd3_inputs_spec-1_0_model_1_retry_1_2|T0.2|5,2jneA00|rfd3|rfd3_inputs_spec-1_0_model_1_retry_1_2,2jneA00,0.2,rfd3,0.5201299585267423,1.0277,91.8574647887324,1.6091,2.1861,2.1905,ca_rmsd_dssp_non_loop,41,ok,
2jneA00|rfd3|rfd3_inputs_spec-1_0_model_1_retry_1_2|T0.2|3,2jneA00|rfd3|rfd3_inputs_spec-1_0_model_1_retry_1_2,2jneA00,0.2,rfd3,0.4786046223210005,1.0489,92.21281690140844,1.7284,2.4426,2.4562,ca_rmsd_dssp_non_loop,41,ok,
2jneA00|rfd3|rfd3_inputs_spec-1_0_model_1_retry_1_2|T0.2|6,2jneA00|rfd3|rfd3_inputs_spec-1_0_model_1_retry_1_2,2jneA00,0.2,rfd3,0.42700420747639783,0.9435,89.18563380281691,2.0451,2.8618,2.8752,ca_rmsd_dssp_non_loop,41,ok,
2jneA00|rfd3|rfd3_inputs_spec-1_0_model_1_retry_1_2|T0.2|7,2jneA00|rfd3|rfd3_inputs_spec-1_0_model_1_retry_1_2,2jneA00,0.2,rfd3,0.6395752591473665,0.9739,91.8505633802817,3.123,3.7009,3.7088,ca_rmsd_dssp_non_loop,41,ok,
2jneA00|rfd3|rfd3_inputs_spec-1_0_model_1_retry_1_2|T0.3|0,2jneA00|rfd3|rfd3_inputs_spec-1_0_model_1_retry_1_2,2jneA00,0.3,rfd3,0.6071845703577864,1.0294,90.79070422535212,2.8776,3.71,3.7103,ca_rmsd_dssp_non_loop,41,ok,
2jneA00|rfd3|rfd3_inputs_spec-1_0_model_1_retry_1_2|T0.3|2,2jneA00|rfd3|rfd3_inputs_spec-1_0_model_1_retry_1_2,2jneA00,0.3,rfd3,0.5710648865494853,1.0611,90.22056338028169,1.4051,2.051,2.0534,ca_rmsd_dssp_non_loop,41,ok,
2jneA00|rfd3|rfd3_inputs_spec-1_0_model_1_retry_1_2|T0.3|3,2jneA00|rfd3|rfd3_inputs_spec-1_0_model_1_retry_1_2,2jneA00,0.3,rfd3,0.4519794538912645,0.9779,89.26084507042255,2.882,3.7913,3.8427,ca_rmsd_dssp_non_loop,41,ok,
2jneA00|rfd3|rfd3_inputs_spec-1_0_model_1_retry_1_2|T0.3|1,2jneA00|rfd3|rfd3_inputs_spec-1_0_model_1_retry_1_2,2jneA00,0.3,rfd3,0.49197252081813425,1.0629,91.90901408450704,1.6446,2.3855,2.3864,ca_rmsd_dssp_non_loop,41,ok,
2jneA00|rfd3|rfd3_inputs_spec-1_0_model_1_retry_1_2|T0.3|4,2jneA00|rfd3|rfd3_inputs_spec-1_0_model_1_retry_1_2,2jneA00,0.3,rfd3,0.5957061717448197,1.0118,93.28394366197183,2.6327,3.1891,3.2099,ca_rmsd_dssp_non_loop,41,ok,
2jneA00|rfd3|rfd3_inputs_spec-1_0_model_1_retry_1_2|T0.3|5,2jneA00|rfd3|rfd3_inputs_spec-1_0_model_1_retry_1_2,2jneA00,0.3,rfd3,0.48774893141904346,1.005,88.82633802816902,2.1102,2.8881,2.9025,ca_rmsd_dssp_non_loop,41,ok,
2jneA00|rfd3|rfd3_inputs_spec-1_0_model_1_retry_1_2|T0.3|6,2jneA00|rfd3|rfd3_inputs_spec-1_0_model_1_retry_1_2,2jneA00,0.3,rfd3,0.4187547584028657,1.0814,93.47239436619718,1.3343,1.7766,1.7784,ca_rmsd_dssp_non_loop,41,ok,
2jneA00|rfd3|rfd3_inputs_spec-1_0_model_1_retry_1_2|T0.3|7,2jneA00|rfd3|rfd3_inputs_spec-1_0_model_1_retry_1_2,2jneA00,0.3,rfd3,0.6992951461496765,0.9534,91.14183098591549,1.5186,2.1379,2.139,ca_rmsd_dssp_non_loop,41,ok,
