sequence_id,backbone_key,target_id,temperature,backbone_source,soluprot,plddt,rmsd_nonloop_order,rmsd_all_ca_order,correspondence,n_non_loop,designed_length,x_placeholders,reference_sha256,model_path,af2_model_preset,af2_db_preset,af2_max_template_date,status,error
1af7A01|target|target|T0.05|3,1af7A01|target|target,1af7A01,0.05,target,0.7600304969372743,94.22295620437956,1.2618184230426301,1.7715,file_order,167,274,0,7378aac13ebc5cb120bacdc442106289c994838616a8b81ca70d344e43d2900b,public_data/benchmark/gate0/temperature_sweep/models/1af7A01_target_target_T0.05_3.pdb.gz,monomer,full_dbs,2020-05-14,ok,
1af7A01|target|target|T0.05|2,1af7A01|target|target,1af7A01,0.05,target,0.7710342884129364,93.47890510948906,1.1815521380499308,1.8329,file_order,167,274,0,7378aac13ebc5cb120bacdc442106289c994838616a8b81ca70d344e43d2900b,public_data/benchmark/gate0/temperature_sweep/models/1af7A01_target_target_T0.05_2.pdb.gz,monomer,full_dbs,2020-05-14,ok,
1af7A01|target|target|T0.05|0,1af7A01|target|target,1af7A01,0.05,target,0.8153211183162382,94.29222627737227,1.2264542501386155,3.0245,file_order,167,274,0,7378aac13ebc5cb120bacdc442106289c994838616a8b81ca70d344e43d2900b,public_data/benchmark/gate0/temperature_sweep/models/1af7A01_target_target_T0.05_0.pdb.gz,monomer,full_dbs,2020-05-14,ok,
1af7A01|target|target|T0.05|1,1af7A01|target|target,1af7A01,0.05,target,0.8159796498626624,93.45076642335766,1.1897569180311725,1.3948,file_order,167,274,0,7378aac13ebc5cb120bacdc442106289c994838616a8b81ca70d344e43d2900b,public_data/benchmark/gate0/temperature_sweep/models/1af7A01_target_target_T0.05_1.pdb.gz,monomer,full_dbs,2020-05-14,ok,
1af7A01|target|target|T0.05|4,1af7A01|target|target,1af7A01,0.05,target,0.8078435289812191,93.07996350364964,1.4296703502493755,1.9147,file_order,167,274,0,7378aac13ebc5cb120bacdc442106289c994838616a8b81ca70d344e43d2900b,public_data/benchmark/gate0/temperature_sweep/models/1af7A01_target_target_T0.05_4.pdb.gz,monomer,full_dbs,2020-05-14,ok,
1af7A01|target|target|T0.05|5,1af7A01|target|target,1af7A01,0.05,target,0.7716779590768801,94.29127737226278,1.304254818703613,1.5588,file_order,167,274,0,7378aac13ebc5cb120bacdc442106289c994838616a8b81ca70d344e43d2900b,public_data/benchmark/gate0/temperature_sweep/models/1af7A01_target_target_T0.05_5.pdb.gz,monomer,full_dbs,2020-05-14,ok,
1af7A01|target|target|T0.05|6,1af7A01|target|target,1af7A01,0.05,target,0.828147502372364,93.91839416058394,1.3732655138525363,1.6606,file_order,167,274,0,7378aac13ebc5cb120bacdc442106289c994838616a8b81ca70d344e43d2900b,public_data/benchmark/gate0/temperature_sweep/models/1af7A01_target_target_T0.05_6.pdb.gz,monomer,full_dbs,2020-05-14,ok,
1af7A01|target|target|T0.05|7,1af7A01|target|target,1af7A01,0.05,target,0.8138880501663833,93.43430656934306,1.0001173155931098,1.3872,file_order,167,274,0,7378aac13ebc5cb120bacdc442106289c994838616a8b81ca70d344e43d2900b,public_data/benchmark/gate0/temperature_sweep/models/1af7A01_target_target_T0.05_7.pdb.gz,monomer,full_dbs,2020-05-14,ok,
1af7A01|target|target|T0.1|0,1af7A01|target|target,1af7A01,0.1,target,0.7375239429618133,92.96244525547445,1.5711805488623256,2.4419,file_order,167,274,0,7378aac13ebc5cb120bacdc442106289c994838616a8b81ca70d344e43d2900b,public_data/benchmark/gate0/temperature_sweep/models/1af7A01_target_target_T0.1_0.pdb.gz,monomer,full_dbs,2020-05-14,ok,
1af7A01|target|target|T0.1|1,1af7A01|target|target,1af7A01,0.1,target,0.753175449314147,92.42762773722627,0.9638409711215997,1.3624,file_order,167,274,0,7378aac13ebc5cb120bacdc442106289c994838616a8b81ca70d344e43d2900b,public_data/benchmark/gate0/temperature_sweep/models/1af7A01_target_target_T0.1_1.pdb.gz,monomer,full_dbs,2020-05-14,ok,
1af7A01|target|target|T0.1|3,1af7A01|target|target,1af7A01,0.1,target,0.8314463122869844,93.33423357664235,1.336001824751434,2.8234,file_order,167,274,0,7378aac13ebc5cb120bacdc442106289c994838616a8b81ca70d344e43d2900b,public_data/benchmark/gate0/temperature_sweep/models/1af7A01_target_target_T0.1_3.pdb.gz,monomer,full_dbs,2020-05-14,ok,
1af7A01|target|target|T0.1|2,1af7A01|target|target,1af7A01,0.1,target,0.7879647347972651,93.99748175182482,1.1686103285882967,1.4287,file_order,167,274,0,7378aac13ebc5cb120bacdc442106289c994838616a8b81ca70d344e43d2900b,public_data/benchmark/gate0/temperature_sweep/models/1af7A01_target_target_T0.1_2.pdb.gz,monomer,full_dbs,2020-05-14,ok,
1af7A01|target|target|T0.1|4,1af7A01|target|target,1af7A01,0.1,target,0.776907918447593,94.12799270072992,1.2570888328727157,2.0013,file_order,167,274,0,7378aac13ebc5cb120bacdc442106289c994838616a8b81ca70d344e43d2900b,public_data/benchmark/gate0/temperature_sweep/models/1af7A01_target_target_T0.1_4.pdb.gz,monomer,full_dbs,2020-05-14,ok,
1af7A01|target|target|T0.1|5,1af7A01|target|target,1af7A01,0.1,target,0.7804302092169828,93.68788321167884,0.9225427536941213,1.3563,file_order,167,274,0,7378aac13ebc5cb120bacdc442106289c994838616a8b81ca70d344e43d2900b,public_data/benchmark/gate0/temperature_sweep/models/1af7A01_target_target_T0.1_5.pdb.gz,monomer,full_dbs,2020-05-14,ok,
1af7A01|target|target|T0.1|7,1af7A01|target|target,1af7A01,0.1,target,0.7655771844043541,92.58616788321169,0.9365456898194873,1.2631,file_order,167,274,0,7378aac13ebc5cb120bacdc442106289c994838616a8b81ca70d344e43d2900b,public_data/benchmark/gate0/temperature_sweep/models/1af7A01_target_target_T0.1_7.pdb.gz,monomer,full_dbs,2020-05-14,ok,
1af7A01|target|target|T0.1|6,1af7A01|target|target,1af7A01,0.1,target,0.6990183590435081,93.30470802919709,1.2956435947775191,1.5016,file_order,167,274,0,7378aac13ebc5cb120bacdc442106289c994838616a8b81ca70d344e43d2900b,public_data/benchmark/gate0/temperature_sweep/models/1af7A01_target_target_T0.1_6.pdb.gz,monomer,full_dbs,2020-05-14,ok,
1af7A01|target|target|T0.2|0,1af7A01|target|target,1af7A01,0.2,target,0.836698911005716,93.74682481751825,0.9561784060353276,2.4612,file_order,167,274,0,7378aac13ebc5cb120bacdc442106289c994838616a8b81ca70d344e43d2900b,public_data/benchmark/gate0/temperature_sweep/models/1af7A01_target_target_T0.2_0.pdb.gz,monomer,full_dbs,2020-05-14,ok,
1af7A01|target|target|T0.2|1,1af7A01|target|target,1af7A01,0.2,target,0.782921555467845,93.78281021897811,0.8941081312152428,1.2282,file_order,167,274,0,7378aac13ebc5cb120bacdc442106289c994838616a8b81ca70d344e43d2900b,public_data/benchmark/gate0/temperature_sweep/models/1af7A01_target_target_T0.2_1.pdb.gz,monomer,full_dbs,2020-05-14,ok,
1af7A01|target|target|T0.2|2,1af7A01|target|target,1af7A01,0.2,target,0.7657081581032819,93.49642335766424,1.210600402905411,1.6503,file_order,167,274,0,7378aac13ebc5cb120bacdc442106289c994838616a8b81ca70d344e43d2900b,public_data/benchmark/gate0/temperature_sweep/models/1af7A01_target_target_T0.2_2.pdb.gz,monomer,full_dbs,2020-05-14,ok,
1af7A01|target|target|T0.2|3,1af7A01|target|target,1af7A01,0.2,target,0.7516797716062479,93.99375912408759,1.032157042254043,1.4514,file_order,167,274,0,7378aac13ebc5cb120bacdc442106289c994838616a8b81ca70d344e43d2900b,public_data/benchmark/gate0/temperature_sweep/models/1af7A01_target_target_T0.2_3.pdb.gz,monomer,full_dbs,2020-05-14,ok,
1af7A01|target|target|T0.2|4,1af7A01|target|target,1af7A01,0.2,target,0.7857612665036341,93.58357664233577,1.5211074347337001,1.6949,file_order,167,274,0,7378aac13ebc5cb120bacdc442106289c994838616a8b81ca70d344e43d2900b,public_data/benchmark/gate0/temperature_sweep/models/1af7A01_target_target_T0.2_4.pdb.gz,monomer,full_dbs,2020-05-14,ok,
1af7A01|target|target|T0.2|5,1af7A01|target|target,1af7A01,0.2,target,0.7737291337493541,93.31959854014599,0.9771441663043463,2.4306,file_order,167,274,0,7378aac13ebc5cb120bacdc442106289c994838616a8b81ca70d344e43d2900b,public_data/benchmark/gate0/temperature_sweep/models/1af7A01_target_target_T0.2_5.pdb.gz,monomer,full_dbs,2020-05-14,ok,
1af7A01|target|target|T0.2|6,1af7A01|target|target,1af7A01,0.2,target,0.7524963474263707,93.87485401459854,1.3491311657456195,1.8444,file_order,167,274,0,7378aac13ebc5cb120bacdc442106289c994838616a8b81ca70d344e43d2900b,public_data/benchmark/gate0/temperature_sweep/models/1af7A01_target_target_T0.2_6.pdb.gz,monomer,full_dbs,2020-05-14,ok,
1af7A01|target|target|T0.2|7,1af7A01|target|target,1af7A01,0.2,target,0.787354326395954,94.03821167883213,0.8467150179649752,2.1167,file_order,167,274,0,7378aac13ebc5cb120bacdc442106289c994838616a8b81ca70d344e43d2900b,public_data/benchmark/gate0/temperature_sweep/models/1af7A01_target_target_T0.2_7.pdb.gz,monomer,full_dbs,2020-05-14,ok,
1af7A01|target|target|T0.3|0,1af7A01|target|target,1af7A01,0.3,target,0.7215406819360646,93.94171532846715,1.2530805128177227,1.462,file_order,167,274,0,7378aac13ebc5cb120bacdc442106289c994838616a8b81ca70d344e43d2900b,public_data/benchmark/gate0/temperature_sweep/models/1af7A01_target_target_T0.3_0.pdb.gz,monomer,full_dbs,2020-05-14,ok,
1af7A01|target|target|T0.3|1,1af7A01|target|target,1af7A01,0.3,target,0.771420643803688,94.41441605839415,1.3541113933372477,2.375,file_order,167,274,0,7378aac13ebc5cb120bacdc442106289c994838616a8b81ca70d344e43d2900b,public_data/benchmark/gate0/temperature_sweep/models/1af7A01_target_target_T0.3_1.pdb.gz,monomer,full_dbs,2020-05-14,ok,
1af7A01|target|target|T0.3|2,1af7A01|target|target,1af7A01,0.3,target,0.7782964603098664,94.63536496350365,0.8016368521831702,2.7948,file_order,167,274,0,7378aac13ebc5cb120bacdc442106289c994838616a8b81ca70d344e43d2900b,public_data/benchmark/gate0/temperature_sweep/models/1af7A01_target_target_T0.3_2.pdb.gz,monomer,full_dbs,2020-05-14,ok,
1af7A01|target|target|T0.3|3,1af7A01|target|target,1af7A01,0.3,target,0.7747498197240417,93.93317518248175,0.949347804063581,2.1706,file_order,167,274,0,7378aac13ebc5cb120bacdc442106289c994838616a8b81ca70d344e43d2900b,public_data/benchmark/gate0/temperature_sweep/models/1af7A01_target_target_T0.3_3.pdb.gz,monomer,full_dbs,2020-05-14,ok,
1af7A01|target|target|T0.3|4,1af7A01|target|target,1af7A01,0.3,target,0.6979422730814123,93.52368613138687,1.0110434426605972,1.501,file_order,167,274,0,7378aac13ebc5cb120bacdc442106289c994838616a8b81ca70d344e43d2900b,public_data/benchmark/gate0/temperature_sweep/models/1af7A01_target_target_T0.3_4.pdb.gz,monomer,full_dbs,2020-05-14,ok,
1af7A01|target|target|T0.3|5,1af7A01|target|target,1af7A01,0.3,target,0.7299664876688428,90.85145985401459,0.9859264657297664,1.7424,file_order,167,274,0,7378aac13ebc5cb120bacdc442106289c994838616a8b81ca70d344e43d2900b,public_data/benchmark/gate0/temperature_sweep/models/1af7A01_target_target_T0.3_5.pdb.gz,monomer,full_dbs,2020-05-14,ok,
1af7A01|target|target|T0.3|6,1af7A01|target|target,1af7A01,0.3,target,0.6996322841851602,92.85430656934307,1.5317670099271146,2.399,file_order,167,274,0,7378aac13ebc5cb120bacdc442106289c994838616a8b81ca70d344e43d2900b,public_data/benchmark/gate0/temperature_sweep/models/1af7A01_target_target_T0.3_6.pdb.gz,monomer,full_dbs,2020-05-14,ok,
1b5aA00|target|target|T0.05|0,1b5aA00|target|target,1b5aA00,0.05,target,0.8874226529355745,81.67223404255319,1.1460260625825947,2.7798,file_order,46,94,0,9502af7155170eea7a848e6c3a801f27b587cdb0c90338916473c927ed4843cf,public_data/benchmark/gate0/temperature_sweep/models/1b5aA00_target_target_T0.05_0.pdb.gz,monomer,full_dbs,2020-05-14,ok,
1af7A01|target|target|T0.3|7,1af7A01|target|target,1af7A01,0.3,target,0.773856898260811,93.51682481751826,0.9633983090054798,1.8703,file_order,167,274,0,7378aac13ebc5cb120bacdc442106289c994838616a8b81ca70d344e43d2900b,public_data/benchmark/gate0/temperature_sweep/models/1af7A01_target_target_T0.3_7.pdb.gz,monomer,full_dbs,2020-05-14,ok,
1b5aA00|target|target|T0.05|1,1b5aA00|target|target,1b5aA00,0.05,target,0.9420285594141743,81.03191489361703,1.3117232547393236,3.119,file_order,46,94,0,9502af7155170eea7a848e6c3a801f27b587cdb0c90338916473c927ed4843cf,public_data/benchmark/gate0/temperature_sweep/models/1b5aA00_target_target_T0.05_1.pdb.gz,monomer,full_dbs,2020-05-14,ok,
1b5aA00|target|target|T0.05|2,1b5aA00|target|target,1b5aA00,0.05,target,0.9299523384887532,80.69521276595745,1.3787612705439298,4.3328,file_order,46,94,0,9502af7155170eea7a848e6c3a801f27b587cdb0c90338916473c927ed4843cf,public_data/benchmark/gate0/temperature_sweep/models/1b5aA00_target_target_T0.05_2.pdb.gz,monomer,full_dbs,2020-05-14,ok,
1b5aA00|target|target|T0.05|3,1b5aA00|target|target,1b5aA00,0.05,target,0.8924240863460338,82.34010638297873,1.4720528123362688,4.1602,file_order,46,94,0,9502af7155170eea7a848e6c3a801f27b587cdb0c90338916473c927ed4843cf,public_data/benchmark/gate0/temperature_sweep/models/1b5aA00_target_target_T0.05_3.pdb.gz,monomer,full_dbs,2020-05-14,ok,
1b5aA00|target|target|T0.05|4,1b5aA00|target|target,1b5aA00,0.05,target,0.8897397090592827,81.57808510638299,1.468261391290457,4.2251,file_order,46,94,0,9502af7155170eea7a848e6c3a801f27b587cdb0c90338916473c927ed4843cf,public_data/benchmark/gate0/temperature_sweep/models/1b5aA00_target_target_T0.05_4.pdb.gz,monomer,full_dbs,2020-05-14,ok,
1b5aA00|target|target|T0.05|5,1b5aA00|target|target,1b5aA00,0.05,target,0.8850631952124194,79.90563829787234,1.3973625369093803,3.3161,file_order,46,94,0,9502af7155170eea7a848e6c3a801f27b587cdb0c90338916473c927ed4843cf,public_data/benchmark/gate0/temperature_sweep/models/1b5aA00_target_target_T0.05_5.pdb.gz,monomer,full_dbs,2020-05-14,ok,
1b5aA00|target|target|T0.1|0,1b5aA00|target|target,1b5aA00,0.1,target,0.9040800792602903,83.34521276595744,1.3932119679118706,3.5831,file_order,46,94,0,9502af7155170eea7a848e6c3a801f27b587cdb0c90338916473c927ed4843cf,public_data/benchmark/gate0/temperature_sweep/models/1b5aA00_target_target_T0.1_0.pdb.gz,monomer,full_dbs,2020-05-14,ok,
1b5aA00|target|target|T0.05|7,1b5aA00|target|target,1b5aA00,0.05,target,0.897620771452389,80.74053191489361,1.8535555243822182,4.1351,file_order,46,94,0,9502af7155170eea7a848e6c3a801f27b587cdb0c90338916473c927ed4843cf,public_data/benchmark/gate0/temperature_sweep/models/1b5aA00_target_target_T0.05_7.pdb.gz,monomer,full_dbs,2020-05-14,ok,
1b5aA00|target|target|T0.05|6,1b5aA00|target|target,1b5aA00,0.05,target,0.8758867724680686,79.95468085106383,1.5090716940741686,4.1682,file_order,46,94,0,9502af7155170eea7a848e6c3a801f27b587cdb0c90338916473c927ed4843cf,public_data/benchmark/gate0/temperature_sweep/models/1b5aA00_target_target_T0.05_6.pdb.gz,monomer,full_dbs,2020-05-14,ok,
1b5aA00|target|target|T0.1|1,1b5aA00|target|target,1b5aA00,0.1,target,0.8974250789016757,82.78265957446808,1.193086303741117,3.6169,file_order,46,94,0,9502af7155170eea7a848e6c3a801f27b587cdb0c90338916473c927ed4843cf,public_data/benchmark/gate0/temperature_sweep/models/1b5aA00_target_target_T0.1_1.pdb.gz,monomer,full_dbs,2020-05-14,ok,
1b5aA00|target|target|T0.1|2,1b5aA00|target|target,1b5aA00,0.1,target,0.8595417807735656,81.2513829787234,1.7744137661859454,3.3558,file_order,46,94,0,9502af7155170eea7a848e6c3a801f27b587cdb0c90338916473c927ed4843cf,public_data/benchmark/gate0/temperature_sweep/models/1b5aA00_target_target_T0.1_2.pdb.gz,monomer,full_dbs,2020-05-14,ok,
1b5aA00|target|target|T0.1|4,1b5aA00|target|target,1b5aA00,0.1,target,0.9125784244949704,85.66244680851064,1.2710757508368575,3.2489,file_order,46,94,0,9502af7155170eea7a848e6c3a801f27b587cdb0c90338916473c927ed4843cf,public_data/benchmark/gate0/temperature_sweep/models/1b5aA00_target_target_T0.1_4.pdb.gz,monomer,full_dbs,2020-05-14,ok,
1b5aA00|target|target|T0.1|3,1b5aA00|target|target,1b5aA00,0.1,target,0.8754234399977359,82.54968085106383,1.1613087775000768,3.2897,file_order,46,94,0,9502af7155170eea7a848e6c3a801f27b587cdb0c90338916473c927ed4843cf,public_data/benchmark/gate0/temperature_sweep/models/1b5aA00_target_target_T0.1_3.pdb.gz,monomer,full_dbs,2020-05-14,ok,
1b5aA00|target|target|T0.1|5,1b5aA00|target|target,1b5aA00,0.1,target,0.89384558886203,83.75117021276596,1.5145904222342217,2.9372,file_order,46,94,0,9502af7155170eea7a848e6c3a801f27b587cdb0c90338916473c927ed4843cf,public_data/benchmark/gate0/temperature_sweep/models/1b5aA00_target_target_T0.1_5.pdb.gz,monomer,full_dbs,2020-05-14,ok,
1b5aA00|target|target|T0.1|6,1b5aA00|target|target,1b5aA00,0.1,target,0.9085947073227411,79.2531914893617,1.561358000335436,3.8364,file_order,46,94,0,9502af7155170eea7a848e6c3a801f27b587cdb0c90338916473c927ed4843cf,public_data/benchmark/gate0/temperature_sweep/models/1b5aA00_target_target_T0.1_6.pdb.gz,monomer,full_dbs,2020-05-14,ok,
1b5aA00|target|target|T0.1|7,1b5aA00|target|target,1b5aA00,0.1,target,0.9042644298229897,80.4341489361702,1.4819526851780758,3.2928,file_order,46,94,0,9502af7155170eea7a848e6c3a801f27b587cdb0c90338916473c927ed4843cf,public_data/benchmark/gate0/temperature_sweep/models/1b5aA00_target_target_T0.1_7.pdb.gz,monomer,full_dbs,2020-05-14,ok,
1b5aA00|target|target|T0.2|0,1b5aA00|target|target,1b5aA00,0.2,target,0.8359655089902447,79.94,1.5401237591525798,3.8696,file_order,46,94,0,9502af7155170eea7a848e6c3a801f27b587cdb0c90338916473c927ed4843cf,public_data/benchmark/gate0/temperature_sweep/models/1b5aA00_target_target_T0.2_0.pdb.gz,monomer,full_dbs,2020-05-14,ok,
1b5aA00|target|target|T0.2|1,1b5aA00|target|target,1b5aA00,0.2,target,0.874024534451703,87.50861702127659,1.3260930377283928,3.4959,file_order,46,94,0,9502af7155170eea7a848e6c3a801f27b587cdb0c90338916473c927ed4843cf,public_data/benchmark/gate0/temperature_sweep/models/1b5aA00_target_target_T0.2_1.pdb.gz,monomer,full_dbs,2020-05-14,ok,
1b5aA00|target|target|T0.2|2,1b5aA00|target|target,1b5aA00,0.2,target,0.8695057457338948,83.25170212765957,1.43567003793464,3.6079,file_order,46,94,0,9502af7155170eea7a848e6c3a801f27b587cdb0c90338916473c927ed4843cf,public_data/benchmark/gate0/temperature_sweep/models/1b5aA00_target_target_T0.2_2.pdb.gz,monomer,full_dbs,2020-05-14,ok,
1b5aA00|target|target|T0.2|4,1b5aA00|target|target,1b5aA00,0.2,target,0.8297462256026219,80.96893617021277,1.0233922257234473,4.0023,file_order,46,94,0,9502af7155170eea7a848e6c3a801f27b587cdb0c90338916473c927ed4843cf,public_data/benchmark/gate0/temperature_sweep/models/1b5aA00_target_target_T0.2_4.pdb.gz,monomer,full_dbs,2020-05-14,ok,
1b5aA00|target|target|T0.2|5,1b5aA00|target|target,1b5aA00,0.2,target,0.8312438030340921,85.47457446808511,1.1546578681243442,3.4661,file_order,46,94,0,9502af7155170eea7a848e6c3a801f27b587cdb0c90338916473c927ed4843cf,public_data/benchmark/gate0/temperature_sweep/models/1b5aA00_target_target_T0.2_5.pdb.gz,monomer,full_dbs,2020-05-14,ok,
1b5aA00|target|target|T0.2|3,1b5aA00|target|target,1b5aA00,0.2,target,0.8053384164084221,81.37053191489362,1.2719288506724138,3.7256,file_order,46,94,0,9502af7155170eea7a848e6c3a801f27b587cdb0c90338916473c927ed4843cf,public_data/benchmark/gate0/temperature_sweep/models/1b5aA00_target_target_T0.2_3.pdb.gz,monomer,full_dbs,2020-05-14,ok,
1b5aA00|target|target|T0.2|6,1b5aA00|target|target,1b5aA00,0.2,target,0.911382901842072,82.82659574468084,1.4117895699668046,3.726,file_order,46,94,0,9502af7155170eea7a848e6c3a801f27b587cdb0c90338916473c927ed4843cf,public_data/benchmark/gate0/temperature_sweep/models/1b5aA00_target_target_T0.2_6.pdb.gz,monomer,full_dbs,2020-05-14,ok,
1b5aA00|target|target|T0.2|7,1b5aA00|target|target,1b5aA00,0.2,target,0.8946504237612208,83.5504255319149,1.062026573955072,3.584,file_order,46,94,0,9502af7155170eea7a848e6c3a801f27b587cdb0c90338916473c927ed4843cf,public_data/benchmark/gate0/temperature_sweep/models/1b5aA00_target_target_T0.2_7.pdb.gz,monomer,full_dbs,2020-05-14,ok,
1b5aA00|target|target|T0.3|0,1b5aA00|target|target,1b5aA00,0.3,target,0.8365481949806592,84.14265957446808,1.3429192774475216,3.3086,file_order,46,94,0,9502af7155170eea7a848e6c3a801f27b587cdb0c90338916473c927ed4843cf,public_data/benchmark/gate0/temperature_sweep/models/1b5aA00_target_target_T0.3_0.pdb.gz,monomer,full_dbs,2020-05-14,ok,
1b5aA00|target|target|T0.3|1,1b5aA00|target|target,1b5aA00,0.3,target,0.871663158422065,82.08148936170213,1.5711475117502918,3.477,file_order,46,94,0,9502af7155170eea7a848e6c3a801f27b587cdb0c90338916473c927ed4843cf,public_data/benchmark/gate0/temperature_sweep/models/1b5aA00_target_target_T0.3_1.pdb.gz,monomer,full_dbs,2020-05-14,ok,
1b5aA00|target|target|T0.3|2,1b5aA00|target|target,1b5aA00,0.3,target,0.844810853208393,84.97191489361701,1.4981616741923716,2.6406,file_order,46,94,0,9502af7155170eea7a848e6c3a801f27b587cdb0c90338916473c927ed4843cf,public_data/benchmark/gate0/temperature_sweep/models/1b5aA00_target_target_T0.3_2.pdb.gz,monomer,full_dbs,2020-05-14,ok,
1b5aA00|target|target|T0.3|3,1b5aA00|target|target,1b5aA00,0.3,target,0.8106198073038409,80.57531914893617,1.2297497934684498,4.2323,file_order,46,94,0,9502af7155170eea7a848e6c3a801f27b587cdb0c90338916473c927ed4843cf,public_data/benchmark/gate0/temperature_sweep/models/1b5aA00_target_target_T0.3_3.pdb.gz,monomer,full_dbs,2020-05-14,ok,
1b5aA00|target|target|T0.3|4,1b5aA00|target|target,1b5aA00,0.3,target,0.8641021198952787,87.19861702127659,1.3991758376941024,3.4194,file_order,46,94,0,9502af7155170eea7a848e6c3a801f27b587cdb0c90338916473c927ed4843cf,public_data/benchmark/gate0/temperature_sweep/models/1b5aA00_target_target_T0.3_4.pdb.gz,monomer,full_dbs,2020-05-14,ok,
1b5aA00|target|target|T0.3|5,1b5aA00|target|target,1b5aA00,0.3,target,0.8368389128962332,82.22563829787234,1.165357605408047,3.7805,file_order,46,94,0,9502af7155170eea7a848e6c3a801f27b587cdb0c90338916473c927ed4843cf,public_data/benchmark/gate0/temperature_sweep/models/1b5aA00_target_target_T0.3_5.pdb.gz,monomer,full_dbs,2020-05-14,ok,
1b5aA00|target|target|T0.3|6,1b5aA00|target|target,1b5aA00,0.3,target,0.9082406865115142,85.59851063829788,1.3096085415075498,4.1632,file_order,46,94,0,9502af7155170eea7a848e6c3a801f27b587cdb0c90338916473c927ed4843cf,public_data/benchmark/gate0/temperature_sweep/models/1b5aA00_target_target_T0.3_6.pdb.gz,monomer,full_dbs,2020-05-14,ok,
1bctA00|target|target|T0.05|0,1bctA00|target|target,1bctA00,0.05,target,0.996950018821123,92.96130434782609,11.447349860677335,12.0702,file_order,60,69,0,581444975de395852bdef0c4360ff493dfac3462ba962f7b9c0c39c44207fd36,public_data/benchmark/gate0/temperature_sweep/models/1bctA00_target_target_T0.05_0.pdb.gz,monomer,full_dbs,2020-05-14,ok,
1b5aA00|target|target|T0.3|7,1b5aA00|target|target,1b5aA00,0.3,target,0.8220996856153231,82.23968085106382,1.2648293544780815,3.2076,file_order,46,94,0,9502af7155170eea7a848e6c3a801f27b587cdb0c90338916473c927ed4843cf,public_data/benchmark/gate0/temperature_sweep/models/1b5aA00_target_target_T0.3_7.pdb.gz,monomer,full_dbs,2020-05-14,ok,
1bctA00|target|target|T0.05|1,1bctA00|target|target,1bctA00,0.05,target,0.9966156974444467,94.55507246376811,11.546065656592937,12.7178,file_order,60,69,0,581444975de395852bdef0c4360ff493dfac3462ba962f7b9c0c39c44207fd36,public_data/benchmark/gate0/temperature_sweep/models/1bctA00_target_target_T0.05_1.pdb.gz,monomer,full_dbs,2020-05-14,ok,
1bctA00|target|target|T0.05|2,1bctA00|target|target,1bctA00,0.05,target,0.9968966777895599,94.31681159420289,11.337459180132498,12.5502,file_order,60,69,0,581444975de395852bdef0c4360ff493dfac3462ba962f7b9c0c39c44207fd36,public_data/benchmark/gate0/temperature_sweep/models/1bctA00_target_target_T0.05_2.pdb.gz,monomer,full_dbs,2020-05-14,ok,
1bctA00|target|target|T0.05|3,1bctA00|target|target,1bctA00,0.05,target,0.9956867418858182,93.16782608695652,11.097552965727195,11.6781,file_order,60,69,0,581444975de395852bdef0c4360ff493dfac3462ba962f7b9c0c39c44207fd36,public_data/benchmark/gate0/temperature_sweep/models/1bctA00_target_target_T0.05_3.pdb.gz,monomer,full_dbs,2020-05-14,ok,
1bctA00|target|target|T0.05|4,1bctA00|target|target,1bctA00,0.05,target,0.2190340510141965,97.13333333333333,10.765101133700055,11.4102,file_order,60,69,0,581444975de395852bdef0c4360ff493dfac3462ba962f7b9c0c39c44207fd36,public_data/benchmark/gate0/temperature_sweep/models/1bctA00_target_target_T0.05_4.pdb.gz,monomer,full_dbs,2020-05-14,ok,
1bctA00|target|target|T0.05|5,1bctA00|target|target,1bctA00,0.05,target,0.9559138339593349,94.69652173913045,10.6503916147886,11.2374,file_order,60,69,0,581444975de395852bdef0c4360ff493dfac3462ba962f7b9c0c39c44207fd36,public_data/benchmark/gate0/temperature_sweep/models/1bctA00_target_target_T0.05_5.pdb.gz,monomer,full_dbs,2020-05-14,ok,
1bctA00|target|target|T0.05|6,1bctA00|target|target,1bctA00,0.05,target,0.9984498095431334,94.84913043478261,11.327462684616805,12.7257,file_order,60,69,0,581444975de395852bdef0c4360ff493dfac3462ba962f7b9c0c39c44207fd36,public_data/benchmark/gate0/temperature_sweep/models/1bctA00_target_target_T0.05_6.pdb.gz,monomer,full_dbs,2020-05-14,ok,
1bctA00|target|target|T0.1|0,1bctA00|target|target,1bctA00,0.1,target,0.9966156974444467,95.80463768115942,11.126733140947913,11.7291,file_order,60,69,0,581444975de395852bdef0c4360ff493dfac3462ba962f7b9c0c39c44207fd36,public_data/benchmark/gate0/temperature_sweep/models/1bctA00_target_target_T0.1_0.pdb.gz,monomer,full_dbs,2020-05-14,ok,
1bctA00|target|target|T0.1|2,1bctA00|target|target,1bctA00,0.1,target,0.9986969440418142,96.22246376811594,11.529148256367108,12.649,file_order,60,69,0,581444975de395852bdef0c4360ff493dfac3462ba962f7b9c0c39c44207fd36,public_data/benchmark/gate0/temperature_sweep/models/1bctA00_target_target_T0.1_2.pdb.gz,monomer,full_dbs,2020-05-14,ok,
1bctA00|target|target|T0.1|3,1bctA00|target|target,1bctA00,0.1,target,0.9810363766495843,94.18927536231885,11.29562896485796,11.9905,file_order,60,69,0,581444975de395852bdef0c4360ff493dfac3462ba962f7b9c0c39c44207fd36,public_data/benchmark/gate0/temperature_sweep/models/1bctA00_target_target_T0.1_3.pdb.gz,monomer,full_dbs,2020-05-14,ok,
1bctA00|target|target|T0.05|7,1bctA00|target|target,1bctA00,0.05,target,0.9793491236514902,96.12463768115943,9.914533952051848,10.4871,file_order,60,69,0,581444975de395852bdef0c4360ff493dfac3462ba962f7b9c0c39c44207fd36,public_data/benchmark/gate0/temperature_sweep/models/1bctA00_target_target_T0.05_7.pdb.gz,monomer,full_dbs,2020-05-14,ok,
1bctA00|target|target|T0.1|4,1bctA00|target|target,1bctA00,0.1,target,0.9971626092787533,94.26927536231884,11.397341592323672,12.5881,file_order,60,69,0,581444975de395852bdef0c4360ff493dfac3462ba962f7b9c0c39c44207fd36,public_data/benchmark/gate0/temperature_sweep/models/1bctA00_target_target_T0.1_4.pdb.gz,monomer,full_dbs,2020-05-14,ok,
1bctA00|target|target|T0.1|1,1bctA00|target|target,1bctA00,0.1,target,0.9976075534875893,96.44101449275362,10.67234726941518,11.2711,file_order,60,69,0,581444975de395852bdef0c4360ff493dfac3462ba962f7b9c0c39c44207fd36,public_data/benchmark/gate0/temperature_sweep/models/1bctA00_target_target_T0.1_1.pdb.gz,monomer,full_dbs,2020-05-14,ok,
1bctA00|target|target|T0.1|5,1bctA00|target|target,1bctA00,0.1,target,0.9976075534875893,95.82492753623188,11.332935584683494,12.2566,file_order,60,69,0,581444975de395852bdef0c4360ff493dfac3462ba962f7b9c0c39c44207fd36,public_data/benchmark/gate0/temperature_sweep/models/1bctA00_target_target_T0.1_5.pdb.gz,monomer,full_dbs,2020-05-14,ok,
1bctA00|target|target|T0.2|0,1bctA00|target|target,1bctA00,0.2,target,0.993797134537249,93.18231884057971,10.708484128090717,11.1728,file_order,60,69,0,581444975de395852bdef0c4360ff493dfac3462ba962f7b9c0c39c44207fd36,public_data/benchmark/gate0/temperature_sweep/models/1bctA00_target_target_T0.2_0.pdb.gz,monomer,full_dbs,2020-05-14,ok,
1bctA00|target|target|T0.1|6,1bctA00|target|target,1bctA00,0.1,target,0.998314099504387,95.23144927536232,11.296316929825782,12.4557,file_order,60,69,0,581444975de395852bdef0c4360ff493dfac3462ba962f7b9c0c39c44207fd36,public_data/benchmark/gate0/temperature_sweep/models/1bctA00_target_target_T0.1_6.pdb.gz,monomer,full_dbs,2020-05-14,ok,
1bctA00|target|target|T0.1|7,1bctA00|target|target,1bctA00,0.1,target,0.9970024457644708,95.17884057971014,11.19856715004347,11.9374,file_order,60,69,0,581444975de395852bdef0c4360ff493dfac3462ba962f7b9c0c39c44207fd36,public_data/benchmark/gate0/temperature_sweep/models/1bctA00_target_target_T0.1_7.pdb.gz,monomer,full_dbs,2020-05-14,ok,
1bctA00|target|target|T0.2|2,1bctA00|target|target,1bctA00,0.2,target,0.9793491236514902,95.84101449275362,10.705486280737071,11.3075,file_order,60,69,0,581444975de395852bdef0c4360ff493dfac3462ba962f7b9c0c39c44207fd36,public_data/benchmark/gate0/temperature_sweep/models/1bctA00_target_target_T0.2_2.pdb.gz,monomer,full_dbs,2020-05-14,ok,
1bctA00|target|target|T0.2|5,1bctA00|target|target,1bctA00,0.2,target,0.9976075534875893,95.05333333333334,11.923586261880713,12.7115,file_order,60,69,0,581444975de395852bdef0c4360ff493dfac3462ba962f7b9c0c39c44207fd36,public_data/benchmark/gate0/temperature_sweep/models/1bctA00_target_target_T0.2_5.pdb.gz,monomer,full_dbs,2020-05-14,ok,
1bctA00|target|target|T0.2|1,1bctA00|target|target,1bctA00,0.2,target,0.08990604926641842,97.02623188405798,10.815807152438452,11.4459,file_order,60,69,0,581444975de395852bdef0c4360ff493dfac3462ba962f7b9c0c39c44207fd36,public_data/benchmark/gate0/temperature_sweep/models/1bctA00_target_target_T0.2_1.pdb.gz,monomer,full_dbs,2020-05-14,ok,
1bctA00|target|target|T0.2|4,1bctA00|target|target,1bctA00,0.2,target,0.9986969440418142,96.13231884057971,11.772583683207365,12.9223,file_order,60,69,0,581444975de395852bdef0c4360ff493dfac3462ba962f7b9c0c39c44207fd36,public_data/benchmark/gate0/temperature_sweep/models/1bctA00_target_target_T0.2_4.pdb.gz,monomer,full_dbs,2020-05-14,ok,
1bctA00|target|target|T0.2|3,1bctA00|target|target,1bctA00,0.2,target,0.9290491271321507,95.22695652173913,11.000030094054422,11.7226,file_order,60,69,0,581444975de395852bdef0c4360ff493dfac3462ba962f7b9c0c39c44207fd36,public_data/benchmark/gate0/temperature_sweep/models/1bctA00_target_target_T0.2_3.pdb.gz,monomer,full_dbs,2020-05-14,ok,
1bctA00|target|target|T0.2|7,1bctA00|target|target,1bctA00,0.2,target,0.9479752435008023,96.55173913043478,10.531786565740646,11.0589,file_order,60,69,0,581444975de395852bdef0c4360ff493dfac3462ba962f7b9c0c39c44207fd36,public_data/benchmark/gate0/temperature_sweep/models/1bctA00_target_target_T0.2_7.pdb.gz,monomer,full_dbs,2020-05-14,ok,
1bctA00|target|target|T0.3|0,1bctA00|target|target,1bctA00,0.3,target,0.9886578908774832,95.2163768115942,10.673154504290675,11.3,file_order,60,69,0,581444975de395852bdef0c4360ff493dfac3462ba962f7b9c0c39c44207fd36,public_data/benchmark/gate0/temperature_sweep/models/1bctA00_target_target_T0.3_0.pdb.gz,monomer,full_dbs,2020-05-14,ok,
1bctA00|target|target|T0.3|1,1bctA00|target|target,1bctA00,0.3,target,0.9959754293269376,94.94463768115942,10.766942066940723,11.3605,file_order,60,69,0,581444975de395852bdef0c4360ff493dfac3462ba962f7b9c0c39c44207fd36,public_data/benchmark/gate0/temperature_sweep/models/1bctA00_target_target_T0.3_1.pdb.gz,monomer,full_dbs,2020-05-14,ok,
1bctA00|target|target|T0.2|6,1bctA00|target|target,1bctA00,0.2,target,0.9867615683201816,94.9859420289855,10.511664843138465,11.1127,file_order,60,69,0,581444975de395852bdef0c4360ff493dfac3462ba962f7b9c0c39c44207fd36,public_data/benchmark/gate0/temperature_sweep/models/1bctA00_target_target_T0.2_6.pdb.gz,monomer,full_dbs,2020-05-14,ok,
1bctA00|target|target|T0.3|3,1bctA00|target|target,1bctA00,0.3,target,0.9810363766495843,96.09855072463769,10.94135839148522,11.3165,file_order,60,69,0,581444975de395852bdef0c4360ff493dfac3462ba962f7b9c0c39c44207fd36,public_data/benchmark/gate0/temperature_sweep/models/1bctA00_target_target_T0.3_3.pdb.gz,monomer,full_dbs,2020-05-14,ok,
1bctA00|target|target|T0.3|4,1bctA00|target|target,1bctA00,0.3,target,0.9959754293269376,91.62797101449276,10.794539265282426,11.1497,file_order,60,69,0,581444975de395852bdef0c4360ff493dfac3462ba962f7b9c0c39c44207fd36,public_data/benchmark/gate0/temperature_sweep/models/1bctA00_target_target_T0.3_4.pdb.gz,monomer,full_dbs,2020-05-14,ok,
1bctA00|target|target|T0.3|2,1bctA00|target|target,1bctA00,0.3,target,0.30965362497278404,95.9972463768116,11.507193626520316,12.7,file_order,60,69,0,581444975de395852bdef0c4360ff493dfac3462ba962f7b9c0c39c44207fd36,public_data/benchmark/gate0/temperature_sweep/models/1bctA00_target_target_T0.3_2.pdb.gz,monomer,full_dbs,2020-05-14,ok,
1bctA00|target|target|T0.3|7,1bctA00|target|target,1bctA00,0.3,target,0.9813572322343871,95.69884057971015,10.228678396634985,10.7159,file_order,60,69,0,581444975de395852bdef0c4360ff493dfac3462ba962f7b9c0c39c44207fd36,public_data/benchmark/gate0/temperature_sweep/models/1bctA00_target_target_T0.3_7.pdb.gz,monomer,full_dbs,2020-05-14,ok,
1bctA00|target|target|T0.3|6,1bctA00|target|target,1bctA00,0.3,target,0.9816727605104382,86.79463768115941,11.558089465148607,12.7684,file_order,60,69,0,581444975de395852bdef0c4360ff493dfac3462ba962f7b9c0c39c44207fd36,public_data/benchmark/gate0/temperature_sweep/models/1bctA00_target_target_T0.3_6.pdb.gz,monomer,full_dbs,2020-05-14,ok,
1bg5A03|target|target|T0.05|0,1bg5A03|target|target,1bg5A03,0.05,target,0.8278397261833574,84.29003937007873,1.2359090499781857,21.456,file_order,85,254,0,cc43b5269643a1bc7e2279fe9d15f2ee54aed1170709c1644fe753aebf072198,public_data/benchmark/gate0/temperature_sweep/models/1bg5A03_target_target_T0.05_0.pdb.gz,monomer,full_dbs,2020-05-14,ok,
1bctA00|target|target|T0.3|5,1bctA00|target|target,1bctA00,0.3,target,0.9961792415808738,94.70971014492754,11.361324405635028,12.2985,file_order,60,69,0,581444975de395852bdef0c4360ff493dfac3462ba962f7b9c0c39c44207fd36,public_data/benchmark/gate0/temperature_sweep/models/1bctA00_target_target_T0.3_5.pdb.gz,monomer,full_dbs,2020-05-14,ok,
1bg5A03|target|target|T0.05|1,1bg5A03|target|target,1bg5A03,0.05,target,0.7794595525615567,82.09570866141733,1.9446420589486215,22.9238,file_order,85,254,0,cc43b5269643a1bc7e2279fe9d15f2ee54aed1170709c1644fe753aebf072198,public_data/benchmark/gate0/temperature_sweep/models/1bg5A03_target_target_T0.05_1.pdb.gz,monomer,full_dbs,2020-05-14,ok,
1bg5A03|target|target|T0.05|2,1bg5A03|target|target,1bg5A03,0.05,target,0.797825046670435,83.59913385826772,1.7412819221565672,24.192,file_order,85,254,0,cc43b5269643a1bc7e2279fe9d15f2ee54aed1170709c1644fe753aebf072198,public_data/benchmark/gate0/temperature_sweep/models/1bg5A03_target_target_T0.05_2.pdb.gz,monomer,full_dbs,2020-05-14,ok,
1bg5A03|target|target|T0.05|3,1bg5A03|target|target,1bg5A03,0.05,target,0.8235333937359977,81.40964566929134,1.0643706742124102,22.3882,file_order,85,254,0,cc43b5269643a1bc7e2279fe9d15f2ee54aed1170709c1644fe753aebf072198,public_data/benchmark/gate0/temperature_sweep/models/1bg5A03_target_target_T0.05_3.pdb.gz,monomer,full_dbs,2020-05-14,ok,
1bg5A03|target|target|T0.05|5,1bg5A03|target|target,1bg5A03,0.05,target,0.7860204503381067,79.92145669291338,1.3999764154329022,18.7355,file_order,85,254,0,cc43b5269643a1bc7e2279fe9d15f2ee54aed1170709c1644fe753aebf072198,public_data/benchmark/gate0/temperature_sweep/models/1bg5A03_target_target_T0.05_5.pdb.gz,monomer,full_dbs,2020-05-14,ok,
1bg5A03|target|target|T0.05|4,1bg5A03|target|target,1bg5A03,0.05,target,0.7275454627437752,79.29826771653542,1.5804108893284552,12.4319,file_order,85,254,0,cc43b5269643a1bc7e2279fe9d15f2ee54aed1170709c1644fe753aebf072198,public_data/benchmark/gate0/temperature_sweep/models/1bg5A03_target_target_T0.05_4.pdb.gz,monomer,full_dbs,2020-05-14,ok,
1bg5A03|target|target|T0.1|0,1bg5A03|target|target,1bg5A03,0.1,target,0.8093796369699076,86.13484251968504,1.4002650289304495,22.7804,file_order,85,254,0,cc43b5269643a1bc7e2279fe9d15f2ee54aed1170709c1644fe753aebf072198,public_data/benchmark/gate0/temperature_sweep/models/1bg5A03_target_target_T0.1_0.pdb.gz,monomer,full_dbs,2020-05-14,ok,
1bg5A03|target|target|T0.05|6,1bg5A03|target|target,1bg5A03,0.05,target,0.8036044413621088,79.89877952755906,1.3382170644109304,20.1972,file_order,85,254,0,cc43b5269643a1bc7e2279fe9d15f2ee54aed1170709c1644fe753aebf072198,public_data/benchmark/gate0/temperature_sweep/models/1bg5A03_target_target_T0.05_6.pdb.gz,monomer,full_dbs,2020-05-14,ok,
1bg5A03|target|target|T0.05|7,1bg5A03|target|target,1bg5A03,0.05,target,0.8247885988542419,83.21177165354331,0.9664123427215319,18.0936,file_order,85,254,0,cc43b5269643a1bc7e2279fe9d15f2ee54aed1170709c1644fe753aebf072198,public_data/benchmark/gate0/temperature_sweep/models/1bg5A03_target_target_T0.05_7.pdb.gz,monomer,full_dbs,2020-05-14,ok,
1bg5A03|target|target|T0.1|1,1bg5A03|target|target,1bg5A03,0.1,target,0.7941167548488035,79.75866141732284,1.4769712936511117,21.8709,file_order,85,254,0,cc43b5269643a1bc7e2279fe9d15f2ee54aed1170709c1644fe753aebf072198,public_data/benchmark/gate0/temperature_sweep/models/1bg5A03_target_target_T0.1_1.pdb.gz,monomer,full_dbs,2020-05-14,ok,
1bg5A03|target|target|T0.1|2,1bg5A03|target|target,1bg5A03,0.1,target,0.7337437744419003,79.29287401574803,1.2865445590805704,21.4008,file_order,85,254,0,cc43b5269643a1bc7e2279fe9d15f2ee54aed1170709c1644fe753aebf072198,public_data/benchmark/gate0/temperature_sweep/models/1bg5A03_target_target_T0.1_2.pdb.gz,monomer,full_dbs,2020-05-14,ok,
1bg5A03|target|target|T0.1|3,1bg5A03|target|target,1bg5A03,0.1,target,0.6997240697788987,80.78578740157481,1.3753961912528472,20.7279,file_order,85,254,0,cc43b5269643a1bc7e2279fe9d15f2ee54aed1170709c1644fe753aebf072198,public_data/benchmark/gate0/temperature_sweep/models/1bg5A03_target_target_T0.1_3.pdb.gz,monomer,full_dbs,2020-05-14,ok,
1bg5A03|target|target|T0.1|4,1bg5A03|target|target,1bg5A03,0.1,target,0.7640688919127455,77.28311023622047,1.825577125531868,13.8823,file_order,85,254,0,cc43b5269643a1bc7e2279fe9d15f2ee54aed1170709c1644fe753aebf072198,public_data/benchmark/gate0/temperature_sweep/models/1bg5A03_target_target_T0.1_4.pdb.gz,monomer,full_dbs,2020-05-14,ok,
1bg5A03|target|target|T0.1|5,1bg5A03|target|target,1bg5A03,0.1,target,0.7708140331156662,80.50299212598425,1.6654742507651488,17.8884,file_order,85,254,0,cc43b5269643a1bc7e2279fe9d15f2ee54aed1170709c1644fe753aebf072198,public_data/benchmark/gate0/temperature_sweep/models/1bg5A03_target_target_T0.1_5.pdb.gz,monomer,full_dbs,2020-05-14,ok,
1bg5A03|target|target|T0.1|6,1bg5A03|target|target,1bg5A03,0.1,target,0.7691405372297461,82.0486220472441,1.838347364416397,17.7679,file_order,85,254,0,cc43b5269643a1bc7e2279fe9d15f2ee54aed1170709c1644fe753aebf072198,public_data/benchmark/gate0/temperature_sweep/models/1bg5A03_target_target_T0.1_6.pdb.gz,monomer,full_dbs,2020-05-14,ok,
1bg5A03|target|target|T0.1|7,1bg5A03|target|target,1bg5A03,0.1,target,0.7485447866518261,81.31125984251969,1.2418845244690313,13.1885,file_order,85,254,0,cc43b5269643a1bc7e2279fe9d15f2ee54aed1170709c1644fe753aebf072198,public_data/benchmark/gate0/temperature_sweep/models/1bg5A03_target_target_T0.1_7.pdb.gz,monomer,full_dbs,2020-05-14,ok,
1bg5A03|target|target|T0.2|0,1bg5A03|target|target,1bg5A03,0.2,target,0.7942454615191056,84.51232283464567,1.3575080432494866,21.1493,file_order,85,254,0,cc43b5269643a1bc7e2279fe9d15f2ee54aed1170709c1644fe753aebf072198,public_data/benchmark/gate0/temperature_sweep/models/1bg5A03_target_target_T0.2_0.pdb.gz,monomer,full_dbs,2020-05-14,ok,
1bg5A03|target|target|T0.2|1,1bg5A03|target|target,1bg5A03,0.2,target,0.7294144043651289,77.86161417322835,1.7177313090867623,15.9862,file_order,85,254,0,cc43b5269643a1bc7e2279fe9d15f2ee54aed1170709c1644fe753aebf072198,public_data/benchmark/gate0/temperature_sweep/models/1bg5A03_target_target_T0.2_1.pdb.gz,monomer,full_dbs,2020-05-14,ok,
1bg5A03|target|target|T0.2|2,1bg5A03|target|target,1bg5A03,0.2,target,0.6397618618569219,78.35468503937008,1.6893430257572466,22.1461,file_order,85,254,0,cc43b5269643a1bc7e2279fe9d15f2ee54aed1170709c1644fe753aebf072198,public_data/benchmark/gate0/temperature_sweep/models/1bg5A03_target_target_T0.2_2.pdb.gz,monomer,full_dbs,2020-05-14,ok,
1bg5A03|target|target|T0.2|3,1bg5A03|target|target,1bg5A03,0.2,target,0.6130515341824083,77.35062992125985,1.3412023488689846,17.9415,file_order,85,254,0,cc43b5269643a1bc7e2279fe9d15f2ee54aed1170709c1644fe753aebf072198,public_data/benchmark/gate0/temperature_sweep/models/1bg5A03_target_target_T0.2_3.pdb.gz,monomer,full_dbs,2020-05-14,ok,
1bg5A03|target|target|T0.2|4,1bg5A03|target|target,1bg5A03,0.2,target,0.7798653530507936,81.61582677165353,1.297280338184571,19.7638,file_order,85,254,0,cc43b5269643a1bc7e2279fe9d15f2ee54aed1170709c1644fe753aebf072198,public_data/benchmark/gate0/temperature_sweep/models/1bg5A03_target_target_T0.2_4.pdb.gz,monomer,full_dbs,2020-05-14,ok,
1bg5A03|target|target|T0.2|5,1bg5A03|target|target,1bg5A03,0.2,target,0.8193760639076532,78.93370078740158,1.547008621785343,15.4915,file_order,85,254,0,cc43b5269643a1bc7e2279fe9d15f2ee54aed1170709c1644fe753aebf072198,public_data/benchmark/gate0/temperature_sweep/models/1bg5A03_target_target_T0.2_5.pdb.gz,monomer,full_dbs,2020-05-14,ok,
1bg5A03|target|target|T0.2|6,1bg5A03|target|target,1bg5A03,0.2,target,0.6781312174497749,81.90429133858267,1.2901234291165233,12.6004,file_order,85,254,0,cc43b5269643a1bc7e2279fe9d15f2ee54aed1170709c1644fe753aebf072198,public_data/benchmark/gate0/temperature_sweep/models/1bg5A03_target_target_T0.2_6.pdb.gz,monomer,full_dbs,2020-05-14,ok,
1bg5A03|target|target|T0.2|7,1bg5A03|target|target,1bg5A03,0.2,target,0.7708140331156662,78.75854330708661,0.9226676240632258,18.3572,file_order,85,254,0,cc43b5269643a1bc7e2279fe9d15f2ee54aed1170709c1644fe753aebf072198,public_data/benchmark/gate0/temperature_sweep/models/1bg5A03_target_target_T0.2_7.pdb.gz,monomer,full_dbs,2020-05-14,ok,
1bg5A03|target|target|T0.3|0,1bg5A03|target|target,1bg5A03,0.3,target,0.7695597115728102,82.54452755905513,1.100371625389963,13.0107,file_order,85,254,0,cc43b5269643a1bc7e2279fe9d15f2ee54aed1170709c1644fe753aebf072198,public_data/benchmark/gate0/temperature_sweep/models/1bg5A03_target_target_T0.3_0.pdb.gz,monomer,full_dbs,2020-05-14,ok,
1bg5A03|target|target|T0.3|1,1bg5A03|target|target,1bg5A03,0.3,target,0.5625446986596646,76.94346456692914,1.6206266125987498,8.5679,file_order,85,254,0,cc43b5269643a1bc7e2279fe9d15f2ee54aed1170709c1644fe753aebf072198,public_data/benchmark/gate0/temperature_sweep/models/1bg5A03_target_target_T0.3_1.pdb.gz,monomer,full_dbs,2020-05-14,ok,
1bg5A03|target|target|T0.3|2,1bg5A03|target|target,1bg5A03,0.3,target,0.8305163760092196,89.05598425196851,1.2187058397356785,15.6349,file_order,85,254,0,cc43b5269643a1bc7e2279fe9d15f2ee54aed1170709c1644fe753aebf072198,public_data/benchmark/gate0/temperature_sweep/models/1bg5A03_target_target_T0.3_2.pdb.gz,monomer,full_dbs,2020-05-14,ok,
1bg5A03|target|target|T0.3|3,1bg5A03|target|target,1bg5A03,0.3,target,0.7912701199659701,80.83433070866141,2.0804298309074887,14.1423,file_order,85,254,0,cc43b5269643a1bc7e2279fe9d15f2ee54aed1170709c1644fe753aebf072198,public_data/benchmark/gate0/temperature_sweep/models/1bg5A03_target_target_T0.3_3.pdb.gz,monomer,full_dbs,2020-05-14,ok,
1bg5A03|target|target|T0.3|4,1bg5A03|target|target,1bg5A03,0.3,target,0.8150240983341926,77.61472440944881,1.398850531286989,13.5786,file_order,85,254,0,cc43b5269643a1bc7e2279fe9d15f2ee54aed1170709c1644fe753aebf072198,public_data/benchmark/gate0/temperature_sweep/models/1bg5A03_target_target_T0.3_4.pdb.gz,monomer,full_dbs,2020-05-14,ok,
1bg5A03|target|target|T0.3|5,1bg5A03|target|target,1bg5A03,0.3,target,0.8179734264822774,73.84094488188975,2.2820694216846276,9.0804,file_order,85,254,0,cc43b5269643a1bc7e2279fe9d15f2ee54aed1170709c1644fe753aebf072198,public_data/benchmark/gate0/temperature_sweep/models/1bg5A03_target_target_T0.3_5.pdb.gz,monomer,full_dbs,2020-05-14,ok,
1bg5A03|target|target|T0.3|6,1bg5A03|target|target,1bg5A03,0.3,target,0.8549954106511454,85.08783464566929,1.1974959496387585,9.8765,file_order,85,254,0,cc43b5269643a1bc7e2279fe9d15f2ee54aed1170709c1644fe753aebf072198,public_data/benchmark/gate0/temperature_sweep/models/1bg5A03_target_target_T0.3_6.pdb.gz,monomer,full_dbs,2020-05-14,ok,
1bxmA00|target|target|T0.05|0,1bxmA00|target|target,1bxmA00,0.05,target,0.7030783422260646,96.23440000000001,0.4848760732830417,0.9811,file_order,65,100,1,be06ed992e4c767adbe13dee36c93d9b73bf0a371e802e5b23b9e079a50cdb53,public_data/benchmark/gate0/temperature_sweep/models/1bxmA00_target_target_T0.05_0.pdb.gz,monomer,full_dbs,2020-05-14,ok,
1bg5A03|target|target|T0.3|7,1bg5A03|target|target,1bg5A03,0.3,target,0.7939879885508557,78.71511811023622,1.1557028517228523,15.3205,file_order,85,254,0,cc43b5269643a1bc7e2279fe9d15f2ee54aed1170709c1644fe753aebf072198,public_data/benchmark/gate0/temperature_sweep/models/1bg5A03_target_target_T0.3_7.pdb.gz,monomer,full_dbs,2020-05-14,ok,
1bxmA00|target|target|T0.05|1,1bxmA00|target|target,1bxmA00,0.05,target,0.5822459279280222,96.00309999999999,0.5022443952751747,1.0144,file_order,65,100,1,be06ed992e4c767adbe13dee36c93d9b73bf0a371e802e5b23b9e079a50cdb53,public_data/benchmark/gate0/temperature_sweep/models/1bxmA00_target_target_T0.05_1.pdb.gz,monomer,full_dbs,2020-05-14,ok,
1bxmA00|target|target|T0.05|2,1bxmA00|target|target,1bxmA00,0.05,target,0.525477914477493,96.8601,0.652114041173774,1.1077,file_order,65,100,1,be06ed992e4c767adbe13dee36c93d9b73bf0a371e802e5b23b9e079a50cdb53,public_data/benchmark/gate0/temperature_sweep/models/1bxmA00_target_target_T0.05_2.pdb.gz,monomer,full_dbs,2020-05-14,ok,
1bxmA00|target|target|T0.05|3,1bxmA00|target|target,1bxmA00,0.05,target,0.4980000106665984,96.19049999999999,0.669897283929801,1.0628,file_order,65,100,1,be06ed992e4c767adbe13dee36c93d9b73bf0a371e802e5b23b9e079a50cdb53,public_data/benchmark/gate0/temperature_sweep/models/1bxmA00_target_target_T0.05_3.pdb.gz,monomer,full_dbs,2020-05-14,ok,
1bxmA00|target|target|T0.05|4,1bxmA00|target|target,1bxmA00,0.05,target,0.7558388990947971,96.17530000000001,0.6429300112533246,0.9858,file_order,65,100,1,be06ed992e4c767adbe13dee36c93d9b73bf0a371e802e5b23b9e079a50cdb53,public_data/benchmark/gate0/temperature_sweep/models/1bxmA00_target_target_T0.05_4.pdb.gz,monomer,full_dbs,2020-05-14,ok,
1bxmA00|target|target|T0.05|5,1bxmA00|target|target,1bxmA00,0.05,target,0.5289675250309517,95.8783,0.49406028354188636,0.975,file_order,65,100,1,be06ed992e4c767adbe13dee36c93d9b73bf0a371e802e5b23b9e079a50cdb53,public_data/benchmark/gate0/temperature_sweep/models/1bxmA00_target_target_T0.05_5.pdb.gz,monomer,full_dbs,2020-05-14,ok,
1bxmA00|target|target|T0.05|6,1bxmA00|target|target,1bxmA00,0.05,target,0.3955599825806374,96.6257,0.4556681479507266,0.9261,file_order,65,100,1,be06ed992e4c767adbe13dee36c93d9b73bf0a371e802e5b23b9e079a50cdb53,public_data/benchmark/gate0/temperature_sweep/models/1bxmA00_target_target_T0.05_6.pdb.gz,monomer,full_dbs,2020-05-14,ok,
1bxmA00|target|target|T0.05|7,1bxmA00|target|target,1bxmA00,0.05,target,0.4250686395094151,97.3057,0.5128242051141202,0.7712,file_order,65,100,1,be06ed992e4c767adbe13dee36c93d9b73bf0a371e802e5b23b9e079a50cdb53,public_data/benchmark/gate0/temperature_sweep/models/1bxmA00_target_target_T0.05_7.pdb.gz,monomer,full_dbs,2020-05-14,ok,
1bxmA00|target|target|T0.1|0,1bxmA00|target|target,1bxmA00,0.1,target,0.5224848247918,96.1784,0.5501928234386265,0.8054,file_order,65,100,1,be06ed992e4c767adbe13dee36c93d9b73bf0a371e802e5b23b9e079a50cdb53,public_data/benchmark/gate0/temperature_sweep/models/1bxmA00_target_target_T0.1_0.pdb.gz,monomer,full_dbs,2020-05-14,ok,
1bxmA00|target|target|T0.1|1,1bxmA00|target|target,1bxmA00,0.1,target,0.6336714513637738,96.4287,0.44729373243797255,0.9394,file_order,65,100,1,be06ed992e4c767adbe13dee36c93d9b73bf0a371e802e5b23b9e079a50cdb53,public_data/benchmark/gate0/temperature_sweep/models/1bxmA00_target_target_T0.1_1.pdb.gz,monomer,full_dbs,2020-05-14,ok,
1bxmA00|target|target|T0.1|2,1bxmA00|target|target,1bxmA00,0.1,target,0.671725582405139,96.6675,0.5237863258300955,0.9917,file_order,65,100,1,be06ed992e4c767adbe13dee36c93d9b73bf0a371e802e5b23b9e079a50cdb53,public_data/benchmark/gate0/temperature_sweep/models/1bxmA00_target_target_T0.1_2.pdb.gz,monomer,full_dbs,2020-05-14,ok,
1bxmA00|target|target|T0.1|3,1bxmA00|target|target,1bxmA00,0.1,target,0.4541293434458062,96.4322,0.5489184791459892,1.0566,file_order,65,100,1,be06ed992e4c767adbe13dee36c93d9b73bf0a371e802e5b23b9e079a50cdb53,public_data/benchmark/gate0/temperature_sweep/models/1bxmA00_target_target_T0.1_3.pdb.gz,monomer,full_dbs,2020-05-14,ok,
1bxmA00|target|target|T0.1|4,1bxmA00|target|target,1bxmA00,0.1,target,0.6699590824057516,96.26950000000001,0.4602772436468972,0.9948,file_order,65,100,1,be06ed992e4c767adbe13dee36c93d9b73bf0a371e802e5b23b9e079a50cdb53,public_data/benchmark/gate0/temperature_sweep/models/1bxmA00_target_target_T0.1_4.pdb.gz,monomer,full_dbs,2020-05-14,ok,
1bxmA00|target|target|T0.1|7,1bxmA00|target|target,1bxmA00,0.1,target,0.6561085065514703,96.7697,0.5858713016369713,1.0673,file_order,65,100,1,be06ed992e4c767adbe13dee36c93d9b73bf0a371e802e5b23b9e079a50cdb53,public_data/benchmark/gate0/temperature_sweep/models/1bxmA00_target_target_T0.1_7.pdb.gz,monomer,full_dbs,2020-05-14,ok,
1bxmA00|target|target|T0.1|5,1bxmA00|target|target,1bxmA00,0.1,target,0.4471976145553063,96.727,0.49809364296495007,0.7034,file_order,65,100,1,be06ed992e4c767adbe13dee36c93d9b73bf0a371e802e5b23b9e079a50cdb53,public_data/benchmark/gate0/temperature_sweep/models/1bxmA00_target_target_T0.1_5.pdb.gz,monomer,full_dbs,2020-05-14,ok,
1bxmA00|target|target|T0.1|6,1bxmA00|target|target,1bxmA00,0.1,target,0.6839533750165775,96.9772,0.7224093460201821,0.8481,file_order,65,100,1,be06ed992e4c767adbe13dee36c93d9b73bf0a371e802e5b23b9e079a50cdb53,public_data/benchmark/gate0/temperature_sweep/models/1bxmA00_target_target_T0.1_6.pdb.gz,monomer,full_dbs,2020-05-14,ok,
1bxmA00|target|target|T0.2|1,1bxmA00|target|target,1bxmA00,0.2,target,0.7146344167107368,96.9108,0.6326756983862357,1.0484,file_order,65,100,1,be06ed992e4c767adbe13dee36c93d9b73bf0a371e802e5b23b9e079a50cdb53,public_data/benchmark/gate0/temperature_sweep/models/1bxmA00_target_target_T0.2_1.pdb.gz,monomer,full_dbs,2020-05-14,ok,
1bxmA00|target|target|T0.2|0,1bxmA00|target|target,1bxmA00,0.2,target,0.43683920889452504,97.0521,0.5987314087338548,1.0356,file_order,65,100,1,be06ed992e4c767adbe13dee36c93d9b73bf0a371e802e5b23b9e079a50cdb53,public_data/benchmark/gate0/temperature_sweep/models/1bxmA00_target_target_T0.2_0.pdb.gz,monomer,full_dbs,2020-05-14,ok,
1bxmA00|target|target|T0.2|4,1bxmA00|target|target,1bxmA00,0.2,target,0.6168028891971088,96.49770000000001,0.8928080808525399,1.0554,file_order,65,100,1,be06ed992e4c767adbe13dee36c93d9b73bf0a371e802e5b23b9e079a50cdb53,public_data/benchmark/gate0/temperature_sweep/models/1bxmA00_target_target_T0.2_4.pdb.gz,monomer,full_dbs,2020-05-14,ok,
1bxmA00|target|target|T0.2|2,1bxmA00|target|target,1bxmA00,0.2,target,0.5822459279280222,95.9227,0.563672665227944,1.0551,file_order,65,100,1,be06ed992e4c767adbe13dee36c93d9b73bf0a371e802e5b23b9e079a50cdb53,public_data/benchmark/gate0/temperature_sweep/models/1bxmA00_target_target_T0.2_2.pdb.gz,monomer,full_dbs,2020-05-14,ok,
1bxmA00|target|target|T0.2|5,1bxmA00|target|target,1bxmA00,0.2,target,0.6313470442341522,96.9517,0.4781840451910522,1.0124,file_order,65,100,1,be06ed992e4c767adbe13dee36c93d9b73bf0a371e802e5b23b9e079a50cdb53,public_data/benchmark/gate0/temperature_sweep/models/1bxmA00_target_target_T0.2_5.pdb.gz,monomer,full_dbs,2020-05-14,ok,
1bxmA00|target|target|T0.2|7,1bxmA00|target|target,1bxmA00,0.2,target,0.4805098804887541,95.8452,0.5759951893856364,0.9915,file_order,65,100,1,be06ed992e4c767adbe13dee36c93d9b73bf0a371e802e5b23b9e079a50cdb53,public_data/benchmark/gate0/temperature_sweep/models/1bxmA00_target_target_T0.2_7.pdb.gz,monomer,full_dbs,2020-05-14,ok,
1bxmA00|target|target|T0.2|3,1bxmA00|target|target,1bxmA00,0.2,target,0.7624212360530477,96.031,0.6108613450235241,0.9384,file_order,65,100,1,be06ed992e4c767adbe13dee36c93d9b73bf0a371e802e5b23b9e079a50cdb53,public_data/benchmark/gate0/temperature_sweep/models/1bxmA00_target_target_T0.2_3.pdb.gz,monomer,full_dbs,2020-05-14,ok,
1bxmA00|target|target|T0.3|1,1bxmA00|target|target,1bxmA00,0.3,target,0.7146344167107368,96.4462,0.5502831826826149,0.9089,file_order,65,100,1,be06ed992e4c767adbe13dee36c93d9b73bf0a371e802e5b23b9e079a50cdb53,public_data/benchmark/gate0/temperature_sweep/models/1bxmA00_target_target_T0.3_1.pdb.gz,monomer,full_dbs,2020-05-14,ok,
1bxmA00|target|target|T0.3|2,1bxmA00|target|target,1bxmA00,0.3,target,0.7631450157268554,96.069,0.7067898954649691,0.8905,file_order,65,100,1,be06ed992e4c767adbe13dee36c93d9b73bf0a371e802e5b23b9e079a50cdb53,public_data/benchmark/gate0/temperature_sweep/models/1bxmA00_target_target_T0.3_2.pdb.gz,monomer,full_dbs,2020-05-14,ok,
1bxmA00|target|target|T0.2|6,1bxmA00|target|target,1bxmA00,0.2,target,0.5846762648954498,96.5971,0.6162224756811492,1.0734,file_order,65,100,1,be06ed992e4c767adbe13dee36c93d9b73bf0a371e802e5b23b9e079a50cdb53,public_data/benchmark/gate0/temperature_sweep/models/1bxmA00_target_target_T0.2_6.pdb.gz,monomer,full_dbs,2020-05-14,ok,
1bxmA00|target|target|T0.3|4,1bxmA00|target|target,1bxmA00,0.3,target,0.8576613198329636,96.28229999999999,0.613863070233878,1.0635,file_order,65,100,1,be06ed992e4c767adbe13dee36c93d9b73bf0a371e802e5b23b9e079a50cdb53,public_data/benchmark/gate0/temperature_sweep/models/1bxmA00_target_target_T0.3_4.pdb.gz,monomer,full_dbs,2020-05-14,ok,
1bxmA00|target|target|T0.3|3,1bxmA00|target|target,1bxmA00,0.3,target,0.6708429359927333,96.6601,0.5551997611441363,0.8584,file_order,65,100,1,be06ed992e4c767adbe13dee36c93d9b73bf0a371e802e5b23b9e079a50cdb53,public_data/benchmark/gate0/temperature_sweep/models/1bxmA00_target_target_T0.3_3.pdb.gz,monomer,full_dbs,2020-05-14,ok,
1bxmA00|target|target|T0.3|6,1bxmA00|target|target,1bxmA00,0.3,target,0.6552054233029431,97.0193,0.5749781369483297,1.0485,file_order,65,100,1,be06ed992e4c767adbe13dee36c93d9b73bf0a371e802e5b23b9e079a50cdb53,public_data/benchmark/gate0/temperature_sweep/models/1bxmA00_target_target_T0.3_6.pdb.gz,monomer,full_dbs,2020-05-14,ok,
1bxmA00|target|target|T0.3|5,1bxmA00|target|target,1bxmA00,0.3,target,0.5953194110219262,96.07469999999999,0.5212956711485833,0.7057,file_order,65,100,1,be06ed992e4c767adbe13dee36c93d9b73bf0a371e802e5b23b9e079a50cdb53,public_data/benchmark/gate0/temperature_sweep/models/1bxmA00_target_target_T0.3_5.pdb.gz,monomer,full_dbs,2020-05-14,ok,
1bxmA00|target|target|T0.3|7,1bxmA00|target|target,1bxmA00,0.3,target,0.5817593768418362,96.421,0.5334107930333363,1.023,file_order,65,100,1,be06ed992e4c767adbe13dee36c93d9b73bf0a371e802e5b23b9e079a50cdb53,public_data/benchmark/gate0/temperature_sweep/models/1bxmA00_target_target_T0.3_7.pdb.gz,monomer,full_dbs,2020-05-14,ok,
1c8zA00|target|target|T0.05|1,1c8zA00|target|target,1c8zA00,0.05,target,0.6912645277480096,92.41166037735849,0.6546529738030076,1.28,file_order,130,265,0,7f1ce753f66cd0125634bcd9ed23a1c216a8ab953854f21208d86ac8ff59f86b,public_data/benchmark/gate0/temperature_sweep/models/1c8zA00_target_target_T0.05_1.pdb.gz,monomer,full_dbs,2020-05-14,ok,
1c8zA00|target|target|T0.05|2,1c8zA00|target|target,1c8zA00,0.05,target,0.6731054035551993,91.33607547169812,1.3725874599146188,1.703,file_order,130,265,0,7f1ce753f66cd0125634bcd9ed23a1c216a8ab953854f21208d86ac8ff59f86b,public_data/benchmark/gate0/temperature_sweep/models/1c8zA00_target_target_T0.05_2.pdb.gz,monomer,full_dbs,2020-05-14,ok,
1bxmA00|target|target|T0.3|0,1bxmA00|target|target,1bxmA00,0.3,target,0.7286927039538564,96.44059999999999,1.0205356102234424,1.0946,file_order,65,100,1,be06ed992e4c767adbe13dee36c93d9b73bf0a371e802e5b23b9e079a50cdb53,public_data/benchmark/gate0/temperature_sweep/models/1bxmA00_target_target_T0.3_0.pdb.gz,monomer,full_dbs,2020-05-14,ok,
1c8zA00|target|target|T0.05|0,1c8zA00|target|target,1c8zA00,0.05,target,0.6842958701302762,90.0991320754717,1.2485606157780207,2.1128,file_order,130,265,0,7f1ce753f66cd0125634bcd9ed23a1c216a8ab953854f21208d86ac8ff59f86b,public_data/benchmark/gate0/temperature_sweep/models/1c8zA00_target_target_T0.05_0.pdb.gz,monomer,full_dbs,2020-05-14,ok,
1c8zA00|target|target|T0.05|5,1c8zA00|target|target,1c8zA00,0.05,target,0.6755914619376975,90.35815094339623,1.354051012065719,1.8417,file_order,130,265,0,7f1ce753f66cd0125634bcd9ed23a1c216a8ab953854f21208d86ac8ff59f86b,public_data/benchmark/gate0/temperature_sweep/models/1c8zA00_target_target_T0.05_5.pdb.gz,monomer,full_dbs,2020-05-14,ok,
1c8zA00|target|target|T0.05|4,1c8zA00|target|target,1c8zA00,0.05,target,0.6938356797231412,91.87162264150943,1.335796490035095,1.8528,file_order,130,265,0,7f1ce753f66cd0125634bcd9ed23a1c216a8ab953854f21208d86ac8ff59f86b,public_data/benchmark/gate0/temperature_sweep/models/1c8zA00_target_target_T0.05_4.pdb.gz,monomer,full_dbs,2020-05-14,ok,
1c8zA00|target|target|T0.05|3,1c8zA00|target|target,1c8zA00,0.05,target,0.6428887945448911,90.41384905660377,1.3951831572754114,1.9,file_order,130,265,0,7f1ce753f66cd0125634bcd9ed23a1c216a8ab953854f21208d86ac8ff59f86b,public_data/benchmark/gate0/temperature_sweep/models/1c8zA00_target_target_T0.05_3.pdb.gz,monomer,full_dbs,2020-05-14,ok,
1c8zA00|target|target|T0.05|6,1c8zA00|target|target,1c8zA00,0.05,target,0.6870610639818066,90.30052830188679,0.5941625937637197,1.7597,file_order,130,265,0,7f1ce753f66cd0125634bcd9ed23a1c216a8ab953854f21208d86ac8ff59f86b,public_data/benchmark/gate0/temperature_sweep/models/1c8zA00_target_target_T0.05_6.pdb.gz,monomer,full_dbs,2020-05-14,ok,
1c8zA00|target|target|T0.1|0,1c8zA00|target|target,1c8zA00,0.1,target,0.7226682554534677,92.22271698113208,0.5732940102892754,1.5284,file_order,130,265,0,7f1ce753f66cd0125634bcd9ed23a1c216a8ab953854f21208d86ac8ff59f86b,public_data/benchmark/gate0/temperature_sweep/models/1c8zA00_target_target_T0.1_0.pdb.gz,monomer,full_dbs,2020-05-14,ok,
1c8zA00|target|target|T0.05|7,1c8zA00|target|target,1c8zA00,0.05,target,0.660699974689232,91.5133962264151,0.6621816585487101,1.8901,file_order,130,265,0,7f1ce753f66cd0125634bcd9ed23a1c216a8ab953854f21208d86ac8ff59f86b,public_data/benchmark/gate0/temperature_sweep/models/1c8zA00_target_target_T0.05_7.pdb.gz,monomer,full_dbs,2020-05-14,ok,
1c8zA00|target|target|T0.1|1,1c8zA00|target|target,1c8zA00,0.1,target,0.7206975924108348,90.97879245283019,0.49558797633564045,1.282,file_order,130,265,0,7f1ce753f66cd0125634bcd9ed23a1c216a8ab953854f21208d86ac8ff59f86b,public_data/benchmark/gate0/temperature_sweep/models/1c8zA00_target_target_T0.1_1.pdb.gz,monomer,full_dbs,2020-05-14,ok,
1c8zA00|target|target|T0.1|3,1c8zA00|target|target,1c8zA00,0.1,target,0.7170370049968261,92.4773962264151,1.3388900214668715,1.8543,file_order,130,265,0,7f1ce753f66cd0125634bcd9ed23a1c216a8ab953854f21208d86ac8ff59f86b,public_data/benchmark/gate0/temperature_sweep/models/1c8zA00_target_target_T0.1_3.pdb.gz,monomer,full_dbs,2020-05-14,ok,
1c8zA00|target|target|T0.1|2,1c8zA00|target|target,1c8zA00,0.1,target,0.6655890666117523,88.24188679245283,0.6933124138543265,1.6218,file_order,130,265,0,7f1ce753f66cd0125634bcd9ed23a1c216a8ab953854f21208d86ac8ff59f86b,public_data/benchmark/gate0/temperature_sweep/models/1c8zA00_target_target_T0.1_2.pdb.gz,monomer,full_dbs,2020-05-14,ok,
1c8zA00|target|target|T0.1|4,1c8zA00|target|target,1c8zA00,0.1,target,0.6613764022999927,90.62101886792453,1.138224073571058,1.6229,file_order,130,265,0,7f1ce753f66cd0125634bcd9ed23a1c216a8ab953854f21208d86ac8ff59f86b,public_data/benchmark/gate0/temperature_sweep/models/1c8zA00_target_target_T0.1_4.pdb.gz,monomer,full_dbs,2020-05-14,ok,
1c8zA00|target|target|T0.1|5,1c8zA00|target|target,1c8zA00,0.1,target,0.6824996338181237,90.16192452830188,1.390940761257921,1.7893,file_order,130,265,0,7f1ce753f66cd0125634bcd9ed23a1c216a8ab953854f21208d86ac8ff59f86b,public_data/benchmark/gate0/temperature_sweep/models/1c8zA00_target_target_T0.1_5.pdb.gz,monomer,full_dbs,2020-05-14,ok,
1c8zA00|target|target|T0.1|6,1c8zA00|target|target,1c8zA00,0.1,target,0.7065093316716959,91.39935849056604,1.341196834761546,1.8885,file_order,130,265,0,7f1ce753f66cd0125634bcd9ed23a1c216a8ab953854f21208d86ac8ff59f86b,public_data/benchmark/gate0/temperature_sweep/models/1c8zA00_target_target_T0.1_6.pdb.gz,monomer,full_dbs,2020-05-14,ok,
1c8zA00|target|target|T0.1|7,1c8zA00|target|target,1c8zA00,0.1,target,0.698624144309181,88.86728301886794,0.9870609876468475,1.6503,file_order,130,265,0,7f1ce753f66cd0125634bcd9ed23a1c216a8ab953854f21208d86ac8ff59f86b,public_data/benchmark/gate0/temperature_sweep/models/1c8zA00_target_target_T0.1_7.pdb.gz,monomer,full_dbs,2020-05-14,ok,
1c8zA00|target|target|T0.2|0,1c8zA00|target|target,1c8zA00,0.2,target,0.6975106470369912,88.85166037735848,0.9408019944652135,1.4248,file_order,130,265,0,7f1ce753f66cd0125634bcd9ed23a1c216a8ab953854f21208d86ac8ff59f86b,public_data/benchmark/gate0/temperature_sweep/models/1c8zA00_target_target_T0.2_0.pdb.gz,monomer,full_dbs,2020-05-14,ok,
1c8zA00|target|target|T0.2|1,1c8zA00|target|target,1c8zA00,0.2,target,0.6694415537407559,91.17166037735849,1.2269176822565873,2.0302,file_order,130,265,0,7f1ce753f66cd0125634bcd9ed23a1c216a8ab953854f21208d86ac8ff59f86b,public_data/benchmark/gate0/temperature_sweep/models/1c8zA00_target_target_T0.2_1.pdb.gz,monomer,full_dbs,2020-05-14,ok,
1c8zA00|target|target|T0.2|3,1c8zA00|target|target,1c8zA00,0.2,target,0.6618832908161353,92.00075471698113,0.6031612703654847,1.7396,file_order,130,265,0,7f1ce753f66cd0125634bcd9ed23a1c216a8ab953854f21208d86ac8ff59f86b,public_data/benchmark/gate0/temperature_sweep/models/1c8zA00_target_target_T0.2_3.pdb.gz,monomer,full_dbs,2020-05-14,ok,
1c8zA00|target|target|T0.2|2,1c8zA00|target|target,1c8zA00,0.2,target,0.7385586547979062,90.44041509433961,0.45452473158237916,1.6251,file_order,130,265,0,7f1ce753f66cd0125634bcd9ed23a1c216a8ab953854f21208d86ac8ff59f86b,public_data/benchmark/gate0/temperature_sweep/models/1c8zA00_target_target_T0.2_2.pdb.gz,monomer,full_dbs,2020-05-14,ok,
1c8zA00|target|target|T0.2|4,1c8zA00|target|target,1c8zA00,0.2,target,0.6299670525629959,90.68332075471699,1.3579912679597608,1.9602,file_order,130,265,0,7f1ce753f66cd0125634bcd9ed23a1c216a8ab953854f21208d86ac8ff59f86b,public_data/benchmark/gate0/temperature_sweep/models/1c8zA00_target_target_T0.2_4.pdb.gz,monomer,full_dbs,2020-05-14,ok,
1c8zA00|target|target|T0.2|6,1c8zA00|target|target,1c8zA00,0.2,target,0.7397227994964415,89.29879245283018,1.3307120722359318,1.7148,file_order,130,265,0,7f1ce753f66cd0125634bcd9ed23a1c216a8ab953854f21208d86ac8ff59f86b,public_data/benchmark/gate0/temperature_sweep/models/1c8zA00_target_target_T0.2_6.pdb.gz,monomer,full_dbs,2020-05-14,ok,
1c8zA00|target|target|T0.2|7,1c8zA00|target|target,1c8zA00,0.2,target,0.7252323067393889,92.66528301886792,1.3201048843966643,2.1097,file_order,130,265,0,7f1ce753f66cd0125634bcd9ed23a1c216a8ab953854f21208d86ac8ff59f86b,public_data/benchmark/gate0/temperature_sweep/models/1c8zA00_target_target_T0.2_7.pdb.gz,monomer,full_dbs,2020-05-14,ok,
1c8zA00|target|target|T0.3|0,1c8zA00|target|target,1c8zA00,0.3,target,0.6904585965289836,91.58241509433962,0.6055529822763842,1.5411,file_order,130,265,0,7f1ce753f66cd0125634bcd9ed23a1c216a8ab953854f21208d86ac8ff59f86b,public_data/benchmark/gate0/temperature_sweep/models/1c8zA00_target_target_T0.3_0.pdb.gz,monomer,full_dbs,2020-05-14,ok,
1c8zA00|target|target|T0.3|1,1c8zA00|target|target,1c8zA00,0.3,target,0.6347044789060392,90.95890566037735,1.3722849889582827,1.7804,file_order,130,265,0,7f1ce753f66cd0125634bcd9ed23a1c216a8ab953854f21208d86ac8ff59f86b,public_data/benchmark/gate0/temperature_sweep/models/1c8zA00_target_target_T0.3_1.pdb.gz,monomer,full_dbs,2020-05-14,ok,
1c8zA00|target|target|T0.3|2,1c8zA00|target|target,1c8zA00,0.3,target,0.6844588927548825,90.67218867924528,0.5920482546972816,1.6832,file_order,130,265,0,7f1ce753f66cd0125634bcd9ed23a1c216a8ab953854f21208d86ac8ff59f86b,public_data/benchmark/gate0/temperature_sweep/models/1c8zA00_target_target_T0.3_2.pdb.gz,monomer,full_dbs,2020-05-14,ok,
1c8zA00|target|target|T0.2|5,1c8zA00|target|target,1c8zA00,0.2,target,0.6983062400785918,90.73664150943397,1.3538301816908913,1.8289,file_order,130,265,0,7f1ce753f66cd0125634bcd9ed23a1c216a8ab953854f21208d86ac8ff59f86b,public_data/benchmark/gate0/temperature_sweep/models/1c8zA00_target_target_T0.2_5.pdb.gz,monomer,full_dbs,2020-05-14,ok,
1c8zA00|target|target|T0.3|3,1c8zA00|target|target,1c8zA00,0.3,target,0.6852733245721724,91.10384905660378,0.5043693095791247,1.6821,file_order,130,265,0,7f1ce753f66cd0125634bcd9ed23a1c216a8ab953854f21208d86ac8ff59f86b,public_data/benchmark/gate0/temperature_sweep/models/1c8zA00_target_target_T0.3_3.pdb.gz,monomer,full_dbs,2020-05-14,ok,
1c8zA00|target|target|T0.3|5,1c8zA00|target|target,1c8zA00,0.3,target,0.7240275299455438,91.07705660377358,1.1979029297139538,1.7523,file_order,130,265,0,7f1ce753f66cd0125634bcd9ed23a1c216a8ab953854f21208d86ac8ff59f86b,public_data/benchmark/gate0/temperature_sweep/models/1c8zA00_target_target_T0.3_5.pdb.gz,monomer,full_dbs,2020-05-14,ok,
1c8zA00|target|target|T0.3|6,1c8zA00|target|target,1c8zA00,0.3,target,0.6642438449472827,90.57456603773585,1.3492755497719027,1.6462,file_order,130,265,0,7f1ce753f66cd0125634bcd9ed23a1c216a8ab953854f21208d86ac8ff59f86b,public_data/benchmark/gate0/temperature_sweep/models/1c8zA00_target_target_T0.3_6.pdb.gz,monomer,full_dbs,2020-05-14,ok,
1c8zA00|target|target|T0.3|4,1c8zA00|target|target,1c8zA00,0.3,target,0.7099403456108401,91.08999999999999,0.7222090414616881,1.4599,file_order,130,265,0,7f1ce753f66cd0125634bcd9ed23a1c216a8ab953854f21208d86ac8ff59f86b,public_data/benchmark/gate0/temperature_sweep/models/1c8zA00_target_target_T0.3_4.pdb.gz,monomer,full_dbs,2020-05-14,ok,
1e9tA00|target|target|T0.05|0,1e9tA00|target|target,1e9tA00,0.05,target,0.9387835784081383,76.88881355932203,0.8134534985321153,4.0489,file_order,6,59,0,263c3b9aa683460369f910e562412b2342d5609bb44695151293a015713dd927,public_data/benchmark/gate0/temperature_sweep/models/1e9tA00_target_target_T0.05_0.pdb.gz,monomer,full_dbs,2020-05-14,ok,
1c8zA00|target|target|T0.3|7,1c8zA00|target|target,1c8zA00,0.3,target,0.7291251884221444,90.65150943396227,0.4361700207287615,1.289,file_order,130,265,0,7f1ce753f66cd0125634bcd9ed23a1c216a8ab953854f21208d86ac8ff59f86b,public_data/benchmark/gate0/temperature_sweep/models/1c8zA00_target_target_T0.3_7.pdb.gz,monomer,full_dbs,2020-05-14,ok,
1e9tA00|target|target|T0.05|1,1e9tA00|target|target,1e9tA00,0.05,target,0.9243554191628386,72.91338983050848,0.9935717212303762,3.898,file_order,6,59,0,263c3b9aa683460369f910e562412b2342d5609bb44695151293a015713dd927,public_data/benchmark/gate0/temperature_sweep/models/1e9tA00_target_target_T0.05_1.pdb.gz,monomer,full_dbs,2020-05-14,ok,
1e9tA00|target|target|T0.05|2,1e9tA00|target|target,1e9tA00,0.05,target,0.9399420601378801,70.51576271186441,1.1421305392455339,4.4964,file_order,6,59,0,263c3b9aa683460369f910e562412b2342d5609bb44695151293a015713dd927,public_data/benchmark/gate0/temperature_sweep/models/1e9tA00_target_target_T0.05_2.pdb.gz,monomer,full_dbs,2020-05-14,ok,
1e9tA00|target|target|T0.05|3,1e9tA00|target|target,1e9tA00,0.05,target,0.7313250875438444,80.53423728813559,0.7400483858965449,2.611,file_order,6,59,0,263c3b9aa683460369f910e562412b2342d5609bb44695151293a015713dd927,public_data/benchmark/gate0/temperature_sweep/models/1e9tA00_target_target_T0.05_3.pdb.gz,monomer,full_dbs,2020-05-14,ok,
1e9tA00|target|target|T0.05|4,1e9tA00|target|target,1e9tA00,0.05,target,0.7614558829902514,77.51152542372881,0.7918272419709727,2.777,file_order,6,59,0,263c3b9aa683460369f910e562412b2342d5609bb44695151293a015713dd927,public_data/benchmark/gate0/temperature_sweep/models/1e9tA00_target_target_T0.05_4.pdb.gz,monomer,full_dbs,2020-05-14,ok,
1e9tA00|target|target|T0.05|7,1e9tA00|target|target,1e9tA00,0.05,target,0.7897451331283052,75.50881355932204,0.6759523611187624,5.7423,file_order,6,59,0,263c3b9aa683460369f910e562412b2342d5609bb44695151293a015713dd927,public_data/benchmark/gate0/temperature_sweep/models/1e9tA00_target_target_T0.05_7.pdb.gz,monomer,full_dbs,2020-05-14,ok,
1e9tA00|target|target|T0.05|6,1e9tA00|target|target,1e9tA00,0.05,target,0.7101826279641096,77.92033898305085,1.0391979357356196,5.5649,file_order,6,59,0,263c3b9aa683460369f910e562412b2342d5609bb44695151293a015713dd927,public_data/benchmark/gate0/temperature_sweep/models/1e9tA00_target_target_T0.05_6.pdb.gz,monomer,full_dbs,2020-05-14,ok,
1e9tA00|target|target|T0.1|1,1e9tA00|target|target,1e9tA00,0.1,target,0.7759178452744491,77.11881355932204,0.8227010416489001,4.4485,file_order,6,59,0,263c3b9aa683460369f910e562412b2342d5609bb44695151293a015713dd927,public_data/benchmark/gate0/temperature_sweep/models/1e9tA00_target_target_T0.1_1.pdb.gz,monomer,full_dbs,2020-05-14,ok,
1e9tA00|target|target|T0.1|0,1e9tA00|target|target,1e9tA00,0.1,target,0.8359605638464239,50.35,4.739111094048408,11.6995,file_order,6,59,0,263c3b9aa683460369f910e562412b2342d5609bb44695151293a015713dd927,public_data/benchmark/gate0/temperature_sweep/models/1e9tA00_target_target_T0.1_0.pdb.gz,monomer,full_dbs,2020-05-14,ok,
1e9tA00|target|target|T0.1|3,1e9tA00|target|target,1e9tA00,0.1,target,0.7687659084690117,80.04966101694916,0.7678105082710606,3.7913,file_order,6,59,0,263c3b9aa683460369f910e562412b2342d5609bb44695151293a015713dd927,public_data/benchmark/gate0/temperature_sweep/models/1e9tA00_target_target_T0.1_3.pdb.gz,monomer,full_dbs,2020-05-14,ok,
1e9tA00|target|target|T0.05|5,1e9tA00|target|target,1e9tA00,0.05,target,0.9153682498094445,75.8615254237288,0.7220747189625318,4.459,file_order,6,59,0,263c3b9aa683460369f910e562412b2342d5609bb44695151293a015713dd927,public_data/benchmark/gate0/temperature_sweep/models/1e9tA00_target_target_T0.05_5.pdb.gz,monomer,full_dbs,2020-05-14,ok,
1e9tA00|target|target|T0.1|2,1e9tA00|target|target,1e9tA00,0.1,target,0.8331523771360868,70.67372881355932,0.8888953799105375,4.3143,file_order,6,59,0,263c3b9aa683460369f910e562412b2342d5609bb44695151293a015713dd927,public_data/benchmark/gate0/temperature_sweep/models/1e9tA00_target_target_T0.1_2.pdb.gz,monomer,full_dbs,2020-05-14,ok,
1e9tA00|target|target|T0.1|5,1e9tA00|target|target,1e9tA00,0.1,target,0.6575068196180922,73.11186440677967,0.7248179798206033,3.5578,file_order,6,59,0,263c3b9aa683460369f910e562412b2342d5609bb44695151293a015713dd927,public_data/benchmark/gate0/temperature_sweep/models/1e9tA00_target_target_T0.1_5.pdb.gz,monomer,full_dbs,2020-05-14,ok,
1e9tA00|target|target|T0.1|4,1e9tA00|target|target,1e9tA00,0.1,target,0.9257653535740159,55.898305084745765,2.9478875602840806,14.7537,file_order,6,59,0,263c3b9aa683460369f910e562412b2342d5609bb44695151293a015713dd927,public_data/benchmark/gate0/temperature_sweep/models/1e9tA00_target_target_T0.1_4.pdb.gz,monomer,full_dbs,2020-05-14,ok,
1e9tA00|target|target|T0.2|0,1e9tA00|target|target,1e9tA00,0.2,target,0.8736428598702128,71.28271186440678,0.9063741468872781,3.3292,file_order,6,59,0,263c3b9aa683460369f910e562412b2342d5609bb44695151293a015713dd927,public_data/benchmark/gate0/temperature_sweep/models/1e9tA00_target_target_T0.2_0.pdb.gz,monomer,full_dbs,2020-05-14,ok,
1e9tA00|target|target|T0.2|1,1e9tA00|target|target,1e9tA00,0.2,target,0.6711123461260282,71.06847457627119,0.794221551460182,3.9526,file_order,6,59,0,263c3b9aa683460369f910e562412b2342d5609bb44695151293a015713dd927,public_data/benchmark/gate0/temperature_sweep/models/1e9tA00_target_target_T0.2_1.pdb.gz,monomer,full_dbs,2020-05-14,ok,
1e9tA00|target|target|T0.1|6,1e9tA00|target|target,1e9tA00,0.1,target,0.921461560446817,76.2222033898305,0.7146853711397957,5.9345,file_order,6,59,0,263c3b9aa683460369f910e562412b2342d5609bb44695151293a015713dd927,public_data/benchmark/gate0/temperature_sweep/models/1e9tA00_target_target_T0.1_6.pdb.gz,monomer,full_dbs,2020-05-14,ok,
1e9tA00|target|target|T0.2|2,1e9tA00|target|target,1e9tA00,0.2,target,0.8780655119089121,53.154576271186436,2.4019343511020224,9.7634,file_order,6,59,0,263c3b9aa683460369f910e562412b2342d5609bb44695151293a015713dd927,public_data/benchmark/gate0/temperature_sweep/models/1e9tA00_target_target_T0.2_2.pdb.gz,monomer,full_dbs,2020-05-14,ok,
1e9tA00|target|target|T0.2|3,1e9tA00|target|target,1e9tA00,0.2,target,0.7687659084690118,79.26152542372881,0.7843919046574079,3.7138,file_order,6,59,0,263c3b9aa683460369f910e562412b2342d5609bb44695151293a015713dd927,public_data/benchmark/gate0/temperature_sweep/models/1e9tA00_target_target_T0.2_3.pdb.gz,monomer,full_dbs,2020-05-14,ok,
1e9tA00|target|target|T0.2|5,1e9tA00|target|target,1e9tA00,0.2,target,0.9420128024095356,67.04830508474576,0.876518218315571,4.2149,file_order,6,59,0,263c3b9aa683460369f910e562412b2342d5609bb44695151293a015713dd927,public_data/benchmark/gate0/temperature_sweep/models/1e9tA00_target_target_T0.2_5.pdb.gz,monomer,full_dbs,2020-05-14,ok,
1e9tA00|target|target|T0.2|6,1e9tA00|target|target,1e9tA00,0.2,target,0.9483302600839763,60.65220338983051,5.476441177274512,13.57,file_order,6,59,0,263c3b9aa683460369f910e562412b2342d5609bb44695151293a015713dd927,public_data/benchmark/gate0/temperature_sweep/models/1e9tA00_target_target_T0.2_6.pdb.gz,monomer,full_dbs,2020-05-14,ok,
1e9tA00|target|target|T0.2|4,1e9tA00|target|target,1e9tA00,0.2,target,0.6389586985691502,72.48559322033897,0.6925390135252693,6.1937,file_order,6,59,0,263c3b9aa683460369f910e562412b2342d5609bb44695151293a015713dd927,public_data/benchmark/gate0/temperature_sweep/models/1e9tA00_target_target_T0.2_4.pdb.gz,monomer,full_dbs,2020-05-14,ok,
1e9tA00|target|target|T0.1|7,1e9tA00|target|target,1e9tA00,0.1,target,0.8414628003452166,78.68491525423728,0.7920765066650364,4.5698,file_order,6,59,0,263c3b9aa683460369f910e562412b2342d5609bb44695151293a015713dd927,public_data/benchmark/gate0/temperature_sweep/models/1e9tA00_target_target_T0.1_7.pdb.gz,monomer,full_dbs,2020-05-14,ok,
1e9tA00|target|target|T0.3|0,1e9tA00|target|target,1e9tA00,0.3,target,0.7470068353657037,78.6942372881356,1.0192381029712705,4.3399,file_order,6,59,0,263c3b9aa683460369f910e562412b2342d5609bb44695151293a015713dd927,public_data/benchmark/gate0/temperature_sweep/models/1e9tA00_target_target_T0.3_0.pdb.gz,monomer,full_dbs,2020-05-14,ok,
1e9tA00|target|target|T0.3|1,1e9tA00|target|target,1e9tA00,0.3,target,0.9124344677415246,80.74694915254237,0.7819816861526239,3.5843,file_order,6,59,0,263c3b9aa683460369f910e562412b2342d5609bb44695151293a015713dd927,public_data/benchmark/gate0/temperature_sweep/models/1e9tA00_target_target_T0.3_1.pdb.gz,monomer,full_dbs,2020-05-14,ok,
1e9tA00|target|target|T0.3|2,1e9tA00|target|target,1e9tA00,0.3,target,0.7765066815655695,72.49033898305085,0.7395198826987027,5.7126,file_order,6,59,0,263c3b9aa683460369f910e562412b2342d5609bb44695151293a015713dd927,public_data/benchmark/gate0/temperature_sweep/models/1e9tA00_target_target_T0.3_2.pdb.gz,monomer,full_dbs,2020-05-14,ok,
1e9tA00|target|target|T0.3|4,1e9tA00|target|target,1e9tA00,0.3,target,0.6575068196180922,62.83118644067797,2.0374689092417193,9.4839,file_order,6,59,0,263c3b9aa683460369f910e562412b2342d5609bb44695151293a015713dd927,public_data/benchmark/gate0/temperature_sweep/models/1e9tA00_target_target_T0.3_4.pdb.gz,monomer,full_dbs,2020-05-14,ok,
1e9tA00|target|target|T0.2|7,1e9tA00|target|target,1e9tA00,0.2,target,0.9199769500807999,58.244237288135594,2.1162770991154005,12.2453,file_order,6,59,0,263c3b9aa683460369f910e562412b2342d5609bb44695151293a015713dd927,public_data/benchmark/gate0/temperature_sweep/models/1e9tA00_target_target_T0.2_7.pdb.gz,monomer,full_dbs,2020-05-14,ok,
1e9tA00|target|target|T0.3|6,1e9tA00|target|target,1e9tA00,0.3,target,0.9298512591301691,73.65745762711865,0.791557650525367,4.8947,file_order,6,59,0,263c3b9aa683460369f910e562412b2342d5609bb44695151293a015713dd927,public_data/benchmark/gate0/temperature_sweep/models/1e9tA00_target_target_T0.3_6.pdb.gz,monomer,full_dbs,2020-05-14,ok,
1e9tA00|target|target|T0.3|5,1e9tA00|target|target,1e9tA00,0.3,target,0.857487424805237,73.83186440677966,0.8419718847715869,2.7321,file_order,6,59,0,263c3b9aa683460369f910e562412b2342d5609bb44695151293a015713dd927,public_data/benchmark/gate0/temperature_sweep/models/1e9tA00_target_target_T0.3_5.pdb.gz,monomer,full_dbs,2020-05-14,ok,
1eruA00|target|target|T0.05|0,1eruA00|target|target,1eruA00,0.05,target,0.7778763437357723,96.982,0.4586856930175522,0.4901,file_order,72,105,0,c3484ce9e51b6dc36dc0d4360ff1a1cc40a2470deca08a05544efadd1f070e70,public_data/benchmark/gate0/temperature_sweep/models/1eruA00_target_target_T0.05_0.pdb.gz,monomer,full_dbs,2020-05-14,ok,
1e9tA00|target|target|T0.3|7,1e9tA00|target|target,1e9tA00,0.3,target,0.4496626303437828,65.04372881355933,0.8357681233128467,3.2312,file_order,6,59,0,263c3b9aa683460369f910e562412b2342d5609bb44695151293a015713dd927,public_data/benchmark/gate0/temperature_sweep/models/1e9tA00_target_target_T0.3_7.pdb.gz,monomer,full_dbs,2020-05-14,ok,
1e9tA00|target|target|T0.3|3,1e9tA00|target|target,1e9tA00,0.3,target,0.9651085914682631,72.38864406779662,0.8272704573891682,5.2097,file_order,6,59,0,263c3b9aa683460369f910e562412b2342d5609bb44695151293a015713dd927,public_data/benchmark/gate0/temperature_sweep/models/1e9tA00_target_target_T0.3_3.pdb.gz,monomer,full_dbs,2020-05-14,ok,
1eruA00|target|target|T0.05|2,1eruA00|target|target,1eruA00,0.05,target,0.8296087785624245,97.20485714285715,0.28216839830635043,0.3727,file_order,72,105,0,c3484ce9e51b6dc36dc0d4360ff1a1cc40a2470deca08a05544efadd1f070e70,public_data/benchmark/gate0/temperature_sweep/models/1eruA00_target_target_T0.05_2.pdb.gz,monomer,full_dbs,2020-05-14,ok,
1eruA00|target|target|T0.05|1,1eruA00|target|target,1eruA00,0.05,target,0.7024616362718568,97.87933333333334,0.34970961746472956,0.4179,file_order,72,105,0,c3484ce9e51b6dc36dc0d4360ff1a1cc40a2470deca08a05544efadd1f070e70,public_data/benchmark/gate0/temperature_sweep/models/1eruA00_target_target_T0.05_1.pdb.gz,monomer,full_dbs,2020-05-14,ok,
1eruA00|target|target|T0.05|3,1eruA00|target|target,1eruA00,0.05,target,0.7742350249214351,96.90133333333333,0.3990908127180395,0.4719,file_order,72,105,0,c3484ce9e51b6dc36dc0d4360ff1a1cc40a2470deca08a05544efadd1f070e70,public_data/benchmark/gate0/temperature_sweep/models/1eruA00_target_target_T0.05_3.pdb.gz,monomer,full_dbs,2020-05-14,ok,
1eruA00|target|target|T0.05|5,1eruA00|target|target,1eruA00,0.05,target,0.7675066844094429,96.49780952380952,0.36679738846818877,0.4554,file_order,72,105,0,c3484ce9e51b6dc36dc0d4360ff1a1cc40a2470deca08a05544efadd1f070e70,public_data/benchmark/gate0/temperature_sweep/models/1eruA00_target_target_T0.05_5.pdb.gz,monomer,full_dbs,2020-05-14,ok,
1eruA00|target|target|T0.05|6,1eruA00|target|target,1eruA00,0.05,target,0.7181367720550715,97.44980952380952,0.32529416150917906,0.4247,file_order,72,105,0,c3484ce9e51b6dc36dc0d4360ff1a1cc40a2470deca08a05544efadd1f070e70,public_data/benchmark/gate0/temperature_sweep/models/1eruA00_target_target_T0.05_6.pdb.gz,monomer,full_dbs,2020-05-14,ok,
1eruA00|target|target|T0.05|4,1eruA00|target|target,1eruA00,0.05,target,0.7177510569577399,97.57285714285715,0.33524351094408605,0.4229,file_order,72,105,0,c3484ce9e51b6dc36dc0d4360ff1a1cc40a2470deca08a05544efadd1f070e70,public_data/benchmark/gate0/temperature_sweep/models/1eruA00_target_target_T0.05_4.pdb.gz,monomer,full_dbs,2020-05-14,ok,
1eruA00|target|target|T0.1|0,1eruA00|target|target,1eruA00,0.1,target,0.8456590804130456,96.97238095238096,0.32983154745057813,0.3961,file_order,72,105,0,c3484ce9e51b6dc36dc0d4360ff1a1cc40a2470deca08a05544efadd1f070e70,public_data/benchmark/gate0/temperature_sweep/models/1eruA00_target_target_T0.1_0.pdb.gz,monomer,full_dbs,2020-05-14,ok,
1eruA00|target|target|T0.1|1,1eruA00|target|target,1eruA00,0.1,target,0.7204443239304575,97.11352380952381,0.3992557990005804,0.4419,file_order,72,105,0,c3484ce9e51b6dc36dc0d4360ff1a1cc40a2470deca08a05544efadd1f070e70,public_data/benchmark/gate0/temperature_sweep/models/1eruA00_target_target_T0.1_1.pdb.gz,monomer,full_dbs,2020-05-14,ok,
1eruA00|target|target|T0.1|2,1eruA00|target|target,1eruA00,0.1,target,0.7658029264260275,97.53942857142857,0.2958518441829504,0.4038,file_order,72,105,0,c3484ce9e51b6dc36dc0d4360ff1a1cc40a2470deca08a05544efadd1f070e70,public_data/benchmark/gate0/temperature_sweep/models/1eruA00_target_target_T0.1_2.pdb.gz,monomer,full_dbs,2020-05-14,ok,
1eruA00|target|target|T0.05|7,1eruA00|target|target,1eruA00,0.05,target,0.8249824978936264,97.61200000000001,0.28865463759031496,0.4076,file_order,72,105,0,c3484ce9e51b6dc36dc0d4360ff1a1cc40a2470deca08a05544efadd1f070e70,public_data/benchmark/gate0/temperature_sweep/models/1eruA00_target_target_T0.05_7.pdb.gz,monomer,full_dbs,2020-05-14,ok,
1eruA00|target|target|T0.1|3,1eruA00|target|target,1eruA00,0.1,target,0.8021838885585817,97.34923809523809,0.2812577686556367,0.3946,file_order,72,105,0,c3484ce9e51b6dc36dc0d4360ff1a1cc40a2470deca08a05544efadd1f070e70,public_data/benchmark/gate0/temperature_sweep/models/1eruA00_target_target_T0.1_3.pdb.gz,monomer,full_dbs,2020-05-14,ok,
1eruA00|target|target|T0.1|5,1eruA00|target|target,1eruA00,0.1,target,0.7917057572071617,97.57485714285716,0.4579631612117793,0.5028,file_order,72,105,0,c3484ce9e51b6dc36dc0d4360ff1a1cc40a2470deca08a05544efadd1f070e70,public_data/benchmark/gate0/temperature_sweep/models/1eruA00_target_target_T0.1_5.pdb.gz,monomer,full_dbs,2020-05-14,ok,
1eruA00|target|target|T0.1|6,1eruA00|target|target,1eruA00,0.1,target,0.76546113671411,97.27704761904762,0.37040404699366336,0.4719,file_order,72,105,0,c3484ce9e51b6dc36dc0d4360ff1a1cc40a2470deca08a05544efadd1f070e70,public_data/benchmark/gate0/temperature_sweep/models/1eruA00_target_target_T0.1_6.pdb.gz,monomer,full_dbs,2020-05-14,ok,
1eruA00|target|target|T0.1|7,1eruA00|target|target,1eruA00,0.1,target,0.783420904231824,97.92342857142856,0.35840866378035535,0.443,file_order,72,105,0,c3484ce9e51b6dc36dc0d4360ff1a1cc40a2470deca08a05544efadd1f070e70,public_data/benchmark/gate0/temperature_sweep/models/1eruA00_target_target_T0.1_7.pdb.gz,monomer,full_dbs,2020-05-14,ok,
1eruA00|target|target|T0.2|0,1eruA00|target|target,1eruA00,0.2,target,0.7490088901702329,96.67,0.3831473018182701,0.4903,file_order,72,105,0,c3484ce9e51b6dc36dc0d4360ff1a1cc40a2470deca08a05544efadd1f070e70,public_data/benchmark/gate0/temperature_sweep/models/1eruA00_target_target_T0.2_0.pdb.gz,monomer,full_dbs,2020-05-14,ok,
1eruA00|target|target|T0.2|1,1eruA00|target|target,1eruA00,0.2,target,0.7742350249214351,97.59733333333332,0.33171462201007385,0.4161,file_order,72,105,0,c3484ce9e51b6dc36dc0d4360ff1a1cc40a2470deca08a05544efadd1f070e70,public_data/benchmark/gate0/temperature_sweep/models/1eruA00_target_target_T0.2_1.pdb.gz,monomer,full_dbs,2020-05-14,ok,
1eruA00|target|target|T0.1|4,1eruA00|target|target,1eruA00,0.1,target,0.7837439156443691,97.2837142857143,0.3254398264288304,0.4238,file_order,72,105,0,c3484ce9e51b6dc36dc0d4360ff1a1cc40a2470deca08a05544efadd1f070e70,public_data/benchmark/gate0/temperature_sweep/models/1eruA00_target_target_T0.1_4.pdb.gz,monomer,full_dbs,2020-05-14,ok,
1eruA00|target|target|T0.2|3,1eruA00|target|target,1eruA00,0.2,target,0.8113869673827582,97.66809523809523,0.505530795117935,0.5461,file_order,72,105,0,c3484ce9e51b6dc36dc0d4360ff1a1cc40a2470deca08a05544efadd1f070e70,public_data/benchmark/gate0/temperature_sweep/models/1eruA00_target_target_T0.2_3.pdb.gz,monomer,full_dbs,2020-05-14,ok,
1eruA00|target|target|T0.2|4,1eruA00|target|target,1eruA00,0.2,target,0.7837439156443691,96.834,0.29119577821959974,0.4024,file_order,72,105,0,c3484ce9e51b6dc36dc0d4360ff1a1cc40a2470deca08a05544efadd1f070e70,public_data/benchmark/gate0/temperature_sweep/models/1eruA00_target_target_T0.2_4.pdb.gz,monomer,full_dbs,2020-05-14,ok,
1eruA00|target|target|T0.2|2,1eruA00|target|target,1eruA00,0.2,target,0.7204443239304575,97.21980952380952,0.4973370025416529,0.5451,file_order,72,105,0,c3484ce9e51b6dc36dc0d4360ff1a1cc40a2470deca08a05544efadd1f070e70,public_data/benchmark/gate0/temperature_sweep/models/1eruA00_target_target_T0.2_2.pdb.gz,monomer,full_dbs,2020-05-14,ok,
1eruA00|target|target|T0.2|5,1eruA00|target|target,1eruA00,0.2,target,0.7040516276171623,97.06180952380952,0.5177258497779208,0.5681,file_order,72,105,0,c3484ce9e51b6dc36dc0d4360ff1a1cc40a2470deca08a05544efadd1f070e70,public_data/benchmark/gate0/temperature_sweep/models/1eruA00_target_target_T0.2_5.pdb.gz,monomer,full_dbs,2020-05-14,ok,
1eruA00|target|target|T0.2|6,1eruA00|target|target,1eruA00,0.2,target,0.8036908250308967,97.48180952380953,0.3077687893004085,0.4152,file_order,72,105,0,c3484ce9e51b6dc36dc0d4360ff1a1cc40a2470deca08a05544efadd1f070e70,public_data/benchmark/gate0/temperature_sweep/models/1eruA00_target_target_T0.2_6.pdb.gz,monomer,full_dbs,2020-05-14,ok,
1eruA00|target|target|T0.2|7,1eruA00|target|target,1eruA00,0.2,target,0.7725659626185978,97.6652380952381,0.478294662402965,0.4923,file_order,72,105,0,c3484ce9e51b6dc36dc0d4360ff1a1cc40a2470deca08a05544efadd1f070e70,public_data/benchmark/gate0/temperature_sweep/models/1eruA00_target_target_T0.2_7.pdb.gz,monomer,full_dbs,2020-05-14,ok,
1eruA00|target|target|T0.3|0,1eruA00|target|target,1eruA00,0.3,target,0.7935841346787332,97.72428571428571,0.27032794488352163,0.395,file_order,72,105,0,c3484ce9e51b6dc36dc0d4360ff1a1cc40a2470deca08a05544efadd1f070e70,public_data/benchmark/gate0/temperature_sweep/models/1eruA00_target_target_T0.3_0.pdb.gz,monomer,full_dbs,2020-05-14,ok,
1eruA00|target|target|T0.3|1,1eruA00|target|target,1eruA00,0.3,target,0.7208277900376051,97.6944761904762,0.363390062658903,0.4204,file_order,72,105,0,c3484ce9e51b6dc36dc0d4360ff1a1cc40a2470deca08a05544efadd1f070e70,public_data/benchmark/gate0/temperature_sweep/models/1eruA00_target_target_T0.3_1.pdb.gz,monomer,full_dbs,2020-05-14,ok,
1eruA00|target|target|T0.3|2,1eruA00|target|target,1eruA00,0.3,target,0.7450494433801825,97.55066666666666,0.36968840848211965,0.4398,file_order,72,105,0,c3484ce9e51b6dc36dc0d4360ff1a1cc40a2470deca08a05544efadd1f070e70,public_data/benchmark/gate0/temperature_sweep/models/1eruA00_target_target_T0.3_2.pdb.gz,monomer,full_dbs,2020-05-14,ok,
1eruA00|target|target|T0.3|4,1eruA00|target|target,1eruA00,0.3,target,0.7395843871681743,96.52542857142858,0.3367670145507253,0.4333,file_order,72,105,0,c3484ce9e51b6dc36dc0d4360ff1a1cc40a2470deca08a05544efadd1f070e70,public_data/benchmark/gate0/temperature_sweep/models/1eruA00_target_target_T0.3_4.pdb.gz,monomer,full_dbs,2020-05-14,ok,
1eruA00|target|target|T0.3|5,1eruA00|target|target,1eruA00,0.3,target,0.7111451778766378,95.75342857142857,0.37395103505279836,0.4927,file_order,72,105,0,c3484ce9e51b6dc36dc0d4360ff1a1cc40a2470deca08a05544efadd1f070e70,public_data/benchmark/gate0/temperature_sweep/models/1eruA00_target_target_T0.3_5.pdb.gz,monomer,full_dbs,2020-05-14,ok,
1eruA00|target|target|T0.3|6,1eruA00|target|target,1eruA00,0.3,target,0.7340440008749307,97.79914285714285,0.4569687413719207,0.5349,file_order,72,105,0,c3484ce9e51b6dc36dc0d4360ff1a1cc40a2470deca08a05544efadd1f070e70,public_data/benchmark/gate0/temperature_sweep/models/1eruA00_target_target_T0.3_6.pdb.gz,monomer,full_dbs,2020-05-14,ok,
1eruA00|target|target|T0.3|7,1eruA00|target|target,1eruA00,0.3,target,0.77356844305634,97.57504761904761,0.335375611454182,0.4699,file_order,72,105,0,c3484ce9e51b6dc36dc0d4360ff1a1cc40a2470deca08a05544efadd1f070e70,public_data/benchmark/gate0/temperature_sweep/models/1eruA00_target_target_T0.3_7.pdb.gz,monomer,full_dbs,2020-05-14,ok,
1hufA00|target|target|T0.05|0,1hufA00|target|target,1hufA00,0.05,target,0.7569923388195972,79.5569105691057,1.2321964038843551,1.5824,file_order,80,123,0,de66e9776838b7f282fb9409a15c5bc5015a421c977a5056c4f1a2ce974d6efe,public_data/benchmark/gate0/temperature_sweep/models/1hufA00_target_target_T0.05_0.pdb.gz,monomer,full_dbs,2020-05-14,ok,
1eruA00|target|target|T0.3|3,1eruA00|target|target,1eruA00,0.3,target,0.7475738349093666,96.63209523809525,0.36551865628420255,0.4152,file_order,72,105,0,c3484ce9e51b6dc36dc0d4360ff1a1cc40a2470deca08a05544efadd1f070e70,public_data/benchmark/gate0/temperature_sweep/models/1eruA00_target_target_T0.3_3.pdb.gz,monomer,full_dbs,2020-05-14,ok,
1hufA00|target|target|T0.05|1,1hufA00|target|target,1hufA00,0.05,target,0.7448287641394561,93.17333333333333,0.5036811760400884,0.6307,file_order,80,123,0,de66e9776838b7f282fb9409a15c5bc5015a421c977a5056c4f1a2ce974d6efe,public_data/benchmark/gate0/temperature_sweep/models/1hufA00_target_target_T0.05_1.pdb.gz,monomer,full_dbs,2020-05-14,ok,
1hufA00|target|target|T0.05|2,1hufA00|target|target,1hufA00,0.05,target,0.6971622826666588,77.54032520325202,1.3443179815632857,1.8084,file_order,80,123,0,de66e9776838b7f282fb9409a15c5bc5015a421c977a5056c4f1a2ce974d6efe,public_data/benchmark/gate0/temperature_sweep/models/1hufA00_target_target_T0.05_2.pdb.gz,monomer,full_dbs,2020-05-14,ok,
1hufA00|target|target|T0.05|4,1hufA00|target|target,1hufA00,0.05,target,0.7482132799971464,93.5409756097561,0.6638450696209314,0.7328,file_order,80,123,0,de66e9776838b7f282fb9409a15c5bc5015a421c977a5056c4f1a2ce974d6efe,public_data/benchmark/gate0/temperature_sweep/models/1hufA00_target_target_T0.05_4.pdb.gz,monomer,full_dbs,2020-05-14,ok,
1hufA00|target|target|T0.05|3,1hufA00|target|target,1hufA00,0.05,target,0.7623358121872282,94.4151219512195,0.4852854612448228,0.5203,file_order,80,123,0,de66e9776838b7f282fb9409a15c5bc5015a421c977a5056c4f1a2ce974d6efe,public_data/benchmark/gate0/temperature_sweep/models/1hufA00_target_target_T0.05_3.pdb.gz,monomer,full_dbs,2020-05-14,ok,
1hufA00|target|target|T0.05|5,1hufA00|target|target,1hufA00,0.05,target,0.7784377375159406,90.67219512195122,0.5628689173838638,0.6763,file_order,80,123,0,de66e9776838b7f282fb9409a15c5bc5015a421c977a5056c4f1a2ce974d6efe,public_data/benchmark/gate0/temperature_sweep/models/1hufA00_target_target_T0.05_5.pdb.gz,monomer,full_dbs,2020-05-14,ok,
1hufA00|target|target|T0.05|6,1hufA00|target|target,1hufA00,0.05,target,0.7801158235603312,89.69252032520325,0.4324345934905269,0.5072,file_order,80,123,0,de66e9776838b7f282fb9409a15c5bc5015a421c977a5056c4f1a2ce974d6efe,public_data/benchmark/gate0/temperature_sweep/models/1hufA00_target_target_T0.05_6.pdb.gz,monomer,full_dbs,2020-05-14,ok,
1hufA00|target|target|T0.05|7,1hufA00|target|target,1hufA00,0.05,target,0.6804351639958763,92.28317073170732,0.6509353203425303,0.7654,file_order,80,123,0,de66e9776838b7f282fb9409a15c5bc5015a421c977a5056c4f1a2ce974d6efe,public_data/benchmark/gate0/temperature_sweep/models/1hufA00_target_target_T0.05_7.pdb.gz,monomer,full_dbs,2020-05-14,ok,
1hufA00|target|target|T0.1|2,1hufA00|target|target,1hufA00,0.1,target,0.8080010059367984,81.28520325203252,1.6104841768311493,2.5139,file_order,80,123,0,de66e9776838b7f282fb9409a15c5bc5015a421c977a5056c4f1a2ce974d6efe,public_data/benchmark/gate0/temperature_sweep/models/1hufA00_target_target_T0.1_2.pdb.gz,monomer,full_dbs,2020-05-14,ok,
1hufA00|target|target|T0.1|3,1hufA00|target|target,1hufA00,0.1,target,0.619129174978139,95.17138211382114,0.5948657517406085,0.6167,file_order,80,123,0,de66e9776838b7f282fb9409a15c5bc5015a421c977a5056c4f1a2ce974d6efe,public_data/benchmark/gate0/temperature_sweep/models/1hufA00_target_target_T0.1_3.pdb.gz,monomer,full_dbs,2020-05-14,ok,
1hufA00|target|target|T0.1|4,1hufA00|target|target,1hufA00,0.1,target,0.693026953081414,94.4778861788618,0.45174893948976924,0.4821,file_order,80,123,0,de66e9776838b7f282fb9409a15c5bc5015a421c977a5056c4f1a2ce974d6efe,public_data/benchmark/gate0/temperature_sweep/models/1hufA00_target_target_T0.1_4.pdb.gz,monomer,full_dbs,2020-05-14,ok,
1hufA00|target|target|T0.1|1,1hufA00|target|target,1hufA00,0.1,target,0.8299172128348258,82.270081300813,0.7579240285256433,0.8922,file_order,80,123,0,de66e9776838b7f282fb9409a15c5bc5015a421c977a5056c4f1a2ce974d6efe,public_data/benchmark/gate0/temperature_sweep/models/1hufA00_target_target_T0.1_1.pdb.gz,monomer,full_dbs,2020-05-14,ok,
1hufA00|target|target|T0.1|0,1hufA00|target|target,1hufA00,0.1,target,0.6455819013230366,89.13276422764227,0.5289567100269884,0.5753,file_order,80,123,0,de66e9776838b7f282fb9409a15c5bc5015a421c977a5056c4f1a2ce974d6efe,public_data/benchmark/gate0/temperature_sweep/models/1hufA00_target_target_T0.1_0.pdb.gz,monomer,full_dbs,2020-05-14,ok,
1hufA00|target|target|T0.1|5,1hufA00|target|target,1hufA00,0.1,target,0.7747705314735885,91.26032520325204,0.4418423375196206,0.5144,file_order,80,123,0,de66e9776838b7f282fb9409a15c5bc5015a421c977a5056c4f1a2ce974d6efe,public_data/benchmark/gate0/temperature_sweep/models/1hufA00_target_target_T0.1_5.pdb.gz,monomer,full_dbs,2020-05-14,ok,
1hufA00|target|target|T0.1|7,1hufA00|target|target,1hufA00,0.1,target,0.7293929245796031,91.0830081300813,0.6293606828626567,0.7309,file_order,80,123,0,de66e9776838b7f282fb9409a15c5bc5015a421c977a5056c4f1a2ce974d6efe,public_data/benchmark/gate0/temperature_sweep/models/1hufA00_target_target_T0.1_7.pdb.gz,monomer,full_dbs,2020-05-14,ok,
1hufA00|target|target|T0.2|0,1hufA00|target|target,1hufA00,0.2,target,0.6466972334423038,83.62577235772358,1.432576776441286,2.0847,file_order,80,123,0,de66e9776838b7f282fb9409a15c5bc5015a421c977a5056c4f1a2ce974d6efe,public_data/benchmark/gate0/temperature_sweep/models/1hufA00_target_target_T0.2_0.pdb.gz,monomer,full_dbs,2020-05-14,ok,
1hufA00|target|target|T0.2|2,1hufA00|target|target,1hufA00,0.2,target,0.8112589578986253,90.3169918699187,0.4376434014394091,0.4984,file_order,80,123,0,de66e9776838b7f282fb9409a15c5bc5015a421c977a5056c4f1a2ce974d6efe,public_data/benchmark/gate0/temperature_sweep/models/1hufA00_target_target_T0.2_2.pdb.gz,monomer,full_dbs,2020-05-14,ok,
1hufA00|target|target|T0.2|1,1hufA00|target|target,1hufA00,0.2,target,0.8159440037589035,93.53333333333333,0.5634852929872436,0.6821,file_order,80,123,0,de66e9776838b7f282fb9409a15c5bc5015a421c977a5056c4f1a2ce974d6efe,public_data/benchmark/gate0/temperature_sweep/models/1hufA00_target_target_T0.2_1.pdb.gz,monomer,full_dbs,2020-05-14,ok,
1hufA00|target|target|T0.2|4,1hufA00|target|target,1hufA00,0.2,target,0.7842710124823306,68.40869918699187,2.1222887880216885,3.0594,file_order,80,123,0,de66e9776838b7f282fb9409a15c5bc5015a421c977a5056c4f1a2ce974d6efe,public_data/benchmark/gate0/temperature_sweep/models/1hufA00_target_target_T0.2_4.pdb.gz,monomer,full_dbs,2020-05-14,ok,
1hufA00|target|target|T0.2|3,1hufA00|target|target,1hufA00,0.2,target,0.8198190396242895,72.57552845528456,1.852253773407222,3.6347,file_order,80,123,0,de66e9776838b7f282fb9409a15c5bc5015a421c977a5056c4f1a2ce974d6efe,public_data/benchmark/gate0/temperature_sweep/models/1hufA00_target_target_T0.2_3.pdb.gz,monomer,full_dbs,2020-05-14,ok,
1hufA00|target|target|T0.2|5,1hufA00|target|target,1hufA00,0.2,target,0.7367109403726939,97.16813008130082,0.5880010031330448,0.7349,file_order,80,123,0,de66e9776838b7f282fb9409a15c5bc5015a421c977a5056c4f1a2ce974d6efe,public_data/benchmark/gate0/temperature_sweep/models/1hufA00_target_target_T0.2_5.pdb.gz,monomer,full_dbs,2020-05-14,ok,
1hufA00|target|target|T0.2|6,1hufA00|target|target,1hufA00,0.2,target,0.5633967870665254,95.14626016260162,0.6902884353788424,0.7803,file_order,80,123,0,de66e9776838b7f282fb9409a15c5bc5015a421c977a5056c4f1a2ce974d6efe,public_data/benchmark/gate0/temperature_sweep/models/1hufA00_target_target_T0.2_6.pdb.gz,monomer,full_dbs,2020-05-14,ok,
1hufA00|target|target|T0.2|7,1hufA00|target|target,1hufA00,0.2,target,0.6729649763894909,92.41666666666667,0.665586531999391,0.8035,file_order,80,123,0,de66e9776838b7f282fb9409a15c5bc5015a421c977a5056c4f1a2ce974d6efe,public_data/benchmark/gate0/temperature_sweep/models/1hufA00_target_target_T0.2_7.pdb.gz,monomer,full_dbs,2020-05-14,ok,
1hufA00|target|target|T0.3|1,1hufA00|target|target,1hufA00,0.3,target,0.6001712886502466,95.38837398373984,0.39184282297930784,0.4908,file_order,80,123,0,de66e9776838b7f282fb9409a15c5bc5015a421c977a5056c4f1a2ce974d6efe,public_data/benchmark/gate0/temperature_sweep/models/1hufA00_target_target_T0.3_1.pdb.gz,monomer,full_dbs,2020-05-14,ok,
1hufA00|target|target|T0.1|6,1hufA00|target|target,1hufA00,0.1,target,0.8156996841740399,94.61325203252032,0.5962536644056823,0.724,file_order,80,123,0,de66e9776838b7f282fb9409a15c5bc5015a421c977a5056c4f1a2ce974d6efe,public_data/benchmark/gate0/temperature_sweep/models/1hufA00_target_target_T0.1_6.pdb.gz,monomer,full_dbs,2020-05-14,ok,
1hufA00|target|target|T0.3|3,1hufA00|target|target,1hufA00,0.3,target,0.795601089815287,87.80430894308944,0.7661134712878753,0.8951,file_order,80,123,0,de66e9776838b7f282fb9409a15c5bc5015a421c977a5056c4f1a2ce974d6efe,public_data/benchmark/gate0/temperature_sweep/models/1hufA00_target_target_T0.3_3.pdb.gz,monomer,full_dbs,2020-05-14,ok,
1hufA00|target|target|T0.3|4,1hufA00|target|target,1hufA00,0.3,target,0.7605636817074372,86.12626016260162,1.6983794093143387,2.3474,file_order,80,123,0,de66e9776838b7f282fb9409a15c5bc5015a421c977a5056c4f1a2ce974d6efe,public_data/benchmark/gate0/temperature_sweep/models/1hufA00_target_target_T0.3_4.pdb.gz,monomer,full_dbs,2020-05-14,ok,
1hufA00|target|target|T0.3|2,1hufA00|target|target,1hufA00,0.3,target,0.7039838628175046,94.00138211382114,0.5819396800358668,0.7056,file_order,80,123,0,de66e9776838b7f282fb9409a15c5bc5015a421c977a5056c4f1a2ce974d6efe,public_data/benchmark/gate0/temperature_sweep/models/1hufA00_target_target_T0.3_2.pdb.gz,monomer,full_dbs,2020-05-14,ok,
1hufA00|target|target|T0.3|0,1hufA00|target|target,1hufA00,0.3,target,0.6570287833920306,93.74650406504065,0.5406314262914721,0.6589,file_order,80,123,0,de66e9776838b7f282fb9409a15c5bc5015a421c977a5056c4f1a2ce974d6efe,public_data/benchmark/gate0/temperature_sweep/models/1hufA00_target_target_T0.3_0.pdb.gz,monomer,full_dbs,2020-05-14,ok,
1hufA00|target|target|T0.3|7,1hufA00|target|target,1hufA00,0.3,target,0.7850951850095216,92.62300813008129,0.6929999847109181,0.7984,file_order,80,123,0,de66e9776838b7f282fb9409a15c5bc5015a421c977a5056c4f1a2ce974d6efe,public_data/benchmark/gate0/temperature_sweep/models/1hufA00_target_target_T0.3_7.pdb.gz,monomer,full_dbs,2020-05-14,ok,
1hufA00|target|target|T0.3|6,1hufA00|target|target,1hufA00,0.3,target,0.4232933503642863,95.15894308943089,0.5757412470817072,0.637,file_order,80,123,0,de66e9776838b7f282fb9409a15c5bc5015a421c977a5056c4f1a2ce974d6efe,public_data/benchmark/gate0/temperature_sweep/models/1hufA00_target_target_T0.3_6.pdb.gz,monomer,full_dbs,2020-05-14,ok,
1hufA00|target|target|T0.3|5,1hufA00|target|target,1hufA00,0.3,target,0.7209680019653504,86.4090243902439,0.8943294532318863,0.9312,file_order,80,123,0,de66e9776838b7f282fb9409a15c5bc5015a421c977a5056c4f1a2ce974d6efe,public_data/benchmark/gate0/temperature_sweep/models/1hufA00_target_target_T0.3_5.pdb.gz,monomer,full_dbs,2020-05-14,ok,
1jygA00|target|target|T0.05|1,1jygA00|target|target,1jygA00,0.05,target,0.8558042063887263,73.21028985507246,3.3219296532151117,6.3361,file_order,44,69,0,f32e343d36c867dc6717986636ea418033e6895f0712331d8e726767cabf5c92,public_data/benchmark/gate0/temperature_sweep/models/1jygA00_target_target_T0.05_1.pdb.gz,monomer,full_dbs,2020-05-14,ok,
1jygA00|target|target|T0.05|3,1jygA00|target|target,1jygA00,0.05,target,0.8871574494737052,72.8208695652174,7.68032956749728,10.031,file_order,44,69,0,f32e343d36c867dc6717986636ea418033e6895f0712331d8e726767cabf5c92,public_data/benchmark/gate0/temperature_sweep/models/1jygA00_target_target_T0.05_3.pdb.gz,monomer,full_dbs,2020-05-14,ok,
1jygA00|target|target|T0.05|0,1jygA00|target|target,1jygA00,0.05,target,0.8621238926552874,71.07724637681159,6.925794339572094,9.3677,file_order,44,69,0,f32e343d36c867dc6717986636ea418033e6895f0712331d8e726767cabf5c92,public_data/benchmark/gate0/temperature_sweep/models/1jygA00_target_target_T0.05_0.pdb.gz,monomer,full_dbs,2020-05-14,ok,
1jygA00|target|target|T0.05|4,1jygA00|target|target,1jygA00,0.05,target,0.7958538996495435,79.85449275362319,0.8013491079768075,4.6442,file_order,44,69,0,f32e343d36c867dc6717986636ea418033e6895f0712331d8e726767cabf5c92,public_data/benchmark/gate0/temperature_sweep/models/1jygA00_target_target_T0.05_4.pdb.gz,monomer,full_dbs,2020-05-14,ok,
1jygA00|target|target|T0.05|2,1jygA00|target|target,1jygA00,0.05,target,0.9411535011700478,81.4123188405797,1.9098858934633547,4.5126,file_order,44,69,0,f32e343d36c867dc6717986636ea418033e6895f0712331d8e726767cabf5c92,public_data/benchmark/gate0/temperature_sweep/models/1jygA00_target_target_T0.05_2.pdb.gz,monomer,full_dbs,2020-05-14,ok,
1jygA00|target|target|T0.05|7,1jygA00|target|target,1jygA00,0.05,target,0.8603921345995111,85.70260869565217,1.3917414044255163,4.5172,file_order,44,69,0,f32e343d36c867dc6717986636ea418033e6895f0712331d8e726767cabf5c92,public_data/benchmark/gate0/temperature_sweep/models/1jygA00_target_target_T0.05_7.pdb.gz,monomer,full_dbs,2020-05-14,ok,
1jygA00|target|target|T0.05|5,1jygA00|target|target,1jygA00,0.05,target,0.744734697450293,76.54710144927536,0.9771982907529525,3.5422,file_order,44,69,0,f32e343d36c867dc6717986636ea418033e6895f0712331d8e726767cabf5c92,public_data/benchmark/gate0/temperature_sweep/models/1jygA00_target_target_T0.05_5.pdb.gz,monomer,full_dbs,2020-05-14,ok,
1jygA00|target|target|T0.1|0,1jygA00|target|target,1jygA00,0.1,target,0.8603921345995111,82.39840579710145,0.8715040948428063,5.3868,file_order,44,69,0,f32e343d36c867dc6717986636ea418033e6895f0712331d8e726767cabf5c92,public_data/benchmark/gate0/temperature_sweep/models/1jygA00_target_target_T0.1_0.pdb.gz,monomer,full_dbs,2020-05-14,ok,
1jygA00|target|target|T0.05|6,1jygA00|target|target,1jygA00,0.05,target,0.8309624556741058,77.14623188405797,1.5984387266485827,4.9245,file_order,44,69,0,f32e343d36c867dc6717986636ea418033e6895f0712331d8e726767cabf5c92,public_data/benchmark/gate0/temperature_sweep/models/1jygA00_target_target_T0.05_6.pdb.gz,monomer,full_dbs,2020-05-14,ok,
1jygA00|target|target|T0.1|2,1jygA00|target|target,1jygA00,0.1,target,0.8230851775879314,86.19304347826086,1.0461080536136698,4.3713,file_order,44,69,0,f32e343d36c867dc6717986636ea418033e6895f0712331d8e726767cabf5c92,public_data/benchmark/gate0/temperature_sweep/models/1jygA00_target_target_T0.1_2.pdb.gz,monomer,full_dbs,2020-05-14,ok,
1jygA00|target|target|T0.1|1,1jygA00|target|target,1jygA00,0.1,target,0.8157953173742334,87.66753623188406,1.13528788816531,4.7276,file_order,44,69,0,f32e343d36c867dc6717986636ea418033e6895f0712331d8e726767cabf5c92,public_data/benchmark/gate0/temperature_sweep/models/1jygA00_target_target_T0.1_1.pdb.gz,monomer,full_dbs,2020-05-14,ok,
1jygA00|target|target|T0.1|3,1jygA00|target|target,1jygA00,0.1,target,0.8561615285443216,76.37623188405797,6.746081502877772,9.4271,file_order,44,69,0,f32e343d36c867dc6717986636ea418033e6895f0712331d8e726767cabf5c92,public_data/benchmark/gate0/temperature_sweep/models/1jygA00_target_target_T0.1_3.pdb.gz,monomer,full_dbs,2020-05-14,ok,
1jygA00|target|target|T0.1|4,1jygA00|target|target,1jygA00,0.1,target,0.8990457670210917,85.37362318840579,0.9318052386049026,4.4271,file_order,44,69,0,f32e343d36c867dc6717986636ea418033e6895f0712331d8e726767cabf5c92,public_data/benchmark/gate0/temperature_sweep/models/1jygA00_target_target_T0.1_4.pdb.gz,monomer,full_dbs,2020-05-14,ok,
1jygA00|target|target|T0.1|5,1jygA00|target|target,1jygA00,0.1,target,0.9188815190685702,78.7872463768116,3.4564554579168254,5.5814,file_order,44,69,0,f32e343d36c867dc6717986636ea418033e6895f0712331d8e726767cabf5c92,public_data/benchmark/gate0/temperature_sweep/models/1jygA00_target_target_T0.1_5.pdb.gz,monomer,full_dbs,2020-05-14,ok,
1jygA00|target|target|T0.2|0,1jygA00|target|target,1jygA00,0.2,target,0.7090994838828198,85.61898550724638,0.857557343967361,5.8948,file_order,44,69,0,f32e343d36c867dc6717986636ea418033e6895f0712331d8e726767cabf5c92,public_data/benchmark/gate0/temperature_sweep/models/1jygA00_target_target_T0.2_0.pdb.gz,monomer,full_dbs,2020-05-14,ok,
1jygA00|target|target|T0.1|7,1jygA00|target|target,1jygA00,0.1,target,0.8341946383088791,82.01072463768115,0.7660017077732997,5.0056,file_order,44,69,0,f32e343d36c867dc6717986636ea418033e6895f0712331d8e726767cabf5c92,public_data/benchmark/gate0/temperature_sweep/models/1jygA00_target_target_T0.1_7.pdb.gz,monomer,full_dbs,2020-05-14,ok,
1jygA00|target|target|T0.2|2,1jygA00|target|target,1jygA00,0.2,target,0.8781549029841081,75.79391304347826,1.4565084507241786,3.4998,file_order,44,69,0,f32e343d36c867dc6717986636ea418033e6895f0712331d8e726767cabf5c92,public_data/benchmark/gate0/temperature_sweep/models/1jygA00_target_target_T0.2_2.pdb.gz,monomer,full_dbs,2020-05-14,ok,
1jygA00|target|target|T0.1|6,1jygA00|target|target,1jygA00,0.1,target,0.8361894914287956,82.65840579710145,0.9058209413883291,4.2314,file_order,44,69,0,f32e343d36c867dc6717986636ea418033e6895f0712331d8e726767cabf5c92,public_data/benchmark/gate0/temperature_sweep/models/1jygA00_target_target_T0.1_6.pdb.gz,monomer,full_dbs,2020-05-14,ok,
1jygA00|target|target|T0.2|3,1jygA00|target|target,1jygA00,0.2,target,0.9133136247642938,74.25536231884058,4.3561648498467775,6.3255,file_order,44,69,0,f32e343d36c867dc6717986636ea418033e6895f0712331d8e726767cabf5c92,public_data/benchmark/gate0/temperature_sweep/models/1jygA00_target_target_T0.2_3.pdb.gz,monomer,full_dbs,2020-05-14,ok,
1jygA00|target|target|T0.2|4,1jygA00|target|target,1jygA00,0.2,target,0.9006133266035713,78.7431884057971,0.8005283862952519,5.928,file_order,44,69,0,f32e343d36c867dc6717986636ea418033e6895f0712331d8e726767cabf5c92,public_data/benchmark/gate0/temperature_sweep/models/1jygA00_target_target_T0.2_4.pdb.gz,monomer,full_dbs,2020-05-14,ok,
1jygA00|target|target|T0.2|1,1jygA00|target|target,1jygA00,0.2,target,0.779375188587483,82.04014492753622,0.8389638099401334,4.5791,file_order,44,69,0,f32e343d36c867dc6717986636ea418033e6895f0712331d8e726767cabf5c92,public_data/benchmark/gate0/temperature_sweep/models/1jygA00_target_target_T0.2_1.pdb.gz,monomer,full_dbs,2020-05-14,ok,
1jygA00|target|target|T0.3|0,1jygA00|target|target,1jygA00,0.3,target,0.8341946383088791,69.01115942028986,2.2572903728494302,4.6281,file_order,44,69,0,f32e343d36c867dc6717986636ea418033e6895f0712331d8e726767cabf5c92,public_data/benchmark/gate0/temperature_sweep/models/1jygA00_target_target_T0.3_0.pdb.gz,monomer,full_dbs,2020-05-14,ok,
1jygA00|target|target|T0.2|5,1jygA00|target|target,1jygA00,0.2,target,0.7272807230088584,82.90478260869565,1.0326819336669388,5.3459,file_order,44,69,0,f32e343d36c867dc6717986636ea418033e6895f0712331d8e726767cabf5c92,public_data/benchmark/gate0/temperature_sweep/models/1jygA00_target_target_T0.2_5.pdb.gz,monomer,full_dbs,2020-05-14,ok,
1jygA00|target|target|T0.2|6,1jygA00|target|target,1jygA00,0.2,target,0.8740652709586111,81.5959420289855,0.9220116710691713,4.2936,file_order,44,69,0,f32e343d36c867dc6717986636ea418033e6895f0712331d8e726767cabf5c92,public_data/benchmark/gate0/temperature_sweep/models/1jygA00_target_target_T0.2_6.pdb.gz,monomer,full_dbs,2020-05-14,ok,
1jygA00|target|target|T0.3|2,1jygA00|target|target,1jygA00,0.3,target,0.8651955609446681,80.11492753623189,2.1075898592737117,4.4318,file_order,44,69,0,f32e343d36c867dc6717986636ea418033e6895f0712331d8e726767cabf5c92,public_data/benchmark/gate0/temperature_sweep/models/1jygA00_target_target_T0.3_2.pdb.gz,monomer,full_dbs,2020-05-14,ok,
1jygA00|target|target|T0.2|7,1jygA00|target|target,1jygA00,0.2,target,0.8971892417240785,70.85231884057971,1.4778053888007625,3.1877,file_order,44,69,0,f32e343d36c867dc6717986636ea418033e6895f0712331d8e726767cabf5c92,public_data/benchmark/gate0/temperature_sweep/models/1jygA00_target_target_T0.2_7.pdb.gz,monomer,full_dbs,2020-05-14,ok,
1jygA00|target|target|T0.3|1,1jygA00|target|target,1jygA00,0.3,target,0.88540466385509,77.47768115942029,1.963263555562004,4.6088,file_order,44,69,0,f32e343d36c867dc6717986636ea418033e6895f0712331d8e726767cabf5c92,public_data/benchmark/gate0/temperature_sweep/models/1jygA00_target_target_T0.3_1.pdb.gz,monomer,full_dbs,2020-05-14,ok,
1jygA00|target|target|T0.3|5,1jygA00|target|target,1jygA00,0.3,target,0.7587954579574099,76.01159420289855,0.862066337041147,4.9353,file_order,44,69,0,f32e343d36c867dc6717986636ea418033e6895f0712331d8e726767cabf5c92,public_data/benchmark/gate0/temperature_sweep/models/1jygA00_target_target_T0.3_5.pdb.gz,monomer,full_dbs,2020-05-14,ok,
1jygA00|target|target|T0.3|4,1jygA00|target|target,1jygA00,0.3,target,0.8781549029841081,76.94898550724638,3.3553716262821154,5.2224,file_order,44,69,0,f32e343d36c867dc6717986636ea418033e6895f0712331d8e726767cabf5c92,public_data/benchmark/gate0/temperature_sweep/models/1jygA00_target_target_T0.3_4.pdb.gz,monomer,full_dbs,2020-05-14,ok,
1jygA00|target|target|T0.3|3,1jygA00|target|target,1jygA00,0.3,target,0.8209649104253872,81.05666666666666,0.8067132559449739,4.5881,file_order,44,69,0,f32e343d36c867dc6717986636ea418033e6895f0712331d8e726767cabf5c92,public_data/benchmark/gate0/temperature_sweep/models/1jygA00_target_target_T0.3_3.pdb.gz,monomer,full_dbs,2020-05-14,ok,
1jygA00|target|target|T0.3|6,1jygA00|target|target,1jygA00,0.3,target,0.9146806656296897,77.13550724637682,1.3045169084446624,4.6438,file_order,44,69,0,f32e343d36c867dc6717986636ea418033e6895f0712331d8e726767cabf5c92,public_data/benchmark/gate0/temperature_sweep/models/1jygA00_target_target_T0.3_6.pdb.gz,monomer,full_dbs,2020-05-14,ok,
1jygA00|target|target|T0.3|7,1jygA00|target|target,1jygA00,0.3,target,0.8521902791991254,77.23927536231885,2.1893076195156858,6.2266,file_order,44,69,0,f32e343d36c867dc6717986636ea418033e6895f0712331d8e726767cabf5c92,public_data/benchmark/gate0/temperature_sweep/models/1jygA00_target_target_T0.3_7.pdb.gz,monomer,full_dbs,2020-05-14,ok,
1ktuA00|target|target|T0.05|0,1ktuA00|target|target,1ktuA00,0.05,target,0.7307284726257022,49.78391608391609,12.283591252536194,13.7425,file_order,66,143,0,e52e7a926f80f655c9a9c773abfea311cd6f29a1c618a80e2e4c1605c2fe21d9,public_data/benchmark/gate0/temperature_sweep/models/1ktuA00_target_target_T0.05_0.pdb.gz,monomer,full_dbs,2020-05-14,ok,
1ktuA00|target|target|T0.05|3,1ktuA00|target|target,1ktuA00,0.05,target,0.7141864108590215,55.03090909090909,4.558932262329954,6.6082,file_order,66,143,0,e52e7a926f80f655c9a9c773abfea311cd6f29a1c618a80e2e4c1605c2fe21d9,public_data/benchmark/gate0/temperature_sweep/models/1ktuA00_target_target_T0.05_3.pdb.gz,monomer,full_dbs,2020-05-14,ok,
1ktuA00|target|target|T0.05|2,1ktuA00|target|target,1ktuA00,0.05,target,0.6156319989687,51.92986013986014,5.716647204310957,8.6907,file_order,66,143,0,e52e7a926f80f655c9a9c773abfea311cd6f29a1c618a80e2e4c1605c2fe21d9,public_data/benchmark/gate0/temperature_sweep/models/1ktuA00_target_target_T0.05_2.pdb.gz,monomer,full_dbs,2020-05-14,ok,
1ktuA00|target|target|T0.05|5,1ktuA00|target|target,1ktuA00,0.05,target,0.377639276819499,52.600419580419576,13.993379745595613,15.6976,file_order,66,143,0,e52e7a926f80f655c9a9c773abfea311cd6f29a1c618a80e2e4c1605c2fe21d9,public_data/benchmark/gate0/temperature_sweep/models/1ktuA00_target_target_T0.05_5.pdb.gz,monomer,full_dbs,2020-05-14,ok,
1ktuA00|target|target|T0.05|4,1ktuA00|target|target,1ktuA00,0.05,target,0.6999947220194299,49.44783216783217,4.447381438794299,6.1809,file_order,66,143,0,e52e7a926f80f655c9a9c773abfea311cd6f29a1c618a80e2e4c1605c2fe21d9,public_data/benchmark/gate0/temperature_sweep/models/1ktuA00_target_target_T0.05_4.pdb.gz,monomer,full_dbs,2020-05-14,ok,
1ktuA00|target|target|T0.05|7,1ktuA00|target|target,1ktuA00,0.05,target,0.7821162900349237,57.863706293706294,4.484280661027217,6.2838,file_order,66,143,0,e52e7a926f80f655c9a9c773abfea311cd6f29a1c618a80e2e4c1605c2fe21d9,public_data/benchmark/gate0/temperature_sweep/models/1ktuA00_target_target_T0.05_7.pdb.gz,monomer,full_dbs,2020-05-14,ok,
1ktuA00|target|target|T0.1|0,1ktuA00|target|target,1ktuA00,0.1,target,0.8078474907785252,56.78020979020979,3.1597687038471007,5.6566,file_order,66,143,0,e52e7a926f80f655c9a9c773abfea311cd6f29a1c618a80e2e4c1605c2fe21d9,public_data/benchmark/gate0/temperature_sweep/models/1ktuA00_target_target_T0.1_0.pdb.gz,monomer,full_dbs,2020-05-14,ok,
1ktuA00|target|target|T0.05|1,1ktuA00|target|target,1ktuA00,0.05,target,0.6113207038367112,48.94888111888112,9.399376241257755,11.6177,file_order,66,143,0,e52e7a926f80f655c9a9c773abfea311cd6f29a1c618a80e2e4c1605c2fe21d9,public_data/benchmark/gate0/temperature_sweep/models/1ktuA00_target_target_T0.05_1.pdb.gz,monomer,full_dbs,2020-05-14,ok,
1ktuA00|target|target|T0.05|6,1ktuA00|target|target,1ktuA00,0.05,target,0.8028045766318863,43.61846153846154,11.18381642115966,13.7502,file_order,66,143,0,e52e7a926f80f655c9a9c773abfea311cd6f29a1c618a80e2e4c1605c2fe21d9,public_data/benchmark/gate0/temperature_sweep/models/1ktuA00_target_target_T0.05_6.pdb.gz,monomer,full_dbs,2020-05-14,ok,
1ktuA00|target|target|T0.1|1,1ktuA00|target|target,1ktuA00,0.1,target,0.6654845083123107,53.35531468531469,3.907013791738352,6.2236,file_order,66,143,0,e52e7a926f80f655c9a9c773abfea311cd6f29a1c618a80e2e4c1605c2fe21d9,public_data/benchmark/gate0/temperature_sweep/models/1ktuA00_target_target_T0.1_1.pdb.gz,monomer,full_dbs,2020-05-14,ok,
1ktuA00|target|target|T0.1|2,1ktuA00|target|target,1ktuA00,0.1,target,0.5128642931893488,47.352657342657345,5.445663372554605,8.1579,file_order,66,143,0,e52e7a926f80f655c9a9c773abfea311cd6f29a1c618a80e2e4c1605c2fe21d9,public_data/benchmark/gate0/temperature_sweep/models/1ktuA00_target_target_T0.1_2.pdb.gz,monomer,full_dbs,2020-05-14,ok,
1ktuA00|target|target|T0.1|3,1ktuA00|target|target,1ktuA00,0.1,target,0.6722989611875344,51.74181818181818,4.192277347647969,5.768,file_order,66,143,0,e52e7a926f80f655c9a9c773abfea311cd6f29a1c618a80e2e4c1605c2fe21d9,public_data/benchmark/gate0/temperature_sweep/models/1ktuA00_target_target_T0.1_3.pdb.gz,monomer,full_dbs,2020-05-14,ok,
1ktuA00|target|target|T0.1|6,1ktuA00|target|target,1ktuA00,0.1,target,0.6199252044969958,52.01188811188811,4.0871997698942195,5.7453,file_order,66,143,0,e52e7a926f80f655c9a9c773abfea311cd6f29a1c618a80e2e4c1605c2fe21d9,public_data/benchmark/gate0/temperature_sweep/models/1ktuA00_target_target_T0.1_6.pdb.gz,monomer,full_dbs,2020-05-14,ok,
1ktuA00|target|target|T0.1|5,1ktuA00|target|target,1ktuA00,0.1,target,0.5874821617669551,45.49909090909091,11.140589404466159,13.7509,file_order,66,143,0,e52e7a926f80f655c9a9c773abfea311cd6f29a1c618a80e2e4c1605c2fe21d9,public_data/benchmark/gate0/temperature_sweep/models/1ktuA00_target_target_T0.1_5.pdb.gz,monomer,full_dbs,2020-05-14,ok,
1ktuA00|target|target|T0.1|7,1ktuA00|target|target,1ktuA00,0.1,target,0.5107675657770213,51.99657342657343,4.008931746625892,6.6518,file_order,66,143,0,e52e7a926f80f655c9a9c773abfea311cd6f29a1c618a80e2e4c1605c2fe21d9,public_data/benchmark/gate0/temperature_sweep/models/1ktuA00_target_target_T0.1_7.pdb.gz,monomer,full_dbs,2020-05-14,ok,
1ktuA00|target|target|T0.2|1,1ktuA00|target|target,1ktuA00,0.2,target,0.5539154368487548,39.592727272727274,11.232398484502793,13.9413,file_order,66,143,0,e52e7a926f80f655c9a9c773abfea311cd6f29a1c618a80e2e4c1605c2fe21d9,public_data/benchmark/gate0/temperature_sweep/models/1ktuA00_target_target_T0.2_1.pdb.gz,monomer,full_dbs,2020-05-14,ok,
1ktuA00|target|target|T0.2|0,1ktuA00|target|target,1ktuA00,0.2,target,0.7209885888928156,46.30979020979021,4.6428609949143675,6.6594,file_order,66,143,0,e52e7a926f80f655c9a9c773abfea311cd6f29a1c618a80e2e4c1605c2fe21d9,public_data/benchmark/gate0/temperature_sweep/models/1ktuA00_target_target_T0.2_0.pdb.gz,monomer,full_dbs,2020-05-14,ok,
1ktuA00|target|target|T0.1|4,1ktuA00|target|target,1ktuA00,0.1,target,0.7455930430848675,46.5793006993007,6.100036759120756,7.8252,file_order,66,143,0,e52e7a926f80f655c9a9c773abfea311cd6f29a1c618a80e2e4c1605c2fe21d9,public_data/benchmark/gate0/temperature_sweep/models/1ktuA00_target_target_T0.1_4.pdb.gz,monomer,full_dbs,2020-05-14,ok,
1ktuA00|target|target|T0.2|4,1ktuA00|target|target,1ktuA00,0.2,target,0.7386340595295138,44.51111888111888,7.496256483676031,9.5155,file_order,66,143,0,e52e7a926f80f655c9a9c773abfea311cd6f29a1c618a80e2e4c1605c2fe21d9,public_data/benchmark/gate0/temperature_sweep/models/1ktuA00_target_target_T0.2_4.pdb.gz,monomer,full_dbs,2020-05-14,ok,
1ktuA00|target|target|T0.2|2,1ktuA00|target|target,1ktuA00,0.2,target,0.7453276595847287,50.525104895104896,3.573612747473562,5.8069,file_order,66,143,0,e52e7a926f80f655c9a9c773abfea311cd6f29a1c618a80e2e4c1605c2fe21d9,public_data/benchmark/gate0/temperature_sweep/models/1ktuA00_target_target_T0.2_2.pdb.gz,monomer,full_dbs,2020-05-14,ok,
1ktuA00|target|target|T0.2|6,1ktuA00|target|target,1ktuA00,0.2,target,0.8219756173289297,67.1272027972028,4.5696803791659075,6.7241,file_order,66,143,0,e52e7a926f80f655c9a9c773abfea311cd6f29a1c618a80e2e4c1605c2fe21d9,public_data/benchmark/gate0/temperature_sweep/models/1ktuA00_target_target_T0.2_6.pdb.gz,monomer,full_dbs,2020-05-14,ok,
1ktuA00|target|target|T0.2|5,1ktuA00|target|target,1ktuA00,0.2,target,0.2763744361641215,40.554265734265734,16.032087410350847,20.8068,file_order,66,143,0,e52e7a926f80f655c9a9c773abfea311cd6f29a1c618a80e2e4c1605c2fe21d9,public_data/benchmark/gate0/temperature_sweep/models/1ktuA00_target_target_T0.2_5.pdb.gz,monomer,full_dbs,2020-05-14,ok,
1ktuA00|target|target|T0.2|3,1ktuA00|target|target,1ktuA00,0.2,target,0.7017540145928184,51.752027972027975,3.830420483188129,6.4419,file_order,66,143,0,e52e7a926f80f655c9a9c773abfea311cd6f29a1c618a80e2e4c1605c2fe21d9,public_data/benchmark/gate0/temperature_sweep/models/1ktuA00_target_target_T0.2_3.pdb.gz,monomer,full_dbs,2020-05-14,ok,
1ktuA00|target|target|T0.2|7,1ktuA00|target|target,1ktuA00,0.2,target,0.35427970079015314,50.821118881118885,8.10267495950099,11.5163,file_order,66,143,0,e52e7a926f80f655c9a9c773abfea311cd6f29a1c618a80e2e4c1605c2fe21d9,public_data/benchmark/gate0/temperature_sweep/models/1ktuA00_target_target_T0.2_7.pdb.gz,monomer,full_dbs,2020-05-14,ok,
1ktuA00|target|target|T0.3|1,1ktuA00|target|target,1ktuA00,0.3,target,0.8697806796567993,44.37125874125874,14.059770148195065,15.2995,file_order,66,143,0,e52e7a926f80f655c9a9c773abfea311cd6f29a1c618a80e2e4c1605c2fe21d9,public_data/benchmark/gate0/temperature_sweep/models/1ktuA00_target_target_T0.3_1.pdb.gz,monomer,full_dbs,2020-05-14,ok,
1ktuA00|target|target|T0.3|0,1ktuA00|target|target,1ktuA00,0.3,target,0.7389039746948595,43.59622377622378,13.799735866548666,18.0001,file_order,66,143,0,e52e7a926f80f655c9a9c773abfea311cd6f29a1c618a80e2e4c1605c2fe21d9,public_data/benchmark/gate0/temperature_sweep/models/1ktuA00_target_target_T0.3_0.pdb.gz,monomer,full_dbs,2020-05-14,ok,
1ktuA00|target|target|T0.3|3,1ktuA00|target|target,1ktuA00,0.3,target,0.4681550518609572,38.78258741258741,12.53238510364,14.8661,file_order,66,143,0,e52e7a926f80f655c9a9c773abfea311cd6f29a1c618a80e2e4c1605c2fe21d9,public_data/benchmark/gate0/temperature_sweep/models/1ktuA00_target_target_T0.3_3.pdb.gz,monomer,full_dbs,2020-05-14,ok,
1ktuA00|target|target|T0.3|5,1ktuA00|target|target,1ktuA00,0.3,target,0.7477095441849398,31.30230769230769,8.537431599332887,9.9882,file_order,66,143,0,e52e7a926f80f655c9a9c773abfea311cd6f29a1c618a80e2e4c1605c2fe21d9,public_data/benchmark/gate0/temperature_sweep/models/1ktuA00_target_target_T0.3_5.pdb.gz,monomer,full_dbs,2020-05-14,ok,
1ktuA00|target|target|T0.3|2,1ktuA00|target|target,1ktuA00,0.3,target,0.6964584242930397,39.40384615384615,9.204929727590065,10.5633,file_order,66,143,0,e52e7a926f80f655c9a9c773abfea311cd6f29a1c618a80e2e4c1605c2fe21d9,public_data/benchmark/gate0/temperature_sweep/models/1ktuA00_target_target_T0.3_2.pdb.gz,monomer,full_dbs,2020-05-14,ok,
1ktuA00|target|target|T0.3|6,1ktuA00|target|target,1ktuA00,0.3,target,0.692005182775438,59.41909090909091,4.318986984812477,6.9624,file_order,66,143,0,e52e7a926f80f655c9a9c773abfea311cd6f29a1c618a80e2e4c1605c2fe21d9,public_data/benchmark/gate0/temperature_sweep/models/1ktuA00_target_target_T0.3_6.pdb.gz,monomer,full_dbs,2020-05-14,ok,
1ktuA00|target|target|T0.3|4,1ktuA00|target|target,1ktuA00,0.3,target,0.5027272456802617,40.01573426573427,12.557049473791468,16.8241,file_order,66,143,0,e52e7a926f80f655c9a9c773abfea311cd6f29a1c618a80e2e4c1605c2fe21d9,public_data/benchmark/gate0/temperature_sweep/models/1ktuA00_target_target_T0.3_4.pdb.gz,monomer,full_dbs,2020-05-14,ok,
1l5cA00|target|target|T0.05|0,1l5cA00|target|target,1l5cA00,0.05,target,0.2829247145070276,49.6704347826087,10.710273802923599,12.6008,file_order,36,92,0,1d1392b3783e2dbd477310b74b3e5e7c8a3fad3db2a773b0873c67ac159d4bd9,public_data/benchmark/gate0/temperature_sweep/models/1l5cA00_target_target_T0.05_0.pdb.gz,monomer,full_dbs,2020-05-14,ok,
1l5cA00|target|target|T0.05|1,1l5cA00|target|target,1l5cA00,0.05,target,0.46971104512472467,49.51793478260869,10.707654711738304,14.4749,file_order,36,92,0,1d1392b3783e2dbd477310b74b3e5e7c8a3fad3db2a773b0873c67ac159d4bd9,public_data/benchmark/gate0/temperature_sweep/models/1l5cA00_target_target_T0.05_1.pdb.gz,monomer,full_dbs,2020-05-14,ok,
1ktuA00|target|target|T0.3|7,1ktuA00|target|target,1ktuA00,0.3,target,0.7760991431139188,44.7320979020979,4.913248130245497,7.1706,file_order,66,143,0,e52e7a926f80f655c9a9c773abfea311cd6f29a1c618a80e2e4c1605c2fe21d9,public_data/benchmark/gate0/temperature_sweep/models/1ktuA00_target_target_T0.3_7.pdb.gz,monomer,full_dbs,2020-05-14,ok,
1l5cA00|target|target|T0.05|2,1l5cA00|target|target,1l5cA00,0.05,target,0.21533811605429432,40.57510869565217,10.937090189160061,12.8497,file_order,36,92,0,1d1392b3783e2dbd477310b74b3e5e7c8a3fad3db2a773b0873c67ac159d4bd9,public_data/benchmark/gate0/temperature_sweep/models/1l5cA00_target_target_T0.05_2.pdb.gz,monomer,full_dbs,2020-05-14,ok,
1l5cA00|target|target|T0.05|3,1l5cA00|target|target,1l5cA00,0.05,target,0.16683020898946063,38.854565217391304,10.949750020339751,12.4202,file_order,36,92,0,1d1392b3783e2dbd477310b74b3e5e7c8a3fad3db2a773b0873c67ac159d4bd9,public_data/benchmark/gate0/temperature_sweep/models/1l5cA00_target_target_T0.05_3.pdb.gz,monomer,full_dbs,2020-05-14,ok,
1l5cA00|target|target|T0.05|4,1l5cA00|target|target,1l5cA00,0.05,target,0.12201577778326488,45.02826086956522,10.654903604648151,13.5424,file_order,36,92,0,1d1392b3783e2dbd477310b74b3e5e7c8a3fad3db2a773b0873c67ac159d4bd9,public_data/benchmark/gate0/temperature_sweep/models/1l5cA00_target_target_T0.05_4.pdb.gz,monomer,full_dbs,2020-05-14,ok,
1l5cA00|target|target|T0.05|6,1l5cA00|target|target,1l5cA00,0.05,target,0.431520024277951,65.91076086956522,10.31357263548269,12.9357,file_order,36,92,0,1d1392b3783e2dbd477310b74b3e5e7c8a3fad3db2a773b0873c67ac159d4bd9,public_data/benchmark/gate0/temperature_sweep/models/1l5cA00_target_target_T0.05_6.pdb.gz,monomer,full_dbs,2020-05-14,ok,
1l5cA00|target|target|T0.1|0,1l5cA00|target|target,1l5cA00,0.1,target,0.1900684884998206,46.82184782608695,9.296928275007996,13.785,file_order,36,92,0,1d1392b3783e2dbd477310b74b3e5e7c8a3fad3db2a773b0873c67ac159d4bd9,public_data/benchmark/gate0/temperature_sweep/models/1l5cA00_target_target_T0.1_0.pdb.gz,monomer,full_dbs,2020-05-14,ok,
1l5cA00|target|target|T0.1|1,1l5cA00|target|target,1l5cA00,0.1,target,0.40298486046707943,54.25402173913044,10.914655951255149,13.3682,file_order,36,92,0,1d1392b3783e2dbd477310b74b3e5e7c8a3fad3db2a773b0873c67ac159d4bd9,public_data/benchmark/gate0/temperature_sweep/models/1l5cA00_target_target_T0.1_1.pdb.gz,monomer,full_dbs,2020-05-14,ok,
1l5cA00|target|target|T0.05|7,1l5cA00|target|target,1l5cA00,0.05,target,0.2127780090908147,50.88684782608696,8.06950689812557,13.0272,file_order,36,92,0,1d1392b3783e2dbd477310b74b3e5e7c8a3fad3db2a773b0873c67ac159d4bd9,public_data/benchmark/gate0/temperature_sweep/models/1l5cA00_target_target_T0.05_7.pdb.gz,monomer,full_dbs,2020-05-14,ok,
1l5cA00|target|target|T0.1|3,1l5cA00|target|target,1l5cA00,0.1,target,0.2698827777751688,35.08054347826087,11.10471529191037,13.5746,file_order,36,92,0,1d1392b3783e2dbd477310b74b3e5e7c8a3fad3db2a773b0873c67ac159d4bd9,public_data/benchmark/gate0/temperature_sweep/models/1l5cA00_target_target_T0.1_3.pdb.gz,monomer,full_dbs,2020-05-14,ok,
1l5cA00|target|target|T0.1|2,1l5cA00|target|target,1l5cA00,0.1,target,0.31198198740586114,49.65619565217391,8.491240536470427,13.1102,file_order,36,92,0,1d1392b3783e2dbd477310b74b3e5e7c8a3fad3db2a773b0873c67ac159d4bd9,public_data/benchmark/gate0/temperature_sweep/models/1l5cA00_target_target_T0.1_2.pdb.gz,monomer,full_dbs,2020-05-14,ok,
1l5cA00|target|target|T0.05|5,1l5cA00|target|target,1l5cA00,0.05,target,0.12795856551584456,51.88597826086957,12.394270963965788,15.0312,file_order,36,92,0,1d1392b3783e2dbd477310b74b3e5e7c8a3fad3db2a773b0873c67ac159d4bd9,public_data/benchmark/gate0/temperature_sweep/models/1l5cA00_target_target_T0.05_5.pdb.gz,monomer,full_dbs,2020-05-14,ok,
1l5cA00|target|target|T0.1|4,1l5cA00|target|target,1l5cA00,0.1,target,0.27548754743117077,61.9595652173913,5.2928466388637565,8.2709,file_order,36,92,0,1d1392b3783e2dbd477310b74b3e5e7c8a3fad3db2a773b0873c67ac159d4bd9,public_data/benchmark/gate0/temperature_sweep/models/1l5cA00_target_target_T0.1_4.pdb.gz,monomer,full_dbs,2020-05-14,ok,
1l5cA00|target|target|T0.1|6,1l5cA00|target|target,1l5cA00,0.1,target,0.280724727931195,55.62739130434783,10.030892103292587,14.9661,file_order,36,92,0,1d1392b3783e2dbd477310b74b3e5e7c8a3fad3db2a773b0873c67ac159d4bd9,public_data/benchmark/gate0/temperature_sweep/models/1l5cA00_target_target_T0.1_6.pdb.gz,monomer,full_dbs,2020-05-14,ok,
1l5cA00|target|target|T0.2|0,1l5cA00|target|target,1l5cA00,0.2,target,0.6112592953978954,68.69195652173913,2.5564926312118,5.0462,file_order,36,92,0,1d1392b3783e2dbd477310b74b3e5e7c8a3fad3db2a773b0873c67ac159d4bd9,public_data/benchmark/gate0/temperature_sweep/models/1l5cA00_target_target_T0.2_0.pdb.gz,monomer,full_dbs,2020-05-14,ok,
1l5cA00|target|target|T0.2|1,1l5cA00|target|target,1l5cA00,0.2,target,0.44436180164730105,56.80500000000001,10.488343041319403,13.8338,file_order,36,92,0,1d1392b3783e2dbd477310b74b3e5e7c8a3fad3db2a773b0873c67ac159d4bd9,public_data/benchmark/gate0/temperature_sweep/models/1l5cA00_target_target_T0.2_1.pdb.gz,monomer,full_dbs,2020-05-14,ok,
1l5cA00|target|target|T0.1|7,1l5cA00|target|target,1l5cA00,0.1,target,0.39985076566566446,53.70173913043479,7.052399711257842,8.0891,file_order,36,92,0,1d1392b3783e2dbd477310b74b3e5e7c8a3fad3db2a773b0873c67ac159d4bd9,public_data/benchmark/gate0/temperature_sweep/models/1l5cA00_target_target_T0.1_7.pdb.gz,monomer,full_dbs,2020-05-14,ok,
1l5cA00|target|target|T0.2|2,1l5cA00|target|target,1l5cA00,0.2,target,0.2045231019379381,40.38065217391304,7.055029931700322,11.2851,file_order,36,92,0,1d1392b3783e2dbd477310b74b3e5e7c8a3fad3db2a773b0873c67ac159d4bd9,public_data/benchmark/gate0/temperature_sweep/models/1l5cA00_target_target_T0.2_2.pdb.gz,monomer,full_dbs,2020-05-14,ok,
1l5cA00|target|target|T0.2|3,1l5cA00|target|target,1l5cA00,0.2,target,0.19788511393986988,59.13565217391304,13.824663537759994,16.8133,file_order,36,92,0,1d1392b3783e2dbd477310b74b3e5e7c8a3fad3db2a773b0873c67ac159d4bd9,public_data/benchmark/gate0/temperature_sweep/models/1l5cA00_target_target_T0.2_3.pdb.gz,monomer,full_dbs,2020-05-14,ok,
1l5cA00|target|target|T0.1|5,1l5cA00|target|target,1l5cA00,0.1,target,0.2258011666055764,62.95608695652174,14.679752850434474,16.1007,file_order,36,92,0,1d1392b3783e2dbd477310b74b3e5e7c8a3fad3db2a773b0873c67ac159d4bd9,public_data/benchmark/gate0/temperature_sweep/models/1l5cA00_target_target_T0.1_5.pdb.gz,monomer,full_dbs,2020-05-14,ok,
1l5cA00|target|target|T0.2|4,1l5cA00|target|target,1l5cA00,0.2,target,0.4134878587017802,42.438152173913046,9.627347562470774,16.2358,file_order,36,92,0,1d1392b3783e2dbd477310b74b3e5e7c8a3fad3db2a773b0873c67ac159d4bd9,public_data/benchmark/gate0/temperature_sweep/models/1l5cA00_target_target_T0.2_4.pdb.gz,monomer,full_dbs,2020-05-14,ok,
1l5cA00|target|target|T0.2|5,1l5cA00|target|target,1l5cA00,0.2,target,0.2860221653936879,62.86086956521739,11.101638092777616,13.0471,file_order,36,92,0,1d1392b3783e2dbd477310b74b3e5e7c8a3fad3db2a773b0873c67ac159d4bd9,public_data/benchmark/gate0/temperature_sweep/models/1l5cA00_target_target_T0.2_5.pdb.gz,monomer,full_dbs,2020-05-14,ok,
1l5cA00|target|target|T0.2|7,1l5cA00|target|target,1l5cA00,0.2,target,0.22127341911338907,45.76413043478261,14.34139402885544,18.005,file_order,36,92,0,1d1392b3783e2dbd477310b74b3e5e7c8a3fad3db2a773b0873c67ac159d4bd9,public_data/benchmark/gate0/temperature_sweep/models/1l5cA00_target_target_T0.2_7.pdb.gz,monomer,full_dbs,2020-05-14,ok,
1l5cA00|target|target|T0.2|6,1l5cA00|target|target,1l5cA00,0.2,target,0.15395488984288497,47.21369565217391,9.743366665388136,16.9596,file_order,36,92,0,1d1392b3783e2dbd477310b74b3e5e7c8a3fad3db2a773b0873c67ac159d4bd9,public_data/benchmark/gate0/temperature_sweep/models/1l5cA00_target_target_T0.2_6.pdb.gz,monomer,full_dbs,2020-05-14,ok,
1l5cA00|target|target|T0.3|1,1l5cA00|target|target,1l5cA00,0.3,target,0.12651015601595036,46.82836956521739,13.950458244527528,15.931,file_order,36,92,0,1d1392b3783e2dbd477310b74b3e5e7c8a3fad3db2a773b0873c67ac159d4bd9,public_data/benchmark/gate0/temperature_sweep/models/1l5cA00_target_target_T0.3_1.pdb.gz,monomer,full_dbs,2020-05-14,ok,
1l5cA00|target|target|T0.3|0,1l5cA00|target|target,1l5cA00,0.3,target,0.4610572926635054,65.70673913043478,3.074622836530197,4.8229,file_order,36,92,0,1d1392b3783e2dbd477310b74b3e5e7c8a3fad3db2a773b0873c67ac159d4bd9,public_data/benchmark/gate0/temperature_sweep/models/1l5cA00_target_target_T0.3_0.pdb.gz,monomer,full_dbs,2020-05-14,ok,
1l5cA00|target|target|T0.3|2,1l5cA00|target|target,1l5cA00,0.3,target,0.6778509377947672,51.85760869565217,14.97996178103151,22.107,file_order,36,92,0,1d1392b3783e2dbd477310b74b3e5e7c8a3fad3db2a773b0873c67ac159d4bd9,public_data/benchmark/gate0/temperature_sweep/models/1l5cA00_target_target_T0.3_2.pdb.gz,monomer,full_dbs,2020-05-14,ok,
1l5cA00|target|target|T0.3|3,1l5cA00|target|target,1l5cA00,0.3,target,0.300437080216122,54.123369565217395,8.399077944787205,12.7165,file_order,36,92,0,1d1392b3783e2dbd477310b74b3e5e7c8a3fad3db2a773b0873c67ac159d4bd9,public_data/benchmark/gate0/temperature_sweep/models/1l5cA00_target_target_T0.3_3.pdb.gz,monomer,full_dbs,2020-05-14,ok,
1l5cA00|target|target|T0.3|5,1l5cA00|target|target,1l5cA00,0.3,target,0.3766215306681548,41.90467391304348,9.31316488019104,13.2688,file_order,36,92,0,1d1392b3783e2dbd477310b74b3e5e7c8a3fad3db2a773b0873c67ac159d4bd9,public_data/benchmark/gate0/temperature_sweep/models/1l5cA00_target_target_T0.3_5.pdb.gz,monomer,full_dbs,2020-05-14,ok,
1l5cA00|target|target|T0.3|4,1l5cA00|target|target,1l5cA00,0.3,target,0.17958960299767235,52.46217391304347,10.41198522171192,13.7111,file_order,36,92,0,1d1392b3783e2dbd477310b74b3e5e7c8a3fad3db2a773b0873c67ac159d4bd9,public_data/benchmark/gate0/temperature_sweep/models/1l5cA00_target_target_T0.3_4.pdb.gz,monomer,full_dbs,2020-05-14,ok,
1nr3A00|target|target|T0.05|0,1nr3A00|target|target,1nr3A00,0.05,target,0.8848998780425821,75.94991803278688,31.006878564301918,36.7549,file_order,63,122,0,8e90f9d74e40ec1d0bb4d1d6a6486e059390ee17daca317f864e7c8d5f91dc2c,public_data/benchmark/gate0/temperature_sweep/models/1nr3A00_target_target_T0.05_0.pdb.gz,monomer,full_dbs,2020-05-14,ok,
1nr3A00|target|target|T0.05|1,1nr3A00|target|target,1nr3A00,0.05,target,0.857789354011301,49.78,11.34004135376685,15.1241,file_order,63,122,0,8e90f9d74e40ec1d0bb4d1d6a6486e059390ee17daca317f864e7c8d5f91dc2c,public_data/benchmark/gate0/temperature_sweep/models/1nr3A00_target_target_T0.05_1.pdb.gz,monomer,full_dbs,2020-05-14,ok,
1nr3A00|target|target|T0.05|2,1nr3A00|target|target,1nr3A00,0.05,target,0.8131819401892849,45.14016393442623,11.398687484559288,15.4385,file_order,63,122,0,8e90f9d74e40ec1d0bb4d1d6a6486e059390ee17daca317f864e7c8d5f91dc2c,public_data/benchmark/gate0/temperature_sweep/models/1nr3A00_target_target_T0.05_2.pdb.gz,monomer,full_dbs,2020-05-14,ok,
1nr3A00|target|target|T0.05|3,1nr3A00|target|target,1nr3A00,0.05,target,0.8775230450649121,48.81729508196722,15.125599763637437,18.9982,file_order,63,122,0,8e90f9d74e40ec1d0bb4d1d6a6486e059390ee17daca317f864e7c8d5f91dc2c,public_data/benchmark/gate0/temperature_sweep/models/1nr3A00_target_target_T0.05_3.pdb.gz,monomer,full_dbs,2020-05-14,ok,
1l5cA00|target|target|T0.3|6,1l5cA00|target|target,1l5cA00,0.3,target,0.07528108764950583,50.06684782608695,13.213026482283471,14.0507,file_order,36,92,0,1d1392b3783e2dbd477310b74b3e5e7c8a3fad3db2a773b0873c67ac159d4bd9,public_data/benchmark/gate0/temperature_sweep/models/1l5cA00_target_target_T0.3_6.pdb.gz,monomer,full_dbs,2020-05-14,ok,
1l5cA00|target|target|T0.3|7,1l5cA00|target|target,1l5cA00,0.3,target,0.3299832382622672,37.49673913043478,10.976831940138934,13.1777,file_order,36,92,0,1d1392b3783e2dbd477310b74b3e5e7c8a3fad3db2a773b0873c67ac159d4bd9,public_data/benchmark/gate0/temperature_sweep/models/1l5cA00_target_target_T0.3_7.pdb.gz,monomer,full_dbs,2020-05-14,ok,
1nr3A00|target|target|T0.05|6,1nr3A00|target|target,1nr3A00,0.05,target,0.8563837500622538,62.39327868852459,15.018887994986283,19.1042,file_order,63,122,0,8e90f9d74e40ec1d0bb4d1d6a6486e059390ee17daca317f864e7c8d5f91dc2c,public_data/benchmark/gate0/temperature_sweep/models/1nr3A00_target_target_T0.05_6.pdb.gz,monomer,full_dbs,2020-05-14,ok,
1nr3A00|target|target|T0.05|5,1nr3A00|target|target,1nr3A00,0.05,target,0.6620535552506923,47.39590163934427,13.229907961952446,12.9896,file_order,63,122,0,8e90f9d74e40ec1d0bb4d1d6a6486e059390ee17daca317f864e7c8d5f91dc2c,public_data/benchmark/gate0/temperature_sweep/models/1nr3A00_target_target_T0.05_5.pdb.gz,monomer,full_dbs,2020-05-14,ok,
1nr3A00|target|target|T0.05|7,1nr3A00|target|target,1nr3A00,0.05,target,0.8996887025122756,56.18598360655737,18.807090952064655,23.3047,file_order,63,122,0,8e90f9d74e40ec1d0bb4d1d6a6486e059390ee17daca317f864e7c8d5f91dc2c,public_data/benchmark/gate0/temperature_sweep/models/1nr3A00_target_target_T0.05_7.pdb.gz,monomer,full_dbs,2020-05-14,ok,
1nr3A00|target|target|T0.1|0,1nr3A00|target|target,1nr3A00,0.1,target,0.8537426792899767,65.75081967213114,28.036248698147986,31.6824,file_order,63,122,0,8e90f9d74e40ec1d0bb4d1d6a6486e059390ee17daca317f864e7c8d5f91dc2c,public_data/benchmark/gate0/temperature_sweep/models/1nr3A00_target_target_T0.1_0.pdb.gz,monomer,full_dbs,2020-05-14,ok,
1nr3A00|target|target|T0.1|1,1nr3A00|target|target,1nr3A00,0.1,target,0.661319596610356,46.002704918032784,11.469421594609639,13.6355,file_order,63,122,0,8e90f9d74e40ec1d0bb4d1d6a6486e059390ee17daca317f864e7c8d5f91dc2c,public_data/benchmark/gate0/temperature_sweep/models/1nr3A00_target_target_T0.1_1.pdb.gz,monomer,full_dbs,2020-05-14,ok,
1nr3A00|target|target|T0.05|4,1nr3A00|target|target,1nr3A00,0.05,target,0.9101184421241871,52.658114754098364,13.890952536729351,14.2902,file_order,63,122,0,8e90f9d74e40ec1d0bb4d1d6a6486e059390ee17daca317f864e7c8d5f91dc2c,public_data/benchmark/gate0/temperature_sweep/models/1nr3A00_target_target_T0.05_4.pdb.gz,monomer,full_dbs,2020-05-14,ok,
1nr3A00|target|target|T0.1|3,1nr3A00|target|target,1nr3A00,0.1,target,0.8136795175798966,48.170901639344265,10.99672020077468,14.3245,file_order,63,122,0,8e90f9d74e40ec1d0bb4d1d6a6486e059390ee17daca317f864e7c8d5f91dc2c,public_data/benchmark/gate0/temperature_sweep/models/1nr3A00_target_target_T0.1_3.pdb.gz,monomer,full_dbs,2020-05-14,ok,
1nr3A00|target|target|T0.1|2,1nr3A00|target|target,1nr3A00,0.1,target,0.8370435949604322,46.47754098360656,14.17647871196229,17.5982,file_order,63,122,0,8e90f9d74e40ec1d0bb4d1d6a6486e059390ee17daca317f864e7c8d5f91dc2c,public_data/benchmark/gate0/temperature_sweep/models/1nr3A00_target_target_T0.1_2.pdb.gz,monomer,full_dbs,2020-05-14,ok,
1nr3A00|target|target|T0.1|4,1nr3A00|target|target,1nr3A00,0.1,target,0.8343424621099841,54.19573770491803,13.59982464826493,16.488,file_order,63,122,0,8e90f9d74e40ec1d0bb4d1d6a6486e059390ee17daca317f864e7c8d5f91dc2c,public_data/benchmark/gate0/temperature_sweep/models/1nr3A00_target_target_T0.1_4.pdb.gz,monomer,full_dbs,2020-05-14,ok,
1nr3A00|target|target|T0.1|7,1nr3A00|target|target,1nr3A00,0.1,target,0.9247372688993356,71.5310655737705,29.389378805559137,33.886,file_order,63,122,0,8e90f9d74e40ec1d0bb4d1d6a6486e059390ee17daca317f864e7c8d5f91dc2c,public_data/benchmark/gate0/temperature_sweep/models/1nr3A00_target_target_T0.1_7.pdb.gz,monomer,full_dbs,2020-05-14,ok,
1nr3A00|target|target|T0.1|6,1nr3A00|target|target,1nr3A00,0.1,target,0.7869914780509818,54.74049180327869,10.229340308983641,14.4698,file_order,63,122,0,8e90f9d74e40ec1d0bb4d1d6a6486e059390ee17daca317f864e7c8d5f91dc2c,public_data/benchmark/gate0/temperature_sweep/models/1nr3A00_target_target_T0.1_6.pdb.gz,monomer,full_dbs,2020-05-14,ok,
1nr3A00|target|target|T0.1|5,1nr3A00|target|target,1nr3A00,0.1,target,0.7441289977023618,44.33204918032787,13.324679910499173,13.1641,file_order,63,122,0,8e90f9d74e40ec1d0bb4d1d6a6486e059390ee17daca317f864e7c8d5f91dc2c,public_data/benchmark/gate0/temperature_sweep/models/1nr3A00_target_target_T0.1_5.pdb.gz,monomer,full_dbs,2020-05-14,ok,
1nr3A00|target|target|T0.2|1,1nr3A00|target|target,1nr3A00,0.2,target,0.5721165302514042,41.72540983606557,13.236023672719911,15.6501,file_order,63,122,0,8e90f9d74e40ec1d0bb4d1d6a6486e059390ee17daca317f864e7c8d5f91dc2c,public_data/benchmark/gate0/temperature_sweep/models/1nr3A00_target_target_T0.2_1.pdb.gz,monomer,full_dbs,2020-05-14,ok,
1nr3A00|target|target|T0.2|2,1nr3A00|target|target,1nr3A00,0.2,target,0.8224615829194448,54.58967213114754,11.811972827178291,12.7617,file_order,63,122,0,8e90f9d74e40ec1d0bb4d1d6a6486e059390ee17daca317f864e7c8d5f91dc2c,public_data/benchmark/gate0/temperature_sweep/models/1nr3A00_target_target_T0.2_2.pdb.gz,monomer,full_dbs,2020-05-14,ok,
1nr3A00|target|target|T0.2|0,1nr3A00|target|target,1nr3A00,0.2,target,0.793780993253321,42.25811475409836,15.26019768854897,19.7094,file_order,63,122,0,8e90f9d74e40ec1d0bb4d1d6a6486e059390ee17daca317f864e7c8d5f91dc2c,public_data/benchmark/gate0/temperature_sweep/models/1nr3A00_target_target_T0.2_0.pdb.gz,monomer,full_dbs,2020-05-14,ok,
1nr3A00|target|target|T0.2|5,1nr3A00|target|target,1nr3A00,0.2,target,0.7964515591256306,55.67811475409836,10.470873742352582,11.1447,file_order,63,122,0,8e90f9d74e40ec1d0bb4d1d6a6486e059390ee17daca317f864e7c8d5f91dc2c,public_data/benchmark/gate0/temperature_sweep/models/1nr3A00_target_target_T0.2_5.pdb.gz,monomer,full_dbs,2020-05-14,ok,
1nr3A00|target|target|T0.2|3,1nr3A00|target|target,1nr3A00,0.2,target,0.5070487133244382,56.91475409836066,12.367422026683814,13.5121,file_order,63,122,0,8e90f9d74e40ec1d0bb4d1d6a6486e059390ee17daca317f864e7c8d5f91dc2c,public_data/benchmark/gate0/temperature_sweep/models/1nr3A00_target_target_T0.2_3.pdb.gz,monomer,full_dbs,2020-05-14,ok,
1nr3A00|target|target|T0.2|4,1nr3A00|target|target,1nr3A00,0.2,target,0.8757502054525748,66.90270491803278,32.484790362799835,38.8663,file_order,63,122,0,8e90f9d74e40ec1d0bb4d1d6a6486e059390ee17daca317f864e7c8d5f91dc2c,public_data/benchmark/gate0/temperature_sweep/models/1nr3A00_target_target_T0.2_4.pdb.gz,monomer,full_dbs,2020-05-14,ok,
1nr3A00|target|target|T0.2|6,1nr3A00|target|target,1nr3A00,0.2,target,0.7603184569422721,41.5172131147541,11.479330958745923,15.5408,file_order,63,122,0,8e90f9d74e40ec1d0bb4d1d6a6486e059390ee17daca317f864e7c8d5f91dc2c,public_data/benchmark/gate0/temperature_sweep/models/1nr3A00_target_target_T0.2_6.pdb.gz,monomer,full_dbs,2020-05-14,ok,
1nr3A00|target|target|T0.3|1,1nr3A00|target|target,1nr3A00,0.3,target,0.8156596078417442,44.65336065573771,12.465181379543305,16.8445,file_order,63,122,0,8e90f9d74e40ec1d0bb4d1d6a6486e059390ee17daca317f864e7c8d5f91dc2c,public_data/benchmark/gate0/temperature_sweep/models/1nr3A00_target_target_T0.3_1.pdb.gz,monomer,full_dbs,2020-05-14,ok,
1nr3A00|target|target|T0.3|2,1nr3A00|target|target,1nr3A00,0.3,target,0.5090973565703121,47.676475409836065,12.808007665597046,14.4712,file_order,63,122,0,8e90f9d74e40ec1d0bb4d1d6a6486e059390ee17daca317f864e7c8d5f91dc2c,public_data/benchmark/gate0/temperature_sweep/models/1nr3A00_target_target_T0.3_2.pdb.gz,monomer,full_dbs,2020-05-14,ok,
1nr3A00|target|target|T0.3|3,1nr3A00|target|target,1nr3A00,0.3,target,0.8248426888129405,36.59844262295082,13.743478087778147,17.2502,file_order,63,122,0,8e90f9d74e40ec1d0bb4d1d6a6486e059390ee17daca317f864e7c8d5f91dc2c,public_data/benchmark/gate0/temperature_sweep/models/1nr3A00_target_target_T0.3_3.pdb.gz,monomer,full_dbs,2020-05-14,ok,
1nr3A00|target|target|T0.3|0,1nr3A00|target|target,1nr3A00,0.3,target,0.857589258367183,80.34647540983607,32.005094298225465,37.9103,file_order,63,122,0,8e90f9d74e40ec1d0bb4d1d6a6486e059390ee17daca317f864e7c8d5f91dc2c,public_data/benchmark/gate0/temperature_sweep/models/1nr3A00_target_target_T0.3_0.pdb.gz,monomer,full_dbs,2020-05-14,ok,
1nr3A00|target|target|T0.3|4,1nr3A00|target|target,1nr3A00,0.3,target,0.6744094308156529,49.423442622950816,9.376807918663957,11.0189,file_order,63,122,0,8e90f9d74e40ec1d0bb4d1d6a6486e059390ee17daca317f864e7c8d5f91dc2c,public_data/benchmark/gate0/temperature_sweep/models/1nr3A00_target_target_T0.3_4.pdb.gz,monomer,full_dbs,2020-05-14,ok,
1nr3A00|target|target|T0.2|7,1nr3A00|target|target,1nr3A00,0.2,target,0.7150421057009897,42.2222131147541,7.40416270341479,9.3524,file_order,63,122,0,8e90f9d74e40ec1d0bb4d1d6a6486e059390ee17daca317f864e7c8d5f91dc2c,public_data/benchmark/gate0/temperature_sweep/models/1nr3A00_target_target_T0.2_7.pdb.gz,monomer,full_dbs,2020-05-14,ok,
1nr3A00|target|target|T0.3|7,1nr3A00|target|target,1nr3A00,0.3,target,0.5809214986394118,60.37565573770492,17.528825585363187,18.7318,file_order,63,122,0,8e90f9d74e40ec1d0bb4d1d6a6486e059390ee17daca317f864e7c8d5f91dc2c,public_data/benchmark/gate0/temperature_sweep/models/1nr3A00_target_target_T0.3_7.pdb.gz,monomer,full_dbs,2020-05-14,ok,
1nr3A00|target|target|T0.3|5,1nr3A00|target|target,1nr3A00,0.3,target,0.828832723353241,47.67237704918033,10.347677519680115,12.6632,file_order,63,122,0,8e90f9d74e40ec1d0bb4d1d6a6486e059390ee17daca317f864e7c8d5f91dc2c,public_data/benchmark/gate0/temperature_sweep/models/1nr3A00_target_target_T0.3_5.pdb.gz,monomer,full_dbs,2020-05-14,ok,
1nr3A00|target|target|T0.3|6,1nr3A00|target|target,1nr3A00,0.3,target,0.870668816881741,57.3977868852459,7.3532126204521795,10.1321,file_order,63,122,0,8e90f9d74e40ec1d0bb4d1d6a6486e059390ee17daca317f864e7c8d5f91dc2c,public_data/benchmark/gate0/temperature_sweep/models/1nr3A00_target_target_T0.3_6.pdb.gz,monomer,full_dbs,2020-05-14,ok,
1o8rA00|target|target|T0.05|2,1o8rA00|target|target,1o8rA00,0.05,target,0.509785984209225,57.78787234042553,19.204731234955766,21.3659,file_order,32,94,0,6fcf3ea0028aeb0f9d0d8fbf7a09b5c22e4466bdb8507ff3b2a263d8f9bc6dc2,public_data/benchmark/gate0/temperature_sweep/models/1o8rA00_target_target_T0.05_2.pdb.gz,monomer,full_dbs,2020-05-14,ok,
1o8rA00|target|target|T0.05|1,1o8rA00|target|target,1o8rA00,0.05,target,0.6583995558751286,53.24776595744681,10.829441144574897,17.9208,file_order,32,94,0,6fcf3ea0028aeb0f9d0d8fbf7a09b5c22e4466bdb8507ff3b2a263d8f9bc6dc2,public_data/benchmark/gate0/temperature_sweep/models/1o8rA00_target_target_T0.05_1.pdb.gz,monomer,full_dbs,2020-05-14,ok,
1o8rA00|target|target|T0.05|4,1o8rA00|target|target,1o8rA00,0.05,target,0.7124338290116411,52.95627659574468,1.543591755055388,12.8589,file_order,32,94,0,6fcf3ea0028aeb0f9d0d8fbf7a09b5c22e4466bdb8507ff3b2a263d8f9bc6dc2,public_data/benchmark/gate0/temperature_sweep/models/1o8rA00_target_target_T0.05_4.pdb.gz,monomer,full_dbs,2020-05-14,ok,
1o8rA00|target|target|T0.05|0,1o8rA00|target|target,1o8rA00,0.05,target,0.6326039783300037,63.966595744680845,12.91992790570702,18.6824,file_order,32,94,0,6fcf3ea0028aeb0f9d0d8fbf7a09b5c22e4466bdb8507ff3b2a263d8f9bc6dc2,public_data/benchmark/gate0/temperature_sweep/models/1o8rA00_target_target_T0.05_0.pdb.gz,monomer,full_dbs,2020-05-14,ok,
1o8rA00|target|target|T0.05|6,1o8rA00|target|target,1o8rA00,0.05,target,0.4863863442750474,53.62287234042553,12.079124642964775,19.8464,file_order,32,94,0,6fcf3ea0028aeb0f9d0d8fbf7a09b5c22e4466bdb8507ff3b2a263d8f9bc6dc2,public_data/benchmark/gate0/temperature_sweep/models/1o8rA00_target_target_T0.05_6.pdb.gz,monomer,full_dbs,2020-05-14,ok,
1o8rA00|target|target|T0.05|3,1o8rA00|target|target,1o8rA00,0.05,target,0.7287095291282601,58.18170212765958,19.461749980040487,21.4975,file_order,32,94,0,6fcf3ea0028aeb0f9d0d8fbf7a09b5c22e4466bdb8507ff3b2a263d8f9bc6dc2,public_data/benchmark/gate0/temperature_sweep/models/1o8rA00_target_target_T0.05_3.pdb.gz,monomer,full_dbs,2020-05-14,ok,
1o8rA00|target|target|T0.05|5,1o8rA00|target|target,1o8rA00,0.05,target,0.5156332006065616,48.97287234042553,5.211872180855189,13.0464,file_order,32,94,0,6fcf3ea0028aeb0f9d0d8fbf7a09b5c22e4466bdb8507ff3b2a263d8f9bc6dc2,public_data/benchmark/gate0/temperature_sweep/models/1o8rA00_target_target_T0.05_5.pdb.gz,monomer,full_dbs,2020-05-14,ok,
1o8rA00|target|target|T0.05|7,1o8rA00|target|target,1o8rA00,0.05,target,0.6883336442792994,57.31765957446808,17.820533839010274,23.7985,file_order,32,94,0,6fcf3ea0028aeb0f9d0d8fbf7a09b5c22e4466bdb8507ff3b2a263d8f9bc6dc2,public_data/benchmark/gate0/temperature_sweep/models/1o8rA00_target_target_T0.05_7.pdb.gz,monomer,full_dbs,2020-05-14,ok,
1o8rA00|target|target|T0.1|2,1o8rA00|target|target,1o8rA00,0.1,target,0.6458509920721172,60.44265957446808,18.227840727304017,22.7852,file_order,32,94,0,6fcf3ea0028aeb0f9d0d8fbf7a09b5c22e4466bdb8507ff3b2a263d8f9bc6dc2,public_data/benchmark/gate0/temperature_sweep/models/1o8rA00_target_target_T0.1_2.pdb.gz,monomer,full_dbs,2020-05-14,ok,
1o8rA00|target|target|T0.1|3,1o8rA00|target|target,1o8rA00,0.1,target,0.6579208637039554,54.55776595744681,14.807307012175583,18.7977,file_order,32,94,0,6fcf3ea0028aeb0f9d0d8fbf7a09b5c22e4466bdb8507ff3b2a263d8f9bc6dc2,public_data/benchmark/gate0/temperature_sweep/models/1o8rA00_target_target_T0.1_3.pdb.gz,monomer,full_dbs,2020-05-14,ok,
1o8rA00|target|target|T0.1|4,1o8rA00|target|target,1o8rA00,0.1,target,0.7071748195508474,61.836063829787236,13.767260729281702,18.8788,file_order,32,94,0,6fcf3ea0028aeb0f9d0d8fbf7a09b5c22e4466bdb8507ff3b2a263d8f9bc6dc2,public_data/benchmark/gate0/temperature_sweep/models/1o8rA00_target_target_T0.1_4.pdb.gz,monomer,full_dbs,2020-05-14,ok,
1o8rA00|target|target|T0.1|0,1o8rA00|target|target,1o8rA00,0.1,target,0.5922299290919214,54.57053191489362,12.105762533210068,16.8133,file_order,32,94,0,6fcf3ea0028aeb0f9d0d8fbf7a09b5c22e4466bdb8507ff3b2a263d8f9bc6dc2,public_data/benchmark/gate0/temperature_sweep/models/1o8rA00_target_target_T0.1_0.pdb.gz,monomer,full_dbs,2020-05-14,ok,
1o8rA00|target|target|T0.1|6,1o8rA00|target|target,1o8rA00,0.1,target,0.6583995558751286,52.837553191489356,8.643032733198476,16.8417,file_order,32,94,0,6fcf3ea0028aeb0f9d0d8fbf7a09b5c22e4466bdb8507ff3b2a263d8f9bc6dc2,public_data/benchmark/gate0/temperature_sweep/models/1o8rA00_target_target_T0.1_6.pdb.gz,monomer,full_dbs,2020-05-14,ok,
1o8rA00|target|target|T0.1|1,1o8rA00|target|target,1o8rA00,0.1,target,0.7621822091754328,57.51074468085107,10.22898813946628,15.7928,file_order,32,94,0,6fcf3ea0028aeb0f9d0d8fbf7a09b5c22e4466bdb8507ff3b2a263d8f9bc6dc2,public_data/benchmark/gate0/temperature_sweep/models/1o8rA00_target_target_T0.1_1.pdb.gz,monomer,full_dbs,2020-05-14,ok,
1o8rA00|target|target|T0.1|5,1o8rA00|target|target,1o8rA00,0.1,target,0.7227808814150563,60.54255319148936,25.59165895570691,26.106,file_order,32,94,0,6fcf3ea0028aeb0f9d0d8fbf7a09b5c22e4466bdb8507ff3b2a263d8f9bc6dc2,public_data/benchmark/gate0/temperature_sweep/models/1o8rA00_target_target_T0.1_5.pdb.gz,monomer,full_dbs,2020-05-14,ok,
1o8rA00|target|target|T0.2|0,1o8rA00|target|target,1o8rA00,0.2,target,0.6191536488052185,51.52936170212766,4.808678799048525,12.8896,file_order,32,94,0,6fcf3ea0028aeb0f9d0d8fbf7a09b5c22e4466bdb8507ff3b2a263d8f9bc6dc2,public_data/benchmark/gate0/temperature_sweep/models/1o8rA00_target_target_T0.2_0.pdb.gz,monomer,full_dbs,2020-05-14,ok,
1o8rA00|target|target|T0.2|2,1o8rA00|target|target,1o8rA00,0.2,target,0.7206442560534669,57.38585106382979,18.871191900666503,23.0217,file_order,32,94,0,6fcf3ea0028aeb0f9d0d8fbf7a09b5c22e4466bdb8507ff3b2a263d8f9bc6dc2,public_data/benchmark/gate0/temperature_sweep/models/1o8rA00_target_target_T0.2_2.pdb.gz,monomer,full_dbs,2020-05-14,ok,
1o8rA00|target|target|T0.2|3,1o8rA00|target|target,1o8rA00,0.2,target,0.6365509944374981,63.53521276595745,9.634121715568579,17.269,file_order,32,94,0,6fcf3ea0028aeb0f9d0d8fbf7a09b5c22e4466bdb8507ff3b2a263d8f9bc6dc2,public_data/benchmark/gate0/temperature_sweep/models/1o8rA00_target_target_T0.2_3.pdb.gz,monomer,full_dbs,2020-05-14,ok,
1o8rA00|target|target|T0.2|1,1o8rA00|target|target,1o8rA00,0.2,target,0.5384346666415147,58.227659574468085,13.051004709157265,18.0084,file_order,32,94,0,6fcf3ea0028aeb0f9d0d8fbf7a09b5c22e4466bdb8507ff3b2a263d8f9bc6dc2,public_data/benchmark/gate0/temperature_sweep/models/1o8rA00_target_target_T0.2_1.pdb.gz,monomer,full_dbs,2020-05-14,ok,
1o8rA00|target|target|T0.1|7,1o8rA00|target|target,1o8rA00,0.1,target,0.4906393916833669,55.12946808510638,10.662444500283453,18.8981,file_order,32,94,0,6fcf3ea0028aeb0f9d0d8fbf7a09b5c22e4466bdb8507ff3b2a263d8f9bc6dc2,public_data/benchmark/gate0/temperature_sweep/models/1o8rA00_target_target_T0.1_7.pdb.gz,monomer,full_dbs,2020-05-14,ok,
1o8rA00|target|target|T0.2|4,1o8rA00|target|target,1o8rA00,0.2,target,0.6679046737125812,61.98276595744681,18.43889200693835,23.5374,file_order,32,94,0,6fcf3ea0028aeb0f9d0d8fbf7a09b5c22e4466bdb8507ff3b2a263d8f9bc6dc2,public_data/benchmark/gate0/temperature_sweep/models/1o8rA00_target_target_T0.2_4.pdb.gz,monomer,full_dbs,2020-05-14,ok,
1o8rA00|target|target|T0.2|5,1o8rA00|target|target,1o8rA00,0.2,target,0.5668317176859206,52.10340425531915,5.297751306686465,10.5867,file_order,32,94,0,6fcf3ea0028aeb0f9d0d8fbf7a09b5c22e4466bdb8507ff3b2a263d8f9bc6dc2,public_data/benchmark/gate0/temperature_sweep/models/1o8rA00_target_target_T0.2_5.pdb.gz,monomer,full_dbs,2020-05-14,ok,
1o8rA00|target|target|T0.3|0,1o8rA00|target|target,1o8rA00,0.3,target,0.5484643826183678,52.00021276595745,12.06378620371397,16.3574,file_order,32,94,0,6fcf3ea0028aeb0f9d0d8fbf7a09b5c22e4466bdb8507ff3b2a263d8f9bc6dc2,public_data/benchmark/gate0/temperature_sweep/models/1o8rA00_target_target_T0.3_0.pdb.gz,monomer,full_dbs,2020-05-14,ok,
1o8rA00|target|target|T0.3|1,1o8rA00|target|target,1o8rA00,0.3,target,0.4927664621610413,55.39627659574468,14.084948107947879,18.7866,file_order,32,94,0,6fcf3ea0028aeb0f9d0d8fbf7a09b5c22e4466bdb8507ff3b2a263d8f9bc6dc2,public_data/benchmark/gate0/temperature_sweep/models/1o8rA00_target_target_T0.3_1.pdb.gz,monomer,full_dbs,2020-05-14,ok,
1o8rA00|target|target|T0.3|2,1o8rA00|target|target,1o8rA00,0.3,target,0.518820890539655,46.04882978723404,7.289555268414056,12.1249,file_order,32,94,0,6fcf3ea0028aeb0f9d0d8fbf7a09b5c22e4466bdb8507ff3b2a263d8f9bc6dc2,public_data/benchmark/gate0/temperature_sweep/models/1o8rA00_target_target_T0.3_2.pdb.gz,monomer,full_dbs,2020-05-14,ok,
1o8rA00|target|target|T0.2|7,1o8rA00|target|target,1o8rA00,0.2,target,0.5065953621204484,40.73297872340426,9.582233188592372,17.34,file_order,32,94,0,6fcf3ea0028aeb0f9d0d8fbf7a09b5c22e4466bdb8507ff3b2a263d8f9bc6dc2,public_data/benchmark/gate0/temperature_sweep/models/1o8rA00_target_target_T0.2_7.pdb.gz,monomer,full_dbs,2020-05-14,ok,
1o8rA00|target|target|T0.3|3,1o8rA00|target|target,1o8rA00,0.3,target,0.7159083623135283,65.74468085106383,18.09890777147372,20.1376,file_order,32,94,0,6fcf3ea0028aeb0f9d0d8fbf7a09b5c22e4466bdb8507ff3b2a263d8f9bc6dc2,public_data/benchmark/gate0/temperature_sweep/models/1o8rA00_target_target_T0.3_3.pdb.gz,monomer,full_dbs,2020-05-14,ok,
1o8rA00|target|target|T0.3|4,1o8rA00|target|target,1o8rA00,0.3,target,0.507658975350731,56.86882978723404,17.940120473800473,22.1742,file_order,32,94,0,6fcf3ea0028aeb0f9d0d8fbf7a09b5c22e4466bdb8507ff3b2a263d8f9bc6dc2,public_data/benchmark/gate0/temperature_sweep/models/1o8rA00_target_target_T0.3_4.pdb.gz,monomer,full_dbs,2020-05-14,ok,
1o8rA00|target|target|T0.3|6,1o8rA00|target|target,1o8rA00,0.3,target,0.6569625147496505,55.956489361702126,11.565487301402456,16.5329,file_order,32,94,0,6fcf3ea0028aeb0f9d0d8fbf7a09b5c22e4466bdb8507ff3b2a263d8f9bc6dc2,public_data/benchmark/gate0/temperature_sweep/models/1o8rA00_target_target_T0.3_6.pdb.gz,monomer,full_dbs,2020-05-14,ok,
1o8rA00|target|target|T0.3|5,1o8rA00|target|target,1o8rA00,0.3,target,0.7625676546305594,62.17531914893617,20.247102006258167,21.535,file_order,32,94,0,6fcf3ea0028aeb0f9d0d8fbf7a09b5c22e4466bdb8507ff3b2a263d8f9bc6dc2,public_data/benchmark/gate0/temperature_sweep/models/1o8rA00_target_target_T0.3_5.pdb.gz,monomer,full_dbs,2020-05-14,ok,
1o8rA00|target|target|T0.3|7,1o8rA00|target|target,1o8rA00,0.3,target,0.6316144163986352,50.11893617021277,13.33663115351424,16.4048,file_order,32,94,0,6fcf3ea0028aeb0f9d0d8fbf7a09b5c22e4466bdb8507ff3b2a263d8f9bc6dc2,public_data/benchmark/gate0/temperature_sweep/models/1o8rA00_target_target_T0.3_7.pdb.gz,monomer,full_dbs,2020-05-14,ok,
2wejA00|target|target|T0.05|0,2wejA00|target|target,2wejA00,0.05,target,0.6572975277774722,96.01953667953669,0.5776107926858686,0.6955,file_order,117,259,1,e2c97e5cdcd67a724da70ff8f9cea3854f863c4c261a8a202d107ae24a434ca9,public_data/benchmark/gate0/temperature_sweep/models/2wejA00_target_target_T0.05_0.pdb.gz,monomer,full_dbs,2020-05-14,ok,
1o8rA00|target|target|T0.2|6,1o8rA00|target|target,1o8rA00,0.2,target,0.7480209631778236,52.420212765957444,9.582910108849427,16.9833,file_order,32,94,0,6fcf3ea0028aeb0f9d0d8fbf7a09b5c22e4466bdb8507ff3b2a263d8f9bc6dc2,public_data/benchmark/gate0/temperature_sweep/models/1o8rA00_target_target_T0.2_6.pdb.gz,monomer,full_dbs,2020-05-14,ok,
2wejA00|target|target|T0.05|2,2wejA00|target|target,2wejA00,0.05,target,0.668341840320129,96.68988416988417,0.5821537024406824,0.6834,file_order,117,259,1,e2c97e5cdcd67a724da70ff8f9cea3854f863c4c261a8a202d107ae24a434ca9,public_data/benchmark/gate0/temperature_sweep/models/2wejA00_target_target_T0.05_2.pdb.gz,monomer,full_dbs,2020-05-14,ok,
2wejA00|target|target|T0.05|3,2wejA00|target|target,2wejA00,0.05,target,0.6709043173001967,95.97254826254826,0.6010010568131914,0.6527,file_order,117,259,1,e2c97e5cdcd67a724da70ff8f9cea3854f863c4c261a8a202d107ae24a434ca9,public_data/benchmark/gate0/temperature_sweep/models/2wejA00_target_target_T0.05_3.pdb.gz,monomer,full_dbs,2020-05-14,ok,
2wejA00|target|target|T0.05|1,2wejA00|target|target,2wejA00,0.05,target,0.7383430998525661,96.88830115830116,0.5676603782754864,0.6323,file_order,117,259,1,e2c97e5cdcd67a724da70ff8f9cea3854f863c4c261a8a202d107ae24a434ca9,public_data/benchmark/gate0/temperature_sweep/models/2wejA00_target_target_T0.05_1.pdb.gz,monomer,full_dbs,2020-05-14,ok,
2wejA00|target|target|T0.05|4,2wejA00|target|target,2wejA00,0.05,target,0.6902056873464335,96.00895752895752,0.6277911245206148,0.7467,file_order,117,259,1,e2c97e5cdcd67a724da70ff8f9cea3854f863c4c261a8a202d107ae24a434ca9,public_data/benchmark/gate0/temperature_sweep/models/2wejA00_target_target_T0.05_4.pdb.gz,monomer,full_dbs,2020-05-14,ok,
2wejA00|target|target|T0.05|5,2wejA00|target|target,2wejA00,0.05,target,0.6734566691464182,95.0311583011583,0.5650044669247093,0.6418,file_order,117,259,1,e2c97e5cdcd67a724da70ff8f9cea3854f863c4c261a8a202d107ae24a434ca9,public_data/benchmark/gate0/temperature_sweep/models/2wejA00_target_target_T0.05_5.pdb.gz,monomer,full_dbs,2020-05-14,ok,
2wejA00|target|target|T0.05|6,2wejA00|target|target,2wejA00,0.05,target,0.6388077192800042,93.9326640926641,0.5829309513425539,0.8147,file_order,117,259,1,e2c97e5cdcd67a724da70ff8f9cea3854f863c4c261a8a202d107ae24a434ca9,public_data/benchmark/gate0/temperature_sweep/models/2wejA00_target_target_T0.05_6.pdb.gz,monomer,full_dbs,2020-05-14,ok,
2wejA00|target|target|T0.1|0,2wejA00|target|target,2wejA00,0.1,target,0.6142408123455243,95.60868725868727,0.5101406924469095,0.6569,file_order,117,259,1,e2c97e5cdcd67a724da70ff8f9cea3854f863c4c261a8a202d107ae24a434ca9,public_data/benchmark/gate0/temperature_sweep/models/2wejA00_target_target_T0.1_0.pdb.gz,monomer,full_dbs,2020-05-14,ok,
2wejA00|target|target|T0.05|7,2wejA00|target|target,2wejA00,0.05,target,0.66215126316724,95.26316602316602,0.5580907286282905,0.6172,file_order,117,259,1,e2c97e5cdcd67a724da70ff8f9cea3854f863c4c261a8a202d107ae24a434ca9,public_data/benchmark/gate0/temperature_sweep/models/2wejA00_target_target_T0.05_7.pdb.gz,monomer,full_dbs,2020-05-14,ok,
2wejA00|target|target|T0.1|1,2wejA00|target|target,2wejA00,0.1,target,0.6235294056153478,95.26247104247103,0.5436589642813783,0.6846,file_order,117,259,1,e2c97e5cdcd67a724da70ff8f9cea3854f863c4c261a8a202d107ae24a434ca9,public_data/benchmark/gate0/temperature_sweep/models/2wejA00_target_target_T0.1_1.pdb.gz,monomer,full_dbs,2020-05-14,ok,
2wejA00|target|target|T0.1|3,2wejA00|target|target,2wejA00,0.1,target,0.6238918699617475,95.73776061776063,0.6641742268699086,0.8045,file_order,117,259,1,e2c97e5cdcd67a724da70ff8f9cea3854f863c4c261a8a202d107ae24a434ca9,public_data/benchmark/gate0/temperature_sweep/models/2wejA00_target_target_T0.1_3.pdb.gz,monomer,full_dbs,2020-05-14,ok,
2wejA00|target|target|T0.1|4,2wejA00|target|target,2wejA00,0.1,target,0.6853971191904505,96.5896138996139,0.5865274349221833,0.763,file_order,117,259,1,e2c97e5cdcd67a724da70ff8f9cea3854f863c4c261a8a202d107ae24a434ca9,public_data/benchmark/gate0/temperature_sweep/models/2wejA00_target_target_T0.1_4.pdb.gz,monomer,full_dbs,2020-05-14,ok,
2wejA00|target|target|T0.1|5,2wejA00|target|target,2wejA00,0.1,target,0.5772527651413004,94.95814671814672,0.5590539258555202,0.6754,file_order,117,259,1,e2c97e5cdcd67a724da70ff8f9cea3854f863c4c261a8a202d107ae24a434ca9,public_data/benchmark/gate0/temperature_sweep/models/2wejA00_target_target_T0.1_5.pdb.gz,monomer,full_dbs,2020-05-14,ok,
2wejA00|target|target|T0.1|6,2wejA00|target|target,2wejA00,0.1,target,0.6652536613897342,95.86196911196912,0.5400614475451524,0.6469,file_order,117,259,1,e2c97e5cdcd67a724da70ff8f9cea3854f863c4c261a8a202d107ae24a434ca9,public_data/benchmark/gate0/temperature_sweep/models/2wejA00_target_target_T0.1_6.pdb.gz,monomer,full_dbs,2020-05-14,ok,
2wejA00|target|target|T0.1|2,2wejA00|target|target,2wejA00,0.1,target,0.6193512126192385,94.9750193050193,0.6546610487121253,0.7119,file_order,117,259,1,e2c97e5cdcd67a724da70ff8f9cea3854f863c4c261a8a202d107ae24a434ca9,public_data/benchmark/gate0/temperature_sweep/models/2wejA00_target_target_T0.1_2.pdb.gz,monomer,full_dbs,2020-05-14,ok,
2wejA00|target|target|T0.1|7,2wejA00|target|target,2wejA00,0.1,target,0.6202610443018375,95.38007722007721,0.6643958049963193,0.6681,file_order,117,259,1,e2c97e5cdcd67a724da70ff8f9cea3854f863c4c261a8a202d107ae24a434ca9,public_data/benchmark/gate0/temperature_sweep/models/2wejA00_target_target_T0.1_7.pdb.gz,monomer,full_dbs,2020-05-14,ok,
2wejA00|target|target|T0.2|0,2wejA00|target|target,2wejA00,0.2,target,0.649603611751984,95.29166023166023,0.6802670028165436,0.8033,file_order,117,259,1,e2c97e5cdcd67a724da70ff8f9cea3854f863c4c261a8a202d107ae24a434ca9,public_data/benchmark/gate0/temperature_sweep/models/2wejA00_target_target_T0.2_0.pdb.gz,monomer,full_dbs,2020-05-14,ok,
2wejA00|target|target|T0.2|1,2wejA00|target|target,2wejA00,0.2,target,0.6847307059464147,96.15138996138995,0.6279944324025303,0.6861,file_order,117,259,1,e2c97e5cdcd67a724da70ff8f9cea3854f863c4c261a8a202d107ae24a434ca9,public_data/benchmark/gate0/temperature_sweep/models/2wejA00_target_target_T0.2_1.pdb.gz,monomer,full_dbs,2020-05-14,ok,
2wejA00|target|target|T0.2|2,2wejA00|target|target,2wejA00,0.2,target,0.678698972952899,94.92359073359073,0.5457403034420868,0.6768,file_order,117,259,1,e2c97e5cdcd67a724da70ff8f9cea3854f863c4c261a8a202d107ae24a434ca9,public_data/benchmark/gate0/temperature_sweep/models/2wejA00_target_target_T0.2_2.pdb.gz,monomer,full_dbs,2020-05-14,ok,
2wejA00|target|target|T0.2|3,2wejA00|target|target,2wejA00,0.2,target,0.6269671822245744,95.23169884169883,0.5482653735413631,0.6607,file_order,117,259,1,e2c97e5cdcd67a724da70ff8f9cea3854f863c4c261a8a202d107ae24a434ca9,public_data/benchmark/gate0/temperature_sweep/models/2wejA00_target_target_T0.2_3.pdb.gz,monomer,full_dbs,2020-05-14,ok,
2wejA00|target|target|T0.2|4,2wejA00|target|target,2wejA00,0.2,target,0.6388077192800042,94.53942084942085,0.5836517029040502,0.7092,file_order,117,259,1,e2c97e5cdcd67a724da70ff8f9cea3854f863c4c261a8a202d107ae24a434ca9,public_data/benchmark/gate0/temperature_sweep/models/2wejA00_target_target_T0.2_4.pdb.gz,monomer,full_dbs,2020-05-14,ok,
2wejA00|target|target|T0.2|5,2wejA00|target|target,2wejA00,0.2,target,0.6469625539698688,95.74088803088803,0.5514457733170617,0.6584,file_order,117,259,1,e2c97e5cdcd67a724da70ff8f9cea3854f863c4c261a8a202d107ae24a434ca9,public_data/benchmark/gate0/temperature_sweep/models/2wejA00_target_target_T0.2_5.pdb.gz,monomer,full_dbs,2020-05-14,ok,
2wejA00|target|target|T0.2|6,2wejA00|target|target,2wejA00,0.2,target,0.6671425842684358,95.87718146718146,0.5307838534931449,0.62,file_order,117,259,1,e2c97e5cdcd67a724da70ff8f9cea3854f863c4c261a8a202d107ae24a434ca9,public_data/benchmark/gate0/temperature_sweep/models/2wejA00_target_target_T0.2_6.pdb.gz,monomer,full_dbs,2020-05-14,ok,
2wejA00|target|target|T0.2|7,2wejA00|target|target,2wejA00,0.2,target,0.7265409290308118,96.10355212355212,0.5528349952061575,0.6106,file_order,117,259,1,e2c97e5cdcd67a724da70ff8f9cea3854f863c4c261a8a202d107ae24a434ca9,public_data/benchmark/gate0/temperature_sweep/models/2wejA00_target_target_T0.2_7.pdb.gz,monomer,full_dbs,2020-05-14,ok,
2wejA00|target|target|T0.3|0,2wejA00|target|target,2wejA00,0.3,target,0.6892141351648422,95.08366795366794,0.5641607207512284,0.6548,file_order,117,259,1,e2c97e5cdcd67a724da70ff8f9cea3854f863c4c261a8a202d107ae24a434ca9,public_data/benchmark/gate0/temperature_sweep/models/2wejA00_target_target_T0.3_0.pdb.gz,monomer,full_dbs,2020-05-14,ok,
2wejA00|target|target|T0.3|1,2wejA00|target|target,2wejA00,0.3,target,0.700510444043723,95.97262548262549,0.4807893448827931,0.5747,file_order,117,259,1,e2c97e5cdcd67a724da70ff8f9cea3854f863c4c261a8a202d107ae24a434ca9,public_data/benchmark/gate0/temperature_sweep/models/2wejA00_target_target_T0.3_1.pdb.gz,monomer,full_dbs,2020-05-14,ok,
2wejA00|target|target|T0.3|3,2wejA00|target|target,2wejA00,0.3,target,0.6427181823910325,95.2438223938224,0.7269279790784422,0.9645,file_order,117,259,1,e2c97e5cdcd67a724da70ff8f9cea3854f863c4c261a8a202d107ae24a434ca9,public_data/benchmark/gate0/temperature_sweep/models/2wejA00_target_target_T0.3_3.pdb.gz,monomer,full_dbs,2020-05-14,ok,
2wejA00|target|target|T0.3|2,2wejA00|target|target,2wejA00,0.3,target,0.7236162761198995,96.43818532818534,0.5452539120560128,0.69,file_order,117,259,1,e2c97e5cdcd67a724da70ff8f9cea3854f863c4c261a8a202d107ae24a434ca9,public_data/benchmark/gate0/temperature_sweep/models/2wejA00_target_target_T0.3_2.pdb.gz,monomer,full_dbs,2020-05-14,ok,
2wejA00|target|target|T0.3|4,2wejA00|target|target,2wejA00,0.3,target,0.6559046266463915,95.83714285714285,0.5200956996882216,0.6084,file_order,117,259,1,e2c97e5cdcd67a724da70ff8f9cea3854f863c4c261a8a202d107ae24a434ca9,public_data/benchmark/gate0/temperature_sweep/models/2wejA00_target_target_T0.3_4.pdb.gz,monomer,full_dbs,2020-05-14,ok,
2wejA00|target|target|T0.3|5,2wejA00|target|target,2wejA00,0.3,target,0.6581667188449879,96.0288803088803,0.5511700068123498,0.6652,file_order,117,259,1,e2c97e5cdcd67a724da70ff8f9cea3854f863c4c261a8a202d107ae24a434ca9,public_data/benchmark/gate0/temperature_sweep/models/2wejA00_target_target_T0.3_5.pdb.gz,monomer,full_dbs,2020-05-14,ok,
2wejA00|target|target|T0.3|6,2wejA00|target|target,2wejA00,0.3,target,0.730207515832545,96.26463320463321,0.5565755294991245,0.6695,file_order,117,259,1,e2c97e5cdcd67a724da70ff8f9cea3854f863c4c261a8a202d107ae24a434ca9,public_data/benchmark/gate0/temperature_sweep/models/2wejA00_target_target_T0.3_6.pdb.gz,monomer,full_dbs,2020-05-14,ok,
2wejA00|target|target|T0.3|7,2wejA00|target|target,2wejA00,0.3,target,0.7263874819577293,96.01671814671815,0.5079598599087474,0.6413,file_order,117,259,1,e2c97e5cdcd67a724da70ff8f9cea3854f863c4c261a8a202d107ae24a434ca9,public_data/benchmark/gate0/temperature_sweep/models/2wejA00_target_target_T0.3_7.pdb.gz,monomer,full_dbs,2020-05-14,ok,
