target,arm,arm_label,replicate,n_designs,n_plddt,n_soluprot,n_backbones_observed,backbone_sources,mean_plddt,max_plddt,top5_mean_plddt,plddt_pass_rate_85,mean_soluprot,max_soluprot,top5_mean_soluprot,soluprot_pass_rate_0_5,mean_pairwise_identity
1kvdD00,rfd3_ensemble3,"RFD3 ensemble, 3 backbones",1,117,30,117,3,rfd3,60.03025925925926,70.32269841269841,66.10780952380952,0.0,0.340526431248798,0.6513007932641878,0.6031591019586555,0.1111111111111111,0.699516745493757
1kvdD00,rfd3_single,RFD3 selected backbone,1,120,30,120,1,rfd3,66.08648148148148,76.79920634920636,73.36339682539683,0.0,0.33692433974186503,0.5746753177287336,0.5379243725687599,0.041666666666666664,0.8304432884264817
1kvdD00,single,Single target backbone,1,120,30,120,1,target,53.09498701298701,61.73155844155843,60.00174025974026,0.0,0.8125593676323258,0.8741522611778302,0.8630112437158672,1.0,0.8121648659463786
2wejA00,rfd3_ensemble3,"RFD3 ensemble, 3 backbones",1,117,30,117,3,rfd3,95.77164857881138,97.15620155038765,96.98764341085273,1.0,0.7376369615754202,0.8035090529926239,0.791131224618052,1.0,0.706381355138372
2wejA00,rfd3_single,RFD3 selected backbone,1,120,30,120,1,rfd3,95.43891343669249,96.99999999999997,96.76134108527131,1.0,0.7277886268105956,0.7755909998562727,0.7661472748244056,1.0,0.7381576661672421
2wejA00,single,Single target backbone,1,120,30,120,1,target,97.6882467700258,97.86333333333326,97.83479069767432,1.0,0.7243832299065139,0.7697361033805435,0.7647081720259785,1.0,0.8348359498838296
3bukC01,rfd3_ensemble3,"RFD3 ensemble, 3 backbones",1,117,30,117,3,rfd3,91.48088888888888,94.08522522522517,93.64001801801801,1.0,0.7877670513162293,0.8980603093916841,0.8822510275163271,1.0,0.6152332704056842
3bukC01,rfd3_single,RFD3 selected backbone,1,120,30,120,1,rfd3,91.00463963963963,92.87162162162167,92.60839639639642,1.0,0.7970707836687823,0.8846393885091298,0.8701136610198914,1.0,0.7249097837333132
3bukC01,single,Single target backbone,1,120,30,120,1,target,95.18472955974842,96.6761635220126,96.45820125786163,1.0,0.5599948357606199,0.6532164075904178,0.6406870537417915,0.9833333333333333,0.7882396983950813
